Chave (RC+Item);RC;Item RC;Classificação;Tipo ;Cód. Mat.;Descrição;Valor;Grupo Comprador (Sistema);Ponto Focal;Coordenação;Gerência;Centro;Operação;Data Liberação;Status RC;Criado por;Carteira/ Categoria;Comprador Responsável(Real);WS;Tipo Detalhado;Escopo;É Projeto Complexo?;Cenário SLA;SLA Alvo;SLA Real;Etapa Atual;Área Cliente;Status detalhado (Observações);Data Início 2. Análise de Escopo;Dias em 02;Data Início 3. Estratégia de Sourcing;Dias em 03;Data Início 4. Envio RFX ao Mercado;Dias em 04;Data Início 5. Recebimento de Propostas;Dias em 05;Data Início 6. Equalização Técnica;Dias em 06;Data Início 7. EqualizaçãoComercial;Dias em 07;Data Início 8. Negociação Comercial e Jur.;Dias em 08;Data Início 9. Aprovação;Dias em 09;Data Início 10. Chancela de Minuta;Dias em 10;Data Início 11. Assinatura/Emissão pedido ou contratpo;Dias em 11;Data de Conclusão da RC;Tem Contrato?;Tem Preço Histórico?;Saving/ penalty;Cost Avoidance (Paramétrica);Valor 1ªProposta;Valor Negociado;CW;Contrato SAP/ Pedido;Fornecedor Contratado;Código fornecedor contratado;Vigência do Contrato;Paramétrica do Contrato;Netlex;Data da devolução para AT;Data retorno Supri;Início semana - Conclusão;Fim semana - Conclusão;Dias Úteis na semana;Item/dia;Número de funcionários ativos;Item/dia/comprador;RCs total;Item/comprador;Início semana - Entrada;Status RC2;Etapa_Num;Farol Risco SLA;Prazo Devolução;;
1300000110;13000001;10;Material;Contrato;180001;PARAFUSO INDUSTRIAL TESTE;R$ 583,75;A16;COMPRADOR FICTICIO 01;Compras Ágeis;Compras Ágeis;CZAR;Operação Norte;02/01/2026;Concluída;USUARIO.FICTICIO;G08 - Ferramentas Gerais;COMPRADOR FICTICIO 01;WS9100000001;Contrato - Concorrência;DADO FICTICIO PARA TESTE DE CONTRATUALIZACAO;Não;Materiais - Contrato <=1M;30;18;12. Concluída;Área Teste;Registro sintético para testar conexão, divergência e ambiguidade.;02/01/2026;2;04/01/2026;2;06/01/2026;2;08/01/2026;2;10/01/2026;2;12/01/2026;2;14/01/2026;2;16/01/2026;1;17/01/2026;1;18/01/2026;2;20/01/2026;Sim;Sim;5%;0%;R$ 612,94;R$ 583,75;CW90001;4504000001;FORNECEDOR FICTICIO 01 LTDA;590001;12 meses;IPCA;NL8001;;;20/01/2026;26/01/2026;5;0,2;10;0,02;1;0,1;02/01/2026;DENTRO;12;CONCLUÍDO;;;
1300000220;13000002;20;Serviço;Contrato;;SERVICO DE MANUTENCAO TESTE;R$ 667,50;G11;COMPRADOR FICTICIO 02;Compras Ágeis;Compras Ágeis;CZXR;Operação Sul;03/01/2026;Concluída;USUARIO.FICTICIO;G11 - Lub., Óleo e afins;COMPRADOR FICTICIO 02;WS9100000002;Contrato - Concorrência;DADO FICTICIO PARA TESTE DE CONTRATUALIZACAO;Não;Serviços - Contrato <=1M;30;18;12. Concluída;Área Teste;Registro sintético para testar conexão, divergência e ambiguidade.;03/01/2026;2;05/01/2026;2;07/01/2026;2;09/01/2026;2;11/01/2026;2;13/01/2026;2;15/01/2026;2;17/01/2026;1;18/01/2026;1;19/01/2026;2;21/01/2026;Sim;Sim;5%;0%;R$ 700,88;R$ 667,50;CW90002;4504000002;FORNECEDOR FICTICIO 02 LTDA;590002;12 meses;IPCA;NL8002;;;21/01/2026;27/01/2026;5;0,2;10;0,02;1;0,1;03/01/2026;DENTRO;12;CONCLUÍDO;;;
1300000330;13000003;30;Material;Spot;180003;FERRAMENTA MANUAL TESTE;R$ 751,25;G12;COMPRADOR FICTICIO 03;Compras Ágeis;Compras Ágeis;CZFB;Operação Central;04/01/2026;Concluída;USUARIO.FICTICIO;G12 - Mat. Terminais;COMPRADOR FICTICIO 03;WS9100000003;Spot - Concorrência;DADO FICTICIO PARA TESTE DE CONTRATUALIZACAO;Não;Materiais - Spot <=1M;30;18;12. Concluída;Área Teste;Registro sintético para testar conexão, divergência e ambiguidade.;04/01/2026;2;06/01/2026;2;08/01/2026;2;10/01/2026;2;12/01/2026;2;14/01/2026;2;16/01/2026;2;18/01/2026;1;19/01/2026;1;20/01/2026;2;22/01/2026;Não;Sim;5%;0%;R$ 788,81;R$ 751,25;CW90003;4504000003;FORNECEDOR FICTICIO 03 LTDA;590003;N/A;N/A;NL8003;;;22/01/2026;28/01/2026;5;0,2;10;0,02;1;0,1;04/01/2026;DENTRO;12;CONCLUÍDO;;;
1300000440;13000004;40;Serviço;Contrato;;SERVICO DE CONSULTORIA TESTE;R$ 835,00;G29;COMPRADOR FICTICIO 04;Compras Ágeis;Compras Ágeis;CTRD;Operação Norte;05/01/2026;Concluída;USUARIO.FICTICIO;G29 - EPIs;COMPRADOR FICTICIO 04;WS9100000004;Contrato - Concorrência;DADO FICTICIO PARA TESTE DE CONTRATUALIZACAO;Não;Serviços - Contrato <=1M;30;18;12. Concluída;Área Teste;Registro sintético para testar conexão, divergência e ambiguidade.;05/01/2026;2;07/01/2026;2;09/01/2026;2;11/01/2026;2;13/01/2026;2;15/01/2026;2;17/01/2026;2;19/01/2026;1;20/01/2026;1;21/01/2026;2;23/01/2026;Sim;Sim;5%;0%;R$ 876,75;R$ 835,00;CW90004;4504000004;FORNECEDOR FICTICIO 04 LTDA;590004;12 meses;IPCA;NL8004;;;23/01/2026;29/01/2026;5;0,2;10;0,02;1;0,1;05/01/2026;DENTRO;12;CONCLUÍDO;;;
1300000550;13000005;50;Material;Spot;180005;OLEO LUBRIFICANTE TESTE;R$ 918,75;G32;COMPRADOR FICTICIO 05;Compras Ágeis;Compras Ágeis;CLNC;Operação Sul;06/01/2026;Concluída;USUARIO.FICTICIO;G32 - Mão de Obra;COMPRADOR FICTICIO 05;WS9100000005;Spot - Concorrência;DADO FICTICIO PARA TESTE DE CONTRATUALIZACAO;Não;Materiais - Spot <=1M;30;18;12. Concluída;Área Teste;Registro sintético para testar conexão, divergência e ambiguidade.;06/01/2026;2;08/01/2026;2;10/01/2026;2;12/01/2026;2;14/01/2026;2;16/01/2026;2;18/01/2026;2;20/01/2026;1;21/01/2026;1;22/01/2026;2;24/01/2026;Não;Sim;5%;0%;R$ 964,69;R$ 918,75;CW90005;4504000005;FORNECEDOR FICTICIO 05 LTDA;590005;N/A;N/A;NL8005;;;24/01/2026;30/01/2026;5;0,2;10;0,02;1;0,1;06/01/2026;DENTRO;12;CONCLUÍDO;;;
1300000660;13000006;60;Material;Spot;180006;EPI DE SEGURANCA TESTE;R$ 1.002,50;A42;COMPRADOR FICTICIO 06;Compras Ágeis;Compras Ágeis;CT16;Operação Central;07/01/2026;Concluída;USUARIO.FICTICIO;G33 - Serv. de Oficinas;COMPRADOR FICTICIO 06;WS9100000006;Spot - Concorrência;DADO FICTICIO PARA TESTE DE CONTRATUALIZACAO;Não;Materiais - Spot <=1M;30;18;12. Concluída;Área Teste;Registro sintético para testar conexão, divergência e ambiguidade.;07/01/2026;2;09/01/2026;2;11/01/2026;2;13/01/2026;2;15/01/2026;2;17/01/2026;2;19/01/2026;2;21/01/2026;1;22/01/2026;1;23/01/2026;2;25/01/2026;Não;Sim;5%;0%;R$ 1.052,62;R$ 1.002,50;CW90006;4504000006;FORNECEDOR FICTICIO 06 LTDA;590006;N/A;N/A;NL8006;;;25/01/2026;31/01/2026;5;0,2;10;0,02;1;0,1;07/01/2026;DENTRO;12;CONCLUÍDO;;;
1300000770;13000007;70;Material;Contrato;180007;PARAFUSO INDUSTRIAL TESTE;R$ 1.086,25;G41;COMPRADOR FICTICIO 07;Compras Ágeis;Compras Ágeis;CTRV;Operação Norte;08/01/2026;Concluída;USUARIO.FICTICIO;G41 - Mat. Administrativo;COMPRADOR FICTICIO 07;WS9100000007;Contrato - Concorrência;DADO FICTICIO PARA TESTE DE CONTRATUALIZACAO;Não;Materiais - Contrato <=1M;30;18;12. Concluída;Área Teste;Registro sintético para testar conexão, divergência e ambiguidade.;08/01/2026;2;10/01/2026;2;12/01/2026;2;14/01/2026;2;16/01/2026;2;18/01/2026;2;20/01/2026;2;22/01/2026;1;23/01/2026;1;24/01/2026;2;26/01/2026;Sim;Sim;5%;0%;R$ 1.140,56;R$ 1.086,25;CW90007;4504000007;FORNECEDOR FICTICIO 07 LTDA;590007;12 meses;IPCA;NL8007;;;26/01/2026;01/02/2026;5;0,2;10;0,02;1;0,1;08/01/2026;DENTRO;12;CONCLUÍDO;;;
1300000880;13000008;80;Serviço;Contrato;;SERVICO DE MANUTENCAO TESTE;R$ 1.170,00;S15;COMPRADOR FICTICIO 08;Compras Ágeis;Compras Ágeis;CZAR;Operação Sul;09/01/2026;Concluída;USUARIO.FICTICIO;G11 - Lub., Óleo e afins;COMPRADOR FICTICIO 08;WS9100000008;Contrato - Concorrência;DADO FICTICIO PARA TESTE DE CONTRATUALIZACAO;Não;Serviços - Contrato <=1M;30;18;12. Concluída;Área Teste;Registro sintético para testar conexão, divergência e ambiguidade.;09/01/2026;2;11/01/2026;2;13/01/2026;2;15/01/2026;2;17/01/2026;2;19/01/2026;2;21/01/2026;2;23/01/2026;1;24/01/2026;1;25/01/2026;2;27/01/2026;Sim;Sim;5%;0%;R$ 1.228,50;R$ 1.170,00;CW90008;4504000008;FORNECEDOR FICTICIO 08 LTDA;590008;12 meses;IPCA;NL8008;;;27/01/2026;02/02/2026;5;0,2;10;0,02;1;0,1;09/01/2026;DENTRO;12;CONCLUÍDO;;;
1300000990;13000009;90;Material;Spot;180009;FERRAMENTA MANUAL TESTE;R$ 1.253,75;A62;COMPRADOR FICTICIO 09;Compras Ágeis;Compras Ágeis;CZXR;Operação Central;10/01/2026;Concluída;USUARIO.FICTICIO;R01 - Projetos Especiais;COMPRADOR FICTICIO 09;WS9100000009;Spot - Concorrência;DADO FICTICIO PARA TESTE DE CONTRATUALIZACAO;Não;Materiais - Spot <=1M;30;18;12. Concluída;Área Teste;Registro sintético para testar conexão, divergência e ambiguidade.;10/01/2026;2;12/01/2026;2;14/01/2026;2;16/01/2026;2;18/01/2026;2;20/01/2026;2;22/01/2026;2;24/01/2026;1;25/01/2026;1;26/01/2026;2;28/01/2026;Não;Sim;5%;0%;R$ 1.316,44;R$ 1.253,75;CW90009;4504000009;FORNECEDOR FICTICIO 09 LTDA;590009;N/A;N/A;NL8009;;;28/01/2026;03/02/2026;5;0,2;10;0,02;1;0,1;10/01/2026;DENTRO;12;CONCLUÍDO;;;
13000010100;13000010;100;Serviço;Contrato;;SERVICO DE CONSULTORIA TESTE;R$ 1.337,50;G08;COMPRADOR FICTICIO 10;Compras Ágeis;Compras Ágeis;CZFB;Operação Norte;11/01/2026;Concluída;USUARIO.FICTICIO;G08 - Ferramentas Gerais;COMPRADOR FICTICIO 10;WS9100000010;Contrato - Concorrência;DADO FICTICIO PARA TESTE DE CONTRATUALIZACAO;Não;Serviços - Contrato <=1M;30;18;12. Concluída;Área Teste;Registro sintético para testar conexão, divergência e ambiguidade.;11/01/2026;2;13/01/2026;2;15/01/2026;2;17/01/2026;2;19/01/2026;2;21/01/2026;2;23/01/2026;2;25/01/2026;1;26/01/2026;1;27/01/2026;2;29/01/2026;Sim;Sim;5%;0%;R$ 1.404,38;R$ 1.337,50;CW90010;4504000010;FORNECEDOR FICTICIO 10 LTDA;590010;12 meses;IPCA;NL8010;;;29/01/2026;04/02/2026;5;0,2;10;0,02;1;0,1;11/01/2026;DENTRO;12;CONCLUÍDO;;;
13000011110;13000011;110;Material;Contrato;180011;OLEO LUBRIFICANTE TESTE;R$ 1.421,25;A69;COMPRADOR FICTICIO 11;Compras Ágeis;Compras Ágeis;CTRD;Operação Sul;12/01/2026;Concluída;USUARIO.FICTICIO;G11 - Lub., Óleo e afins;COMPRADOR FICTICIO 11;WS9100000011;Contrato - Concorrência;DADO FICTICIO PARA TESTE DE CONTRATUALIZACAO;Não;Materiais - Contrato <=1M;30;18;12. Concluída;Área Teste;Registro sintético para testar conexão, divergência e ambiguidade.;12/01/2026;2;14/01/2026;2;16/01/2026;2;18/01/2026;2;20/01/2026;2;22/01/2026;2;24/01/2026;2;26/01/2026;1;27/01/2026;1;28/01/2026;2;30/01/2026;Sim;Sim;5%;0%;R$ 1.492,31;R$ 1.421,25;CW90011;4504000011;FORNECEDOR FICTICIO 11 LTDA;590011;12 meses;IPCA;NL8011;;;30/01/2026;05/02/2026;5;0,2;10;0,02;1;0,1;12/01/2026;DENTRO;12;CONCLUÍDO;;;
13000012120;13000012;120;Material;Spot;180012;EPI DE SEGURANCA TESTE;R$ 1.505,00;A16;COMPRADOR FICTICIO 12;Compras Ágeis;Compras Ágeis;CLNC;Operação Central;13/01/2026;Concluída;USUARIO.FICTICIO;G12 - Mat. Terminais;COMPRADOR FICTICIO 12;WS9100000012;Spot - Concorrência;DADO FICTICIO PARA TESTE DE CONTRATUALIZACAO;Não;Materiais - Spot <=1M;30;18;12. Concluída;Área Teste;Registro sintético para testar conexão, divergência e ambiguidade.;13/01/2026;2;15/01/2026;2;17/01/2026;2;19/01/2026;2;21/01/2026;2;23/01/2026;2;25/01/2026;2;27/01/2026;1;28/01/2026;1;29/01/2026;2;31/01/2026;Não;Sim;5%;0%;R$ 1.580,25;R$ 1.505,00;CW90012;4504000012;FORNECEDOR FICTICIO 12 LTDA;590012;N/A;N/A;NL8012;;;31/01/2026;06/02/2026;5;0,2;10;0,02;1;0,1;13/01/2026;DENTRO;12;CONCLUÍDO;;;
1300001310;13000013;10;Material;Contrato;180013;PARAFUSO INDUSTRIAL TESTE;R$ 1.588,75;G29;COMPRADOR FICTICIO 13;Compras Ágeis;Compras Ágeis;CT16;Operação Norte;14/01/2026;Concluída;USUARIO.FICTICIO;G29 - EPIs;COMPRADOR FICTICIO 13;WS9100000013;Contrato - Concorrência;DADO FICTICIO PARA TESTE DE CONTRATUALIZACAO;Não;Materiais - Contrato <=1M;30;18;12. Concluída;Área Teste;Registro sintético para testar conexão, divergência e ambiguidade.;14/01/2026;2;16/01/2026;2;18/01/2026;2;20/01/2026;2;22/01/2026;2;24/01/2026;2;26/01/2026;2;28/01/2026;1;29/01/2026;1;30/01/2026;2;01/02/2026;Sim;Sim;5%;0%;R$ 1.668,19;R$ 1.588,75;CW90013;4504000013;FORNECEDOR FICTICIO 13 LTDA;590013;12 meses;IPCA;NL8013;;;01/02/2026;07/02/2026;5;0,2;10;0,02;1;0,1;14/01/2026;DENTRO;12;CONCLUÍDO;;;
1300001420;13000014;20;Serviço;Contrato;;SERVICO DE MANUTENCAO TESTE;R$ 1.672,50;G32;COMPRADOR FICTICIO 14;Compras Ágeis;Compras Ágeis;CTRV;Operação Sul;15/01/2026;Concluída;USUARIO.FICTICIO;G32 - Mão de Obra;COMPRADOR FICTICIO 14;WS9100000014;Contrato - Concorrência;DADO FICTICIO PARA TESTE DE CONTRATUALIZACAO;Não;Serviços - Contrato <=1M;30;18;12. Concluída;Área Teste;Registro sintético para testar conexão, divergência e ambiguidade.;15/01/2026;2;17/01/2026;2;19/01/2026;2;21/01/2026;2;23/01/2026;2;25/01/2026;2;27/01/2026;2;29/01/2026;1;30/01/2026;1;31/01/2026;2;02/02/2026;Sim;Sim;5%;0%;R$ 1.756,12;R$ 1.672,50;CW90014;4504000014;FORNECEDOR FICTICIO 14 LTDA;590014;12 meses;IPCA;NL8014;;;02/02/2026;08/02/2026;5;0,2;10;0,02;1;0,1;15/01/2026;DENTRO;12;CONCLUÍDO;;;
1300001530;13000015;30;Material;Spot;180015;FERRAMENTA MANUAL TESTE;R$ 1.756,25;G33;COMPRADOR FICTICIO 15;Compras Ágeis;Compras Ágeis;CZAR;Operação Central;16/01/2026;Concluída;USUARIO.FICTICIO;G33 - Serv. de Oficinas;COMPRADOR FICTICIO 15;WS9100000015;Spot - Concorrência;DADO FICTICIO PARA TESTE DE CONTRATUALIZACAO;Não;Materiais - Spot <=1M;30;18;12. Concluída;Área Teste;Registro sintético para testar conexão, divergência e ambiguidade.;16/01/2026;2;18/01/2026;2;20/01/2026;2;22/01/2026;2;24/01/2026;2;26/01/2026;2;28/01/2026;2;30/01/2026;1;31/01/2026;1;01/02/2026;2;03/02/2026;Não;Sim;5%;0%;R$ 1.844,06;R$ 1.756,25;CW90015;4504000015;FORNECEDOR FICTICIO 15 LTDA;590015;N/A;N/A;NL8015;;;03/02/2026;09/02/2026;5;0,2;10;0,02;1;0,1;16/01/2026;DENTRO;12;CONCLUÍDO;;;
1300001640;13000016;40;Serviço;Contrato;;SERVICO DE CONSULTORIA TESTE;R$ 1.840,00;G41;COMPRADOR FICTICIO 16;Compras Ágeis;Compras Ágeis;CZXR;Operação Norte;17/01/2026;Concluída;USUARIO.FICTICIO;G41 - Mat. Administrativo;COMPRADOR FICTICIO 16;WS9100000016;Contrato - Concorrência;DADO FICTICIO PARA TESTE DE CONTRATUALIZACAO;Não;Serviços - Contrato <=1M;30;18;12. Concluída;Área Teste;Registro sintético para testar conexão, divergência e ambiguidade.;17/01/2026;2;19/01/2026;2;21/01/2026;2;23/01/2026;2;25/01/2026;2;27/01/2026;2;29/01/2026;2;31/01/2026;1;01/02/2026;1;02/02/2026;2;04/02/2026;Sim;Sim;5%;0%;R$ 1.932,00;R$ 1.840,00;CW90016;4504000016;FORNECEDOR FICTICIO 16 LTDA;590016;12 meses;IPCA;NL8016;;;04/02/2026;10/02/2026;5;0,2;10;0,02;1;0,1;17/01/2026;DENTRO;12;CONCLUÍDO;;;
1300001750;13000017;50;Material;Contrato;180017;OLEO LUBRIFICANTE TESTE;R$ 1.923,75;S15;COMPRADOR FICTICIO 17;Compras Ágeis;Compras Ágeis;CZFB;Operação Sul;18/01/2026;Concluída;USUARIO.FICTICIO;S15 - MSA - Manut. Loco;COMPRADOR FICTICIO 17;WS9100000017;Contrato - Concorrência;DADO FICTICIO PARA TESTE DE CONTRATUALIZACAO;Não;Materiais - Contrato <=1M;30;18;12. Concluída;Área Teste;Registro sintético para testar conexão, divergência e ambiguidade.;18/01/2026;2;20/01/2026;2;22/01/2026;2;24/01/2026;2;26/01/2026;2;28/01/2026;2;30/01/2026;2;01/02/2026;1;02/02/2026;1;03/02/2026;2;05/02/2026;Sim;Sim;5%;0%;R$ 2.019,94;R$ 1.923,75;CW90017;4504000017;FORNECEDOR FICTICIO 17 LTDA;590017;12 meses;IPCA;NL8017;;;05/02/2026;11/02/2026;5;0,2;10;0,02;1;0,1;18/01/2026;DENTRO;12;CONCLUÍDO;;;
1300001760;13000017;60;Material;Spot;180018;EPI DE SEGURANCA TESTE;R$ 2.007,50;A46;COMPRADOR FICTICIO 18;Compras Ágeis;Compras Ágeis;CTRD;Operação Central;19/01/2026;Concluída;USUARIO.FICTICIO;G12 - Mat. Terminais;COMPRADOR FICTICIO 18;WS9100000018;Spot - Concorrência;DADO FICTICIO PARA TESTE DE CONTRATUALIZACAO;Não;Materiais - Spot <=1M;30;18;12. Concluída;Área Teste;Registro sintético para testar conexão, divergência e ambiguidade.;19/01/2026;2;21/01/2026;2;23/01/2026;2;25/01/2026;2;27/01/2026;2;29/01/2026;2;31/01/2026;2;02/02/2026;1;03/02/2026;1;04/02/2026;2;06/02/2026;Não;Sim;5%;0%;R$ 2.107,88;R$ 2.007,50;CW90018;4504000018;FORNECEDOR FICTICIO 18 LTDA;590018;N/A;N/A;NL8018;;;06/02/2026;12/02/2026;5;0,2;10;0,02;1;0,1;19/01/2026;DENTRO;12;CONCLUÍDO;;;
1300001970;13000019;70;Material;Contrato;180019;PARAFUSO INDUSTRIAL TESTE;R$ 2.091,25;G08;COMPRADOR FICTICIO 19;Compras Ágeis;Compras Ágeis;CLNC;Operação Norte;20/01/2026;Concluída;USUARIO.FICTICIO;G08 - Ferramentas Gerais;COMPRADOR FICTICIO 19;WS9100000019;Contrato - Concorrência;DADO FICTICIO PARA TESTE DE CONTRATUALIZACAO;Não;Materiais - Contrato <=1M;30;18;12. Concluída;Área Teste;Registro sintético para testar conexão, divergência e ambiguidade.;20/01/2026;2;22/01/2026;2;24/01/2026;2;26/01/2026;2;28/01/2026;2;30/01/2026;2;01/02/2026;2;03/02/2026;1;04/02/2026;1;05/02/2026;2;07/02/2026;Sim;Sim;5%;0%;R$ 2.195,81;R$ 2.091,25;CW90019;4504000019;FORNECEDOR FICTICIO 19 LTDA;590019;12 meses;IPCA;NL8019;;;07/02/2026;13/02/2026;5;0,2;10;0,02;1;0,1;20/01/2026;DENTRO;12;CONCLUÍDO;;;
1300002080;13000020;80;Serviço;Contrato;;SERVICO DE MANUTENCAO TESTE;R$ 2.175,00;A62;COMPRADOR FICTICIO 20;Compras Ágeis;Compras Ágeis;CT16;Operação Sul;21/01/2026;Concluída;USUARIO.FICTICIO;G11 - Lub., Óleo e afins;COMPRADOR FICTICIO 20;WS9100000020;Contrato - Concorrência;DADO FICTICIO PARA TESTE DE CONTRATUALIZACAO;Não;Serviços - Contrato <=1M;30;18;12. Concluída;Área Teste;Registro sintético para testar conexão, divergência e ambiguidade.;21/01/2026;2;23/01/2026;2;25/01/2026;2;27/01/2026;2;29/01/2026;2;31/01/2026;2;02/02/2026;2;04/02/2026;1;05/02/2026;1;06/02/2026;2;08/02/2026;Sim;Sim;5%;0%;R$ 2.283,75;R$ 2.175,00;CW90020;4504000020;FORNECEDOR FICTICIO 20 LTDA;590020;12 meses;IPCA;NL8020;;;08/02/2026;14/02/2026;5;0,2;10;0,02;1;0,1;21/01/2026;DENTRO;12;CONCLUÍDO;;;
1300002190;13000021;90;Material;Spot;180021;FERRAMENTA MANUAL TESTE;R$ 2.258,75;G12;COMPRADOR FICTICIO 01;Compras Ágeis;Compras Ágeis;CTRV;Operação Central;22/01/2026;Concluída;USUARIO.FICTICIO;G12 - Mat. Terminais;COMPRADOR FICTICIO 01;WS9100000021;Spot - Concorrência;DADO FICTICIO PARA TESTE DE CONTRATUALIZACAO;Não;Materiais - Spot <=1M;30;18;12. Concluída;Área Teste;Registro sintético para testar conexão, divergência e ambiguidade.;22/01/2026;2;24/01/2026;2;26/01/2026;2;28/01/2026;2;30/01/2026;2;01/02/2026;2;03/02/2026;2;05/02/2026;1;06/02/2026;1;07/02/2026;2;09/02/2026;Não;Sim;5%;0%;R$ 2.371,69;R$ 2.258,75;CW90021;4504000021;FORNECEDOR FICTICIO 01 LTDA;590001;N/A;N/A;NL8021;;;09/02/2026;15/02/2026;5;0,2;10;0,02;1;0,1;22/01/2026;DENTRO;12;CONCLUÍDO;;;
13000022100;13000022;100;Serviço;Contrato;;SERVICO DE CONSULTORIA TESTE;R$ 2.342,50;G29;COMPRADOR FICTICIO 02;Compras Ágeis;Compras Ágeis;CZAR;Operação Norte;23/01/2026;Concluída;USUARIO.FICTICIO;G29 - EPIs;COMPRADOR FICTICIO 02;WS9100000022;Contrato - Concorrência;DADO FICTICIO PARA TESTE DE CONTRATUALIZACAO;Não;Serviços - Contrato <=1M;30;18;12. Concluída;Área Teste;Registro sintético para testar conexão, divergência e ambiguidade.;23/01/2026;2;25/01/2026;2;27/01/2026;2;29/01/2026;2;31/01/2026;2;02/02/2026;2;04/02/2026;2;06/02/2026;1;07/02/2026;1;08/02/2026;2;10/02/2026;Sim;Sim;5%;0%;R$ 2.459,62;R$ 2.342,50;CW90022;4504000022;FORNECEDOR FICTICIO 02 LTDA;590002;12 meses;IPCA;NL8022;;;10/02/2026;16/02/2026;5;0,2;10;0,02;1;0,1;23/01/2026;DENTRO;12;CONCLUÍDO;;;
13000023110;13000023;110;Material;Contrato;180023;OLEO LUBRIFICANTE TESTE;R$ 2.426,25;A16;COMPRADOR FICTICIO 03;Compras Ágeis;Compras Ágeis;CZXR;Operação Sul;24/01/2026;Concluída;USUARIO.FICTICIO;G32 - Mão de Obra;COMPRADOR FICTICIO 03;WS9100000023;Contrato - Concorrência;DADO FICTICIO PARA TESTE DE CONTRATUALIZACAO;Não;Materiais - Contrato <=1M;30;18;12. Concluída;Área Teste;Registro sintético para testar conexão, divergência e ambiguidade.;24/01/2026;2;26/01/2026;2;28/01/2026;2;30/01/2026;2;01/02/2026;2;03/02/2026;2;05/02/2026;2;07/02/2026;1;08/02/2026;1;09/02/2026;2;11/02/2026;Sim;Sim;5%;0%;R$ 2.547,56;R$ 2.426,25;CW90023;4504000023;FORNECEDOR FICTICIO 03 LTDA;590003;12 meses;IPCA;NL8023;;;11/02/2026;17/02/2026;5;0,2;10;0,02;1;0,1;24/01/2026;DENTRO;12;CONCLUÍDO;;;
13000024120;13000024;120;Material;Spot;180024;EPI DE SEGURANCA TESTE;R$ 2.510,00;A19;COMPRADOR FICTICIO 04;Compras Ágeis;Compras Ágeis;CZFB;Operação Central;25/01/2026;Concluída;USUARIO.FICTICIO;G33 - Serv. de Oficinas;COMPRADOR FICTICIO 04;WS9100000024;Spot - Concorrência;DADO FICTICIO PARA TESTE DE CONTRATUALIZACAO;Não;Materiais - Spot <=1M;30;18;12. Concluída;Área Teste;Registro sintético para testar conexão, divergência e ambiguidade.;25/01/2026;2;27/01/2026;2;29/01/2026;2;31/01/2026;2;02/02/2026;2;04/02/2026;2;06/02/2026;2;08/02/2026;1;09/02/2026;1;10/02/2026;2;12/02/2026;Não;Sim;5%;0%;R$ 2.635,50;R$ 2.510,00;CW90024;4504000024;FORNECEDOR FICTICIO 04 LTDA;590004;N/A;N/A;NL8024;;;12/02/2026;18/02/2026;5;0,2;10;0,02;1;0,1;25/01/2026;DENTRO;12;CONCLUÍDO;;;
1300002510;13000025;10;Material;Spot;180025;PARAFUSO INDUSTRIAL TESTE;R$ 2.593,75;G41;COMPRADOR FICTICIO 05;Compras Ágeis;Compras Ágeis;CTRD;Operação Norte;26/01/2026;Concluída;USUARIO.FICTICIO;G41 - Mat. Administrativo;COMPRADOR FICTICIO 05;WS9100000025;Spot - Concorrência;DADO FICTICIO PARA TESTE DE CONTRATUALIZACAO;Não;Materiais - Spot <=1M;30;18;12. Concluída;Área Teste;Registro sintético para testar conexão, divergência e ambiguidade.;26/01/2026;2;28/01/2026;2;30/01/2026;2;01/02/2026;2;03/02/2026;2;05/02/2026;2;07/02/2026;2;09/02/2026;1;10/02/2026;1;11/02/2026;2;13/02/2026;Não;Sim;5%;0%;R$ 2.723,44;R$ 2.593,75;CW90025;4504000025;FORNECEDOR FICTICIO 05 LTDA;590005;N/A;N/A;NL8025;;;13/02/2026;19/02/2026;5;0,2;10;0,02;1;0,1;26/01/2026;DENTRO;12;CONCLUÍDO;;;
1300002620;13000026;20;Serviço;Contrato;;SERVICO DE MANUTENCAO TESTE;R$ 2.677,50;A23;COMPRADOR FICTICIO 06;Compras Ágeis;Compras Ágeis;CLNC;Operação Sul;27/01/2026;Concluída;USUARIO.FICTICIO;S15 - MSA - Manut. Loco;COMPRADOR FICTICIO 06;WS9100000026;Contrato - Concorrência;DADO FICTICIO PARA TESTE DE CONTRATUALIZACAO;Não;Serviços - Contrato <=1M;30;18;12. Concluída;Área Teste;Registro sintético para testar conexão, divergência e ambiguidade.;27/01/2026;2;29/01/2026;2;31/01/2026;2;02/02/2026;2;04/02/2026;2;06/02/2026;2;08/02/2026;2;10/02/2026;1;11/02/2026;1;12/02/2026;2;14/02/2026;Sim;Sim;5%;0%;R$ 2.811,38;R$ 2.677,50;CW90026;4504000026;FORNECEDOR FICTICIO 06 LTDA;590006;12 meses;IPCA;NL8026;;;14/02/2026;20/02/2026;5;0,2;10;0,02;1;0,1;27/01/2026;DENTRO;12;CONCLUÍDO;;;
1300002730;13000027;30;Material;Spot;180027;FERRAMENTA MANUAL TESTE;R$ 2.761,25;R01;COMPRADOR FICTICIO 07;Compras Ágeis;Compras Ágeis;CT16;Operação Central;28/01/2026;Concluída;USUARIO.FICTICIO;G12 - Mat. Terminais;COMPRADOR FICTICIO 07;WS9100000027;Spot - Concorrência;DADO FICTICIO PARA TESTE DE CONTRATUALIZACAO;Não;Materiais - Spot <=1M;30;18;12. Concluída;Área Teste;Registro sintético para testar conexão, divergência e ambiguidade.;28/01/2026;2;30/01/2026;2;01/02/2026;2;03/02/2026;2;05/02/2026;2;07/02/2026;2;09/02/2026;2;11/02/2026;1;12/02/2026;1;13/02/2026;2;15/02/2026;Não;Sim;5%;0%;R$ 2.899,31;R$ 2.761,25;CW90027;4504000027;FORNECEDOR FICTICIO 07 LTDA;590007;N/A;N/A;NL8027;;;15/02/2026;21/02/2026;5;0,2;10;0,02;1;0,1;28/01/2026;DENTRO;12;CONCLUÍDO;;;
1300002840;13000028;40;Serviço;Contrato;;SERVICO DE CONSULTORIA TESTE;R$ 2.845,00;A42;COMPRADOR FICTICIO 08;Compras Ágeis;Compras Ágeis;CTRV;Operação Norte;29/01/2026;Concluída;USUARIO.FICTICIO;G08 - Ferramentas Gerais;COMPRADOR FICTICIO 08;WS9100000028;Contrato - Concorrência;DADO FICTICIO PARA TESTE DE CONTRATUALIZACAO;Não;Serviços - Contrato <=1M;30;18;12. Concluída;Área Teste;Registro sintético para testar conexão, divergência e ambiguidade.;29/01/2026;2;31/01/2026;2;02/02/2026;2;04/02/2026;2;06/02/2026;2;08/02/2026;2;10/02/2026;2;12/02/2026;1;13/02/2026;1;14/02/2026;2;16/02/2026;Sim;Sim;5%;0%;R$ 2.987,25;R$ 2.845,00;CW90028;4504000028;FORNECEDOR FICTICIO 08 LTDA;590008;12 meses;IPCA;NL8028;;;16/02/2026;22/02/2026;5;0,2;10;0,02;1;0,1;29/01/2026;DENTRO;12;CONCLUÍDO;;;
1300002950;13000029;50;Material;Contrato;180029;OLEO LUBRIFICANTE TESTE;R$ 2.928,75;G11;COMPRADOR FICTICIO 09;Compras Ágeis;Compras Ágeis;CZAR;Operação Sul;30/01/2026;Concluída;USUARIO.FICTICIO;G11 - Lub., Óleo e afins;COMPRADOR FICTICIO 09;WS9100000029;Contrato - Concorrência;DADO FICTICIO PARA TESTE DE CONTRATUALIZACAO;Não;Materiais - Contrato <=1M;30;18;12. Concluída;Área Teste;Registro sintético para testar conexão, divergência e ambiguidade.;30/01/2026;2;01/02/2026;2;03/02/2026;2;05/02/2026;2;07/02/2026;2;09/02/2026;2;11/02/2026;2;13/02/2026;1;14/02/2026;1;15/02/2026;2;17/02/2026;Sim;Sim;5%;0%;R$ 3.075,19;R$ 2.928,75;CW90029;4504000029;FORNECEDOR FICTICIO 09 LTDA;590009;12 meses;IPCA;NL8029;;;17/02/2026;23/02/2026;5;0,2;10;0,02;1;0,1;30/01/2026;DENTRO;12;CONCLUÍDO;;;
1300003060;13000030;60;Material;Spot;180030;EPI DE SEGURANCA TESTE;R$ 3.012,50;G12;COMPRADOR FICTICIO 10;Compras Ágeis;Compras Ágeis;CZXR;Operação Central;31/01/2026;Concluída;USUARIO.FICTICIO;G12 - Mat. Terminais;COMPRADOR FICTICIO 10;WS9100000030;Spot - Concorrência;DADO FICTICIO PARA TESTE DE CONTRATUALIZACAO;Não;Materiais - Spot <=1M;30;18;12. Concluída;Área Teste;Registro sintético para testar conexão, divergência e ambiguidade.;31/01/2026;2;02/02/2026;2;04/02/2026;2;06/02/2026;2;08/02/2026;2;10/02/2026;2;12/02/2026;2;14/02/2026;1;15/02/2026;1;16/02/2026;2;18/02/2026;Não;Sim;5%;0%;R$ 3.163,12;R$ 3.012,50;CW90030;4504000030;FORNECEDOR FICTICIO 10 LTDA;590010;N/A;N/A;NL8030;;;18/02/2026;24/02/2026;5;0,2;10;0,02;1;0,1;31/01/2026;DENTRO;12;CONCLUÍDO;;;
1300003170;13000031;70;Material;Contrato;180031;PARAFUSO INDUSTRIAL TESTE;R$ 3.096,25;A62;COMPRADOR FICTICIO 11;Compras Ágeis;Compras Ágeis;CZFB;Operação Norte;01/02/2026;Concluída;USUARIO.FICTICIO;G29 - EPIs;COMPRADOR FICTICIO 11;WS9100000031;Contrato - Concorrência;DADO FICTICIO PARA TESTE DE CONTRATUALIZACAO;Não;Materiais - Contrato <=1M;30;18;12. Concluída;Área Teste;Registro sintético para testar conexão, divergência e ambiguidade.;01/02/2026;2;03/02/2026;2;05/02/2026;2;07/02/2026;2;09/02/2026;2;11/02/2026;2;13/02/2026;2;15/02/2026;1;16/02/2026;1;17/02/2026;2;19/02/2026;Sim;Sim;5%;0%;R$ 3.251,06;R$ 3.096,25;CW90031;4504000031;FORNECEDOR FICTICIO 11 LTDA;590011;12 meses;IPCA;NL8031;;;19/02/2026;25/02/2026;5;0,2;10;0,02;1;0,1;01/02/2026;DENTRO;12;CONCLUÍDO;;;
1300003280;13000032;80;Serviço;Contrato;;SERVICO DE MANUTENCAO TESTE;R$ 3.180,00;A64;COMPRADOR FICTICIO 12;Compras Ágeis;Compras Ágeis;CTRD;Operação Sul;02/02/2026;Concluída;USUARIO.FICTICIO;G32 - Mão de Obra;COMPRADOR FICTICIO 12;WS9100000032;Contrato - Concorrência;DADO FICTICIO PARA TESTE DE CONTRATUALIZACAO;Não;Serviços - Contrato <=1M;30;18;12. Concluída;Área Teste;Registro sintético para testar conexão, divergência e ambiguidade.;02/02/2026;2;04/02/2026;2;06/02/2026;2;08/02/2026;2;10/02/2026;2;12/02/2026;2;14/02/2026;2;16/02/2026;1;17/02/2026;1;18/02/2026;2;20/02/2026;Sim;Sim;5%;0%;R$ 3.339,00;R$ 3.180,00;CW90032;4504000032;FORNECEDOR FICTICIO 12 LTDA;590012;12 meses;IPCA;NL8032;;;20/02/2026;26/02/2026;5;0,2;10;0,02;1;0,1;02/02/2026;DENTRO;12;CONCLUÍDO;;;
1300003390;13000033;90;Material;Spot;180033;FERRAMENTA MANUAL TESTE;R$ 3.263,75;A69;COMPRADOR FICTICIO 13;Compras Ágeis;Compras Ágeis;CLNC;Operação Central;03/02/2026;Concluída;USUARIO.FICTICIO;G33 - Serv. de Oficinas;COMPRADOR FICTICIO 13;WS9100000033;Spot - Concorrência;DADO FICTICIO PARA TESTE DE CONTRATUALIZACAO;Não;Materiais - Spot <=1M;30;18;12. Concluída;Área Teste;Registro sintético para testar conexão, divergência e ambiguidade.;03/02/2026;2;05/02/2026;2;07/02/2026;2;09/02/2026;2;11/02/2026;2;13/02/2026;2;15/02/2026;2;17/02/2026;1;18/02/2026;1;19/02/2026;2;21/02/2026;Não;Sim;5%;0%;R$ 3.426,94;R$ 3.263,75;CW90033;4504000033 / 4504900033;FORNECEDOR FICTICIO 13 LTDA;590013;N/A;N/A;NL8033;;;21/02/2026;27/02/2026;5;0,2;10;0,02;1;0,1;03/02/2026;DENTRO;12;CONCLUÍDO;;;
13000034100;13000034;100;Serviço;Contrato;;SERVICO DE CONSULTORIA TESTE;R$ 3.347,50;G41;COMPRADOR FICTICIO 14;Compras Ágeis;Compras Ágeis;CT16;Operação Norte;04/02/2026;Concluída;USUARIO.FICTICIO;G41 - Mat. Administrativo;COMPRADOR FICTICIO 14;WS9100000034;Contrato - Concorrência;DADO FICTICIO PARA TESTE DE CONTRATUALIZACAO;Não;Serviços - Contrato <=1M;30;18;12. Concluída;Área Teste;Registro sintético para testar conexão, divergência e ambiguidade.;04/02/2026;2;06/02/2026;2;08/02/2026;2;10/02/2026;2;12/02/2026;2;14/02/2026;2;16/02/2026;2;18/02/2026;1;19/02/2026;1;20/02/2026;2;22/02/2026;Sim;Sim;5%;0%;R$ 3.514,88;R$ 3.347,50;CW90034;4504000034;FORNECEDOR FICTICIO 14 LTDA;590014;12 meses;IPCA;NL8034;;;22/02/2026;28/02/2026;5;0,2;10;0,02;1;0,1;04/02/2026;DENTRO;12;CONCLUÍDO;;;
13000035110;13000035;110;Material;Contrato;180035;OLEO LUBRIFICANTE TESTE;R$ 3.431,25;A19;COMPRADOR FICTICIO 15;Compras Ágeis;Compras Ágeis;CTRV;Operação Sul;05/02/2026;Concluída;USUARIO.FICTICIO;S15 - MSA - Manut. Loco;COMPRADOR FICTICIO 15;WS9100000035;Contrato - Concorrência;DADO FICTICIO PARA TESTE DE CONTRATUALIZACAO;Não;Materiais - Contrato <=1M;30;18;12. Concluída;Área Teste;Registro sintético para testar conexão, divergência e ambiguidade.;05/02/2026;2;07/02/2026;2;09/02/2026;2;11/02/2026;2;13/02/2026;2;15/02/2026;2;17/02/2026;2;19/02/2026;1;20/02/2026;1;21/02/2026;2;23/02/2026;Sim;Sim;5%;0%;R$ 3.602,81;R$ 3.431,25;CW90035;4504000035;FORNECEDOR FICTICIO 15 LTDA;590015;12 meses;IPCA;NL8035;;;23/02/2026;01/03/2026;5;0,2;10;0,02;1;0,1;05/02/2026;DENTRO;12;CONCLUÍDO;;;
13000036120;13000036;120;Material;Spot;180036;EPI DE SEGURANCA TESTE;R$ 3.515,00;N/D;COMPRADOR FICTICIO 16;Compras Ágeis;Compras Ágeis;CZAR;Operação Central;06/02/2026;Concluída;USUARIO.FICTICIO;R01 - Projetos Especiais;COMPRADOR FICTICIO 16;WS9100000036;Spot - Concorrência;DADO FICTICIO PARA TESTE DE CONTRATUALIZACAO;Não;Materiais - Spot <=1M;30;18;12. Concluída;Área Teste;Registro sintético para testar conexão, divergência e ambiguidade.;06/02/2026;2;08/02/2026;2;10/02/2026;2;12/02/2026;2;14/02/2026;2;16/02/2026;2;18/02/2026;2;20/02/2026;1;21/02/2026;1;22/02/2026;2;24/02/2026;Não;Sim;5%;0%;R$ 3.690,75;R$ 3.515,00;CW90036;4504000036;FORNECEDOR FICTICIO 16 LTDA;590016;N/A;N/A;NL8036;;;24/02/2026;02/03/2026;5;0,2;10;0,02;1;0,1;06/02/2026;DENTRO;12;CONCLUÍDO;;;
1300003710;13000037;10;Material;Contrato;180037;PARAFUSO INDUSTRIAL TESTE;R$ 3.598,75;G08;COMPRADOR FICTICIO 17;Compras Ágeis;Compras Ágeis;CZXR;Operação Norte;07/02/2026;Concluída;USUARIO.FICTICIO;G08 - Ferramentas Gerais;COMPRADOR FICTICIO 17;WS9100000037;Contrato - Concorrência;DADO FICTICIO PARA TESTE DE CONTRATUALIZACAO;Não;Materiais - Contrato <=1M;30;18;12. Concluída;Área Teste;Registro sintético para testar conexão, divergência e ambiguidade.;07/02/2026;2;09/02/2026;2;11/02/2026;2;13/02/2026;2;15/02/2026;2;17/02/2026;2;19/02/2026;2;21/02/2026;1;22/02/2026;1;23/02/2026;2;25/02/2026;Sim;Sim;5%;0%;R$ 3.778,69;R$ 3.598,75;CW90037;4504000037;FORNECEDOR FICTICIO 17 LTDA;590017;12 meses;IPCA;NL8037;;;25/02/2026;03/03/2026;5;0,2;10;0,02;1;0,1;07/02/2026;DENTRO;12;CONCLUÍDO;;;
1300003820;13000038;20;Serviço;Contrato;;SERVICO DE MANUTENCAO TESTE;R$ 3.682,50;A33;COMPRADOR FICTICIO 18;Compras Ágeis;Compras Ágeis;CZFB;Operação Sul;08/02/2026;Concluída;USUARIO.FICTICIO;G11 - Lub., Óleo e afins;COMPRADOR FICTICIO 18;WS9100000038;Contrato - Concorrência;DADO FICTICIO PARA TESTE DE CONTRATUALIZACAO;Não;Serviços - Contrato <=1M;30;18;12. Concluída;Área Teste;Registro sintético para testar conexão, divergência e ambiguidade.;08/02/2026;2;10/02/2026;2;12/02/2026;2;14/02/2026;2;16/02/2026;2;18/02/2026;2;20/02/2026;2;22/02/2026;1;23/02/2026;1;24/02/2026;2;26/02/2026;Sim;Sim;5%;0%;R$ 3.866,62;R$ 3.682,50;CW90038;4504000038;FORNECEDOR FICTICIO 18 LTDA;590018;12 meses;IPCA;NL8038;;;26/02/2026;04/03/2026;5;0,2;10;0,02;1;0,1;08/02/2026;DENTRO;12;CONCLUÍDO;;;
1300003930;13000039;30;Material;Spot;180039;FERRAMENTA MANUAL TESTE;R$ 3.766,25;G12;COMPRADOR FICTICIO 19;Compras Ágeis;Compras Ágeis;CTRD;Operação Central;09/02/2026;Concluída;USUARIO.FICTICIO;G12 - Mat. Terminais;COMPRADOR FICTICIO 19;WS9100000039;Spot - Concorrência;DADO FICTICIO PARA TESTE DE CONTRATUALIZACAO;Não;Materiais - Spot <=1M;30;18;12. Concluída;Área Teste;Registro sintético para testar conexão, divergência e ambiguidade.;09/02/2026;2;11/02/2026;2;13/02/2026;2;15/02/2026;2;17/02/2026;2;19/02/2026;2;21/02/2026;2;23/02/2026;1;24/02/2026;1;25/02/2026;2;27/02/2026;Não;Sim;5%;0%;R$ 3.954,56;R$ 3.766,25;CW90039;4504000039;FORNECEDOR FICTICIO 19 LTDA;590019;N/A;N/A;NL8039;;;27/02/2026;05/03/2026;5;0,2;10;0,02;1;0,1;09/02/2026;DENTRO;12;CONCLUÍDO;;;
1300004040;13000040;40;Serviço;Contrato;;SERVICO DE CONSULTORIA TESTE;R$ 3.850,00;G29;COMPRADOR FICTICIO 20;Compras Ágeis;Compras Ágeis;CLNC;Operação Norte;10/02/2026;Concluída;USUARIO.FICTICIO;G29 - EPIs;COMPRADOR FICTICIO 20;WS9100000040;Contrato - Concorrência;DADO FICTICIO PARA TESTE DE CONTRATUALIZACAO;Não;Serviços - Contrato <=1M;30;18;12. Concluída;Área Teste;Registro sintético para testar conexão, divergência e ambiguidade.;10/02/2026;2;12/02/2026;2;14/02/2026;2;16/02/2026;2;18/02/2026;2;20/02/2026;2;22/02/2026;2;24/02/2026;1;25/02/2026;1;26/02/2026;2;28/02/2026;Sim;Sim;5%;0%;R$ 4.042,50;R$ 3.850,00;CW90040;4504000040;FORNECEDOR FICTICIO 20 LTDA;590020;12 meses;IPCA;NL8040;;;28/02/2026;06/03/2026;5;0,2;10;0,02;1;0,1;10/02/2026;DENTRO;12;CONCLUÍDO;;;
1300004150;13000041;50;Material;Contrato;180041;OLEO LUBRIFICANTE TESTE;R$ 3.933,75;A53;COMPRADOR FICTICIO 01;Compras Ágeis;Compras Ágeis;CT16;Operação Sul;11/02/2026;Concluída;USUARIO.FICTICIO;G32 - Mão de Obra;COMPRADOR FICTICIO 01;WS9100000041;Contrato - Concorrência;DADO FICTICIO PARA TESTE DE CONTRATUALIZACAO;Não;Materiais - Contrato <=1M;30;18;12. Concluída;Área Teste;Registro sintético para testar conexão, divergência e ambiguidade.;11/02/2026;2;13/02/2026;2;15/02/2026;2;17/02/2026;2;19/02/2026;2;21/02/2026;2;23/02/2026;2;25/02/2026;1;26/02/2026;1;27/02/2026;2;01/03/2026;Sim;Sim;5%;0%;R$ 4.130,44;R$ 3.933,75;CW90041;4504000041;FORNECEDOR FICTICIO 01 LTDA;590001;12 meses;IPCA;NL8041;;;01/03/2026;07/03/2026;5;0,2;10;0,02;1;0,1;11/02/2026;DENTRO;12;CONCLUÍDO;;;
1300004260;13000042;60;Material;Spot;180042;EPI DE SEGURANCA TESTE;R$ 4.017,50;A62;COMPRADOR FICTICIO 02;Compras Ágeis;Compras Ágeis;CTRV;Operação Central;12/02/2026;Concluída;USUARIO.FICTICIO;G33 - Serv. de Oficinas;COMPRADOR FICTICIO 02;WS9100000042;Spot - Concorrência;DADO FICTICIO PARA TESTE DE CONTRATUALIZACAO;Não;Materiais - Spot <=1M;30;18;12. Concluída;Área Teste;Registro sintético para testar conexão, divergência e ambiguidade.;12/02/2026;2;14/02/2026;2;16/02/2026;2;18/02/2026;2;20/02/2026;2;22/02/2026;2;24/02/2026;2;26/02/2026;1;27/02/2026;1;28/02/2026;2;02/03/2026;Não;Sim;5%;0%;R$ 4.218,38;R$ 4.017,50;CW90042;4504000042;FORNECEDOR FICTICIO 02 LTDA;590002;N/A;N/A;NL8042;;;02/03/2026;08/03/2026;5;0,2;10;0,02;1;0,1;12/02/2026;DENTRO;12;CONCLUÍDO;;;
1300004370;13000043;70;Material;Contrato;180043;PARAFUSO INDUSTRIAL TESTE;R$ 4.101,25;G41;COMPRADOR FICTICIO 03;Compras Ágeis;Compras Ágeis;CZAR;Operação Norte;13/02/2026;Concluída;USUARIO.FICTICIO;G41 - Mat. Administrativo;COMPRADOR FICTICIO 03;WS9100000043;Contrato - Concorrência;DADO FICTICIO PARA TESTE DE CONTRATUALIZACAO;Não;Materiais - Contrato <=1M;30;18;12. Concluída;Área Teste;Registro sintético para testar conexão, divergência e ambiguidade.;13/02/2026;2;15/02/2026;2;17/02/2026;2;19/02/2026;2;21/02/2026;2;23/02/2026;2;25/02/2026;2;27/02/2026;1;28/02/2026;1;01/03/2026;2;03/03/2026;Sim;Sim;5%;0%;R$ 4.306,31;R$ 4.101,25;CW90043;4504000043;FORNECEDOR FICTICIO 03 LTDA;590003;12 meses;IPCA;NL8043;;;03/03/2026;09/03/2026;5;0,2;10;0,02;1;0,1;13/02/2026;DENTRO;12;CONCLUÍDO;;;
1300004480;13000044;80;Serviço;Spot;;SERVICO DE MANUTENCAO TESTE;R$ 4.185,00;S15;COMPRADOR FICTICIO 04;Compras Ágeis;Compras Ágeis;CZXR;Operação Sul;14/02/2026;Concluída;USUARIO.FICTICIO;S15 - MSA - Manut. Loco;COMPRADOR FICTICIO 04;WS9100000044;Spot - Concorrência;DADO FICTICIO PARA TESTE DE CONTRATUALIZACAO;Não;Serviços - Spot <=1M;30;18;12. Concluída;Área Teste;Registro sintético para testar conexão, divergência e ambiguidade.;14/02/2026;2;16/02/2026;2;18/02/2026;2;20/02/2026;2;22/02/2026;2;24/02/2026;2;26/02/2026;2;28/02/2026;1;01/03/2026;1;02/03/2026;2;04/03/2026;Não;Sim;5%;0%;R$ 4.394,25;R$ 4.185,00;CW90044;4504000044;FORNECEDOR FICTICIO 04 LTDA;590004;N/A;N/A;NL8044;;;04/03/2026;10/03/2026;5;0,2;10;0,02;1;0,1;14/02/2026;DENTRO;12;CONCLUÍDO;;;
1300004590;13000045;90;Material;Spot;180045;FERRAMENTA MANUAL TESTE;R$ 4.268,75;R01;COMPRADOR FICTICIO 05;Compras Ágeis;Compras Ágeis;CZFB;Operação Central;15/02/2026;Concluída;USUARIO.FICTICIO;G12 - Mat. Terminais;COMPRADOR FICTICIO 05;WS9100000045;Spot - Concorrência;DADO FICTICIO PARA TESTE DE CONTRATUALIZACAO;Não;Materiais - Spot <=1M;30;18;12. Concluída;Área Teste;Registro sintético para testar conexão, divergência e ambiguidade.;15/02/2026;2;17/02/2026;2;19/02/2026;2;21/02/2026;2;23/02/2026;2;25/02/2026;2;27/02/2026;2;01/03/2026;1;02/03/2026;1;03/03/2026;2;05/03/2026;Não;Sim;5%;0%;R$ 4.482,19;R$ 4.268,75;CW90045;4504000045;FORNECEDOR FICTICIO 05 LTDA;590005;N/A;N/A;NL8045;;;05/03/2026;11/03/2026;5;0,2;10;0,02;1;0,1;15/02/2026;DENTRO;12;CONCLUÍDO;;;
13000046100;13000046;100;Serviço;Contrato;;SERVICO DE CONSULTORIA TESTE;R$ 4.352,50;G08;COMPRADOR FICTICIO 06;Compras Ágeis;Compras Ágeis;CTRD;Operação Norte;16/02/2026;Concluída;USUARIO.FICTICIO;G08 - Ferramentas Gerais;COMPRADOR FICTICIO 06;WS9100000046;Contrato - Concorrência;DADO FICTICIO PARA TESTE DE CONTRATUALIZACAO;Não;Serviços - Contrato <=1M;30;18;12. Concluída;Área Teste;Registro sintético para testar conexão, divergência e ambiguidade.;16/02/2026;2;18/02/2026;2;20/02/2026;2;22/02/2026;2;24/02/2026;2;26/02/2026;2;28/02/2026;2;02/03/2026;1;03/03/2026;1;04/03/2026;2;06/03/2026;Sim;Sim;5%;0%;R$ 4.570,12;R$ 4.352,50;CW90046;4504000046;FORNECEDOR FICTICIO 06 LTDA;590006;12 meses;IPCA;NL8046;;;06/03/2026;12/03/2026;5;0,2;10;0,02;1;0,1;16/02/2026;DENTRO;12;CONCLUÍDO;;;
13000047110;13000047;110;Material;Spot;180047;OLEO LUBRIFICANTE TESTE;R$ 4.436,25;G11;COMPRADOR FICTICIO 07;Compras Ágeis;Compras Ágeis;CLNC;Operação Sul;17/02/2026;Concluída;USUARIO.FICTICIO;G11 - Lub., Óleo e afins;COMPRADOR FICTICIO 07;WS9100000047;Spot - Concorrência;DADO FICTICIO PARA TESTE DE CONTRATUALIZACAO;Não;Materiais - Spot <=1M;30;18;12. Concluída;Área Teste;Registro sintético para testar conexão, divergência e ambiguidade.;17/02/2026;2;19/02/2026;2;21/02/2026;2;23/02/2026;2;25/02/2026;2;27/02/2026;2;01/03/2026;2;03/03/2026;1;04/03/2026;1;05/03/2026;2;07/03/2026;Não;Sim;5%;0%;R$ 4.658,06;R$ 4.436,25;CW90047;4504000047;FORNECEDOR FICTICIO 07 LTDA;590007;N/A;N/A;NL8047;;;07/03/2026;13/03/2026;5;0,2;10;0,02;1;0,1;17/02/2026;DENTRO;12;CONCLUÍDO;;;
13000048120;13000048;120;Material;Spot;180048;EPI DE SEGURANCA TESTE;R$ 4.520,00;G12;COMPRADOR FICTICIO 08;Compras Ágeis;Compras Ágeis;CT16;Operação Central;18/02/2026;Concluída;USUARIO.FICTICIO;G12 - Mat. Terminais;COMPRADOR FICTICIO 08;WS9100000048;Spot - Concorrência;DADO FICTICIO PARA TESTE DE CONTRATUALIZACAO;Não;Materiais - Spot <=1M;30;18;12. Concluída;Área Teste;Registro sintético para testar conexão, divergência e ambiguidade.;18/02/2026;2;20/02/2026;2;22/02/2026;2;24/02/2026;2;26/02/2026;2;28/02/2026;2;02/03/2026;2;04/03/2026;1;05/03/2026;1;06/03/2026;2;08/03/2026;Não;Sim;5%;0%;R$ 4.746,00;R$ 4.520,00;CW90048;4504000048;FORNECEDOR FICTICIO 08 LTDA;590008;N/A;N/A;NL8048;;;08/03/2026;14/03/2026;5;0,2;10;0,02;1;0,1;18/02/2026;DENTRO;12;CONCLUÍDO;;;
1300004910;13000049;10;Material;Contrato;180049;PARAFUSO INDUSTRIAL TESTE;R$ 4.603,75;G29;COMPRADOR FICTICIO 09;Compras Ágeis;Compras Ágeis;CTRV;Operação Norte;19/02/2026;Concluída;USUARIO.FICTICIO;G29 - EPIs;COMPRADOR FICTICIO 09;WS9100000049;Contrato - Concorrência;DADO FICTICIO PARA TESTE DE CONTRATUALIZACAO;Não;Materiais - Contrato <=1M;30;18;12. Concluída;Área Teste;Registro sintético para testar conexão, divergência e ambiguidade.;19/02/2026;2;21/02/2026;2;23/02/2026;2;25/02/2026;2;27/02/2026;2;01/03/2026;2;03/03/2026;2;05/03/2026;1;06/03/2026;1;07/03/2026;2;09/03/2026;Sim;Sim;5%;0%;R$ 4.833,94;R$ 4.603,75;CW90049;4504000049;FORNECEDOR FICTICIO 09 LTDA;590009;12 meses;IPCA;NL8049;;;09/03/2026;15/03/2026;5;0,2;10;0,02;1;0,1;19/02/2026;DENTRO;12;CONCLUÍDO;;;
1300005020;13000050;20;Serviço;Contrato;;SERVICO DE MANUTENCAO TESTE;R$ 4.687,50;G32;COMPRADOR FICTICIO 10;Compras Ágeis;Compras Ágeis;CZAR;Operação Sul;20/02/2026;Concluída;USUARIO.FICTICIO;S15 - MSA - Manut. Loco;COMPRADOR FICTICIO 10;WS9100000050;Contrato - Concorrência;DADO FICTICIO PARA TESTE DE CONTRATUALIZACAO;Não;Serviços - Contrato <=1M;30;18;12. Concluída;Área Teste;Registro sintético para testar conexão, divergência e ambiguidade.;20/02/2026;2;22/02/2026;2;24/02/2026;2;26/02/2026;2;28/02/2026;2;02/03/2026;2;04/03/2026;2;06/03/2026;1;07/03/2026;1;08/03/2026;2;10/03/2026;Sim;Sim;5%;0%;R$ 4.921,88;R$ 4.687,50;CW90050;4504000050;FORNECEDOR FICTICIO 10 LTDA;590010;12 meses;IPCA;NL8050;;;10/03/2026;16/03/2026;5;0,2;10;0,02;1;0,1;20/02/2026;DENTRO;12;CONCLUÍDO;;;
1300005130;13000051;30;Material;Spot;180051;FERRAMENTA MANUAL TESTE;R$ 4.771,25;G33;COMPRADOR FICTICIO 11;Compras Ágeis;Compras Ágeis;CZXR;Operação Central;21/02/2026;Concluída;USUARIO.FICTICIO;G33 - Serv. de Oficinas;COMPRADOR FICTICIO 11;WS9100000051;Spot - Concorrência;DADO FICTICIO PARA TESTE DE CONTRATUALIZACAO;Não;Materiais - Spot <=1M;30;18;12. Concluída;Área Teste;Registro sintético para testar conexão, divergência e ambiguidade.;21/02/2026;2;23/02/2026;2;25/02/2026;2;27/02/2026;2;01/03/2026;2;03/03/2026;2;05/03/2026;2;07/03/2026;1;08/03/2026;1;09/03/2026;2;11/03/2026;Não;Sim;5%;0%;R$ 5.009,81;R$ 4.771,25;CW90051;4504000051;FORNECEDOR FICTICIO 11 LTDA;590011;N/A;N/A;NL8051;;;11/03/2026;17/03/2026;5;0,2;10;0,02;1;0,1;21/02/2026;DENTRO;12;CONCLUÍDO;;;
1300005240;13000052;40;Serviço;Contrato;;SERVICO DE CONSULTORIA TESTE;R$ 4.855,00;A53;COMPRADOR FICTICIO 12;Compras Ágeis;Compras Ágeis;CZFB;Operação Norte;22/02/2026;Concluída;USUARIO.FICTICIO;G41 - Mat. Administrativo;COMPRADOR FICTICIO 12;WS9100000052;Contrato - Concorrência;DADO FICTICIO PARA TESTE DE CONTRATUALIZACAO;Não;Serviços - Contrato <=1M;30;18;12. Concluída;Área Teste;Registro sintético para testar conexão, divergência e ambiguidade.;22/02/2026;2;24/02/2026;2;26/02/2026;2;28/02/2026;2;02/03/2026;2;04/03/2026;2;06/03/2026;2;08/03/2026;1;09/03/2026;1;10/03/2026;2;12/03/2026;Sim;Sim;5%;0%;R$ 5.097,75;R$ 4.855,00;CW90052;4504000052;FORNECEDOR FICTICIO 12 LTDA;590012;12 meses;IPCA;NL8052;;;12/03/2026;18/03/2026;5;0,2;10;0,02;1;0,1;22/02/2026;DENTRO;12;CONCLUÍDO;;;
1300005350;13000053;50;Material;Contrato;180053;OLEO LUBRIFICANTE TESTE;R$ 4.938,75;A62;COMPRADOR FICTICIO 13;Compras Ágeis;Compras Ágeis;CTRD;Operação Sul;23/02/2026;Concluída;USUARIO.FICTICIO;S15 - MSA - Manut. Loco;COMPRADOR FICTICIO 13;WS9100000053;Contrato - Concorrência;DADO FICTICIO PARA TESTE DE CONTRATUALIZACAO;Não;Materiais - Contrato <=1M;30;18;12. Concluída;Área Teste;Registro sintético para testar conexão, divergência e ambiguidade.;23/02/2026;2;25/02/2026;2;27/02/2026;2;01/03/2026;2;03/03/2026;2;05/03/2026;2;07/03/2026;2;09/03/2026;1;10/03/2026;1;11/03/2026;2;13/03/2026;Sim;Sim;5%;0%;R$ 5.185,69;R$ 4.938,75;CW90053;4504000053;FORNECEDOR FICTICIO 13 LTDA;590013;12 meses;IPCA;NL8053;;;13/03/2026;19/03/2026;5;0,2;10;0,02;1;0,1;23/02/2026;DENTRO;12;CONCLUÍDO;;;
1300005460;13000054;60;Material;Spot;180054;EPI DE SEGURANCA TESTE;R$ 5.022,50;R01;COMPRADOR FICTICIO 14;Compras Ágeis;Compras Ágeis;CLNC;Operação Central;24/02/2026;Concluída;USUARIO.FICTICIO;R01 - Projetos Especiais;COMPRADOR FICTICIO 14;WS9100000054;Spot - Concorrência;DADO FICTICIO PARA TESTE DE CONTRATUALIZACAO;Não;Materiais - Spot <=1M;30;18;12. Concluída;Área Teste;Registro sintético para testar conexão, divergência e ambiguidade.;24/02/2026;2;26/02/2026;2;28/02/2026;2;02/03/2026;2;04/03/2026;2;06/03/2026;2;08/03/2026;2;10/03/2026;1;11/03/2026;1;12/03/2026;2;14/03/2026;Não;Sim;5%;0%;R$ 5.273,62;R$ 5.022,50;CW90054;4504000054;FORNECEDOR FICTICIO 14 LTDA;590014;N/A;N/A;NL8054;;;14/03/2026;20/03/2026;5;0,2;10;0,02;1;0,1;24/02/2026;DENTRO;12;CONCLUÍDO;;;
1300005570;13000055;70;Material;Contrato;180055;PARAFUSO INDUSTRIAL TESTE;R$ 5.106,25;A69;COMPRADOR FICTICIO 15;Compras Ágeis;Compras Ágeis;CT16;Operação Norte;25/02/2026;Concluída;USUARIO.FICTICIO;G08 - Ferramentas Gerais;COMPRADOR FICTICIO 15;WS9100000055;Contrato - Concorrência;DADO FICTICIO PARA TESTE DE CONTRATUALIZACAO;Não;Materiais - Contrato <=1M;30;18;12. Concluída;Área Teste;Registro sintético para testar conexão, divergência e ambiguidade.;25/02/2026;2;27/02/2026;2;01/03/2026;2;03/03/2026;2;05/03/2026;2;07/03/2026;2;09/03/2026;2;11/03/2026;1;12/03/2026;1;13/03/2026;2;15/03/2026;Sim;Sim;5%;0%;R$ 5.361,56;R$ 5.106,25;CW90055;4504000055;FORNECEDOR FICTICIO 15 LTDA;590015;12 meses;IPCA;NL8055;;;15/03/2026;21/03/2026;5;0,2;10;0,02;1;0,1;25/02/2026;DENTRO;12;CONCLUÍDO;;;
1300005680;13000056;80;Serviço;Contrato;;SERVICO DE MANUTENCAO TESTE;R$ 5.190,00;G11;COMPRADOR FICTICIO 16;Compras Ágeis;Compras Ágeis;CTRV;Operação Sul;26/02/2026;Concluída;USUARIO.FICTICIO;G11 - Lub., Óleo e afins;COMPRADOR FICTICIO 16;WS9100000056;Contrato - Concorrência;DADO FICTICIO PARA TESTE DE CONTRATUALIZACAO;Não;Serviços - Contrato <=1M;30;18;12. Concluída;Área Teste;Registro sintético para testar conexão, divergência e ambiguidade.;26/02/2026;2;28/02/2026;2;02/03/2026;2;04/03/2026;2;06/03/2026;2;08/03/2026;2;10/03/2026;2;12/03/2026;1;13/03/2026;1;14/03/2026;2;16/03/2026;Sim;Sim;5%;0%;R$ 5.449,50;R$ 5.190,00;CW90056;4504000056;FORNECEDOR FICTICIO 16 LTDA;590016;12 meses;IPCA;NL8056;;;16/03/2026;22/03/2026;5;0,2;10;0,02;1;0,1;26/02/2026;DENTRO;12;CONCLUÍDO;;;
1300005790;13000057;90;Material;Spot;180057;FERRAMENTA MANUAL TESTE;R$ 5.273,75;G12;COMPRADOR FICTICIO 17;Compras Ágeis;Compras Ágeis;CZAR;Operação Central;27/02/2026;Concluída;USUARIO.FICTICIO;G12 - Mat. Terminais;COMPRADOR FICTICIO 17;WS9100000057;Spot - Concorrência;DADO FICTICIO PARA TESTE DE CONTRATUALIZACAO;Não;Materiais - Spot <=1M;30;18;12. Concluída;Área Teste;Registro sintético para testar conexão, divergência e ambiguidade.;27/02/2026;2;01/03/2026;2;03/03/2026;2;05/03/2026;2;07/03/2026;2;09/03/2026;2;11/03/2026;2;13/03/2026;1;14/03/2026;1;15/03/2026;2;17/03/2026;Não;Sim;5%;0%;R$ 5.537,44;R$ 5.273,75;CW90057;4504000057;FORNECEDOR FICTICIO 17 LTDA;590017;N/A;N/A;NL8057;;;17/03/2026;23/03/2026;5;0,2;10;0,02;1;0,1;27/02/2026;DENTRO;12;CONCLUÍDO;;;
13000058100;13000058;100;Serviço;Contrato;;SERVICO DE CONSULTORIA TESTE;R$ 5.357,50;G29;COMPRADOR FICTICIO 18;Compras Ágeis;Compras Ágeis;CZXR;Operação Norte;28/02/2026;Concluída;USUARIO.FICTICIO;G29 - EPIs;COMPRADOR FICTICIO 18;WS9100000058;Contrato - Concorrência;DADO FICTICIO PARA TESTE DE CONTRATUALIZACAO;Não;Serviços - Contrato <=1M;30;18;12. Concluída;Área Teste;Registro sintético para testar conexão, divergência e ambiguidade.;28/02/2026;2;02/03/2026;2;04/03/2026;2;06/03/2026;2;08/03/2026;2;10/03/2026;2;12/03/2026;2;14/03/2026;1;15/03/2026;1;16/03/2026;2;18/03/2026;Sim;Sim;5%;0%;R$ 5.625,38;R$ 5.357,50;CW90058;4504000058;FORNECEDOR FICTICIO 18 LTDA;590018;12 meses;IPCA;NL8058;;;18/03/2026;24/03/2026;5;0,2;10;0,02;1;0,1;28/02/2026;DENTRO;12;CONCLUÍDO;;;
13000059110;13000059;110;Material;Contrato;180059;OLEO LUBRIFICANTE TESTE;R$ 5.441,25;G32;COMPRADOR FICTICIO 19;Compras Ágeis;Compras Ágeis;CZFB;Operação Sul;01/03/2026;Concluída;USUARIO.FICTICIO;G32 - Mão de Obra;COMPRADOR FICTICIO 19;WS9100000059;Contrato - Concorrência;DADO FICTICIO PARA TESTE DE CONTRATUALIZACAO;Não;Materiais - Contrato <=1M;30;18;12. Concluída;Área Teste;Registro sintético para testar conexão, divergência e ambiguidade.;01/03/2026;2;03/03/2026;2;05/03/2026;2;07/03/2026;2;09/03/2026;2;11/03/2026;2;13/03/2026;2;15/03/2026;1;16/03/2026;1;17/03/2026;2;19/03/2026;Sim;Sim;5%;0%;R$ 5.713,31;R$ 5.441,25;CW90059;4504000059;FORNECEDOR FICTICIO 19 LTDA;590019;12 meses;IPCA;NL8059;;;19/03/2026;25/03/2026;5;0,2;10;0,02;1;0,1;01/03/2026;DENTRO;12;CONCLUÍDO;;;
13000060120;13000060;120;Material;Spot;180060;EPI DE SEGURANCA TESTE;R$ 5.525,00;G33;COMPRADOR FICTICIO 20;Compras Ágeis;Compras Ágeis;CTRD;Operação Central;02/03/2026;Concluída;USUARIO.FICTICIO;G33 - Serv. de Oficinas;COMPRADOR FICTICIO 20;WS9100000060;Spot - Concorrência;DADO FICTICIO PARA TESTE DE CONTRATUALIZACAO;Não;Materiais - Spot <=1M;30;18;12. Concluída;Área Teste;Registro sintético para testar conexão, divergência e ambiguidade.;02/03/2026;2;04/03/2026;2;06/03/2026;2;08/03/2026;2;10/03/2026;2;12/03/2026;2;14/03/2026;2;16/03/2026;1;17/03/2026;1;18/03/2026;2;20/03/2026;Não;Sim;5%;0%;R$ 5.801,25;R$ 5.525,00;CW90060;4504000060;FORNECEDOR FICTICIO 20 LTDA;590020;N/A;N/A;NL8060;;;20/03/2026;26/03/2026;5;0,2;10;0,02;1;0,1;02/03/2026;DENTRO;12;CONCLUÍDO;;;
1300006110;13000061;10;Material;Contrato;180061;PARAFUSO INDUSTRIAL TESTE;R$ 5.608,75;G41;COMPRADOR FICTICIO 01;Compras Ágeis;Compras Ágeis;CLNC;Operação Norte;03/03/2026;Concluída;USUARIO.FICTICIO;G41 - Mat. Administrativo;COMPRADOR FICTICIO 01;WS9100000061;Contrato - Concorrência;DADO FICTICIO PARA TESTE DE CONTRATUALIZACAO;Não;Materiais - Contrato <=1M;30;18;12. Concluída;Área Teste;Registro sintético para testar conexão, divergência e ambiguidade.;03/03/2026;2;05/03/2026;2;07/03/2026;2;09/03/2026;2;11/03/2026;2;13/03/2026;2;15/03/2026;2;17/03/2026;1;18/03/2026;1;19/03/2026;2;21/03/2026;Sim;Sim;5%;0%;R$ 5.889,19;R$ 5.608,75;CW90061;4504000061;FORNECEDOR FICTICIO 01 LTDA;590001;12 meses;IPCA;NL8061;;;21/03/2026;27/03/2026;5;0,2;10;0,02;1;0,1;03/03/2026;DENTRO;12;CONCLUÍDO;;;
1300006220;13000062;20;Serviço;Contrato;;SERVICO DE MANUTENCAO TESTE;R$ 5.692,50;A46;COMPRADOR FICTICIO 02;Compras Ágeis;Compras Ágeis;CT16;Operação Sul;04/03/2026;Concluída;USUARIO.FICTICIO;S15 - MSA - Manut. Loco;COMPRADOR FICTICIO 02;WS9100000062;Contrato - Concorrência;DADO FICTICIO PARA TESTE DE CONTRATUALIZACAO;Não;Serviços - Contrato <=1M;30;18;12. Concluída;Área Teste;Registro sintético para testar conexão, divergência e ambiguidade.;04/03/2026;2;06/03/2026;2;08/03/2026;2;10/03/2026;2;12/03/2026;2;14/03/2026;2;16/03/2026;2;18/03/2026;1;19/03/2026;1;20/03/2026;2;22/03/2026;Sim;Sim;5%;0%;R$ 5.977,12;R$ 5.692,50;CW90062;4504000062;FORNECEDOR FICTICIO 02 LTDA;590002;12 meses;IPCA;NL8062;;;22/03/2026;28/03/2026;5;0,2;10;0,02;1;0,1;04/03/2026;DENTRO;12;CONCLUÍDO;;;
1300006330;13000063;30;Material;Spot;180063;FERRAMENTA MANUAL TESTE;R$ 5.776,25;R01;COMPRADOR FICTICIO 03;Compras Ágeis;Compras Ágeis;CTRV;Operação Central;05/03/2026;Concluída;USUARIO.FICTICIO;R01 - Projetos Especiais;COMPRADOR FICTICIO 03;WS9100000063;Spot - Concorrência;DADO FICTICIO PARA TESTE DE CONTRATUALIZACAO;Não;Materiais - Spot <=1M;30;18;12. Concluída;Área Teste;Registro sintético para testar conexão, divergência e ambiguidade.;05/03/2026;2;07/03/2026;2;09/03/2026;2;11/03/2026;2;13/03/2026;2;15/03/2026;2;17/03/2026;2;19/03/2026;1;20/03/2026;1;21/03/2026;2;23/03/2026;Não;Sim;5%;0%;R$ 6.065,06;R$ 5.776,25;CW90063;4504000063;FORNECEDOR FICTICIO 03 LTDA;590003;N/A;N/A;NL8063;;;23/03/2026;29/03/2026;5;0,2;10;0,02;1;0,1;05/03/2026;DENTRO;12;CONCLUÍDO;;;
1300006440;13000064;40;Serviço;Contrato;;SERVICO DE CONSULTORIA TESTE;R$ 5.860,00;A62;COMPRADOR FICTICIO 04;Compras Ágeis;Compras Ágeis;CZAR;Operação Norte;06/03/2026;Concluída;USUARIO.FICTICIO;G08 - Ferramentas Gerais;COMPRADOR FICTICIO 04;WS9100000064;Contrato - Concorrência;DADO FICTICIO PARA TESTE DE CONTRATUALIZACAO;Não;Serviços - Contrato <=1M;30;18;12. Concluída;Área Teste;Registro sintético para testar conexão, divergência e ambiguidade.;06/03/2026;2;08/03/2026;2;10/03/2026;2;12/03/2026;2;14/03/2026;2;16/03/2026;2;18/03/2026;2;20/03/2026;1;21/03/2026;1;22/03/2026;2;24/03/2026;Sim;Sim;5%;0%;R$ 6.153,00;R$ 5.860,00;CW90064;4504000064;FORNECEDOR FICTICIO 04 LTDA;590004;12 meses;IPCA;NL8064;;;24/03/2026;30/03/2026;5;0,2;10;0,02;1;0,1;06/03/2026;DENTRO;12;CONCLUÍDO;;;
1300006550;13000065;50;Material;Contrato;180065;OLEO LUBRIFICANTE TESTE;R$ 5.943,75;G11;COMPRADOR FICTICIO 05;Compras Ágeis;Compras Ágeis;CZXR;Operação Sul;07/03/2026;Concluída;USUARIO.FICTICIO;G11 - Lub., Óleo e afins;COMPRADOR FICTICIO 05;WS9100000065;Contrato - Concorrência;DADO FICTICIO PARA TESTE DE CONTRATUALIZACAO;Não;Materiais - Contrato <=1M;30;18;12. Concluída;Área Teste;Registro sintético para testar conexão, divergência e ambiguidade.;07/03/2026;2;09/03/2026;2;11/03/2026;2;13/03/2026;2;15/03/2026;2;17/03/2026;2;19/03/2026;2;21/03/2026;1;22/03/2026;1;23/03/2026;2;25/03/2026;Sim;Sim;5%;0%;R$ 6.240,94;R$ 5.943,75;CW90065;4504000065;FORNECEDOR FICTICIO 05 LTDA;590005;12 meses;IPCA;NL8065;;;25/03/2026;31/03/2026;5;0,2;10;0,02;1;0,1;07/03/2026;DENTRO;12;CONCLUÍDO;;;
1300006660;13000066;60;Material;Spot;180066;EPI DE SEGURANCA TESTE;R$ 6.027,50;G12;COMPRADOR FICTICIO 06;Compras Ágeis;Compras Ágeis;CZFB;Operação Central;08/03/2026;Concluída;USUARIO.FICTICIO;G12 - Mat. Terminais;COMPRADOR FICTICIO 06;WS9100000066;Spot - Concorrência;DADO FICTICIO PARA TESTE DE CONTRATUALIZACAO;Não;Materiais - Spot <=1M;30;18;12. Concluída;Área Teste;Registro sintético para testar conexão, divergência e ambiguidade.;08/03/2026;2;10/03/2026;2;12/03/2026;2;14/03/2026;2;16/03/2026;2;18/03/2026;2;20/03/2026;2;22/03/2026;1;23/03/2026;1;24/03/2026;2;26/03/2026;Não;Sim;5%;0%;R$ 6.328,88;R$ 6.027,50;CW90066;4504000066;FORNECEDOR FICTICIO 06 LTDA;590006;N/A;N/A;NL8066;;;26/03/2026;01/04/2026;5;0,2;10;0,02;1;0,1;08/03/2026;DENTRO;12;CONCLUÍDO;;;
1300006770;13000067;70;Material;Contrato;180067;PARAFUSO INDUSTRIAL TESTE;R$ 6.111,25;G29;COMPRADOR FICTICIO 07;Compras Ágeis;Compras Ágeis;CTRD;Operação Norte;09/03/2026;Concluída;USUARIO.FICTICIO;G29 - EPIs;COMPRADOR FICTICIO 07;WS9100000067;Contrato - Concorrência;DADO FICTICIO PARA TESTE DE CONTRATUALIZACAO;Não;Materiais - Contrato <=1M;30;18;12. Concluída;Área Teste;Registro sintético para testar conexão, divergência e ambiguidade.;09/03/2026;2;11/03/2026;2;13/03/2026;2;15/03/2026;2;17/03/2026;2;19/03/2026;2;21/03/2026;2;23/03/2026;1;24/03/2026;1;25/03/2026;2;27/03/2026;Sim;Sim;5%;0%;R$ 6.416,81;R$ 6.111,25;CW90067;4504000067;FORNECEDOR FICTICIO 07 LTDA;590007;12 meses;IPCA;NL8067;;;27/03/2026;02/04/2026;5;0,2;10;0,02;1;0,1;09/03/2026;DENTRO;12;CONCLUÍDO;;;
1300006880;13000068;80;Serviço;Contrato;;SERVICO DE MANUTENCAO TESTE;R$ 6.195,00;G32;COMPRADOR FICTICIO 08;Compras Ágeis;Compras Ágeis;CLNC;Operação Sul;10/03/2026;Concluída;USUARIO.FICTICIO;G32 - Mão de Obra;COMPRADOR FICTICIO 08;WS9100000068;Contrato - Concorrência;DADO FICTICIO PARA TESTE DE CONTRATUALIZACAO;Não;Serviços - Contrato <=1M;30;18;12. Concluída;Área Teste;Registro sintético para testar conexão, divergência e ambiguidade.;10/03/2026;2;12/03/2026;2;14/03/2026;2;16/03/2026;2;18/03/2026;2;20/03/2026;2;22/03/2026;2;24/03/2026;1;25/03/2026;1;26/03/2026;2;28/03/2026;Sim;Sim;5%;0%;R$ 6.504,75;R$ 6.195,00;CW90068;4504000068;FORNECEDOR FICTICIO 08 LTDA;590008;12 meses;IPCA;NL8068;;;28/03/2026;03/04/2026;5;0,2;10;0,02;1;0,1;10/03/2026;DENTRO;12;CONCLUÍDO;;;
1300006990;13000069;90;Material;Spot;180069;FERRAMENTA MANUAL TESTE;R$ 6.278,75;A21;COMPRADOR FICTICIO 09;Compras Ágeis;Compras Ágeis;CT16;Operação Central;11/03/2026;Concluída;USUARIO.FICTICIO;G33 - Serv. de Oficinas;COMPRADOR FICTICIO 09;WS9100000069;Spot - Concorrência;DADO FICTICIO PARA TESTE DE CONTRATUALIZACAO;Não;Materiais - Spot <=1M;30;18;12. Concluída;Área Teste;Registro sintético para testar conexão, divergência e ambiguidade.;11/03/2026;2;13/03/2026;2;15/03/2026;2;17/03/2026;2;19/03/2026;2;21/03/2026;2;23/03/2026;2;25/03/2026;1;26/03/2026;1;27/03/2026;2;29/03/2026;Não;Sim;5%;0%;R$ 6.592,69;R$ 6.278,75;CW90069;4504000069 / 4504900069;FORNECEDOR FICTICIO 09 LTDA;590009;N/A;N/A;NL8069;;;29/03/2026;04/04/2026;5;0,2;10;0,02;1;0,1;11/03/2026;DENTRO;12;CONCLUÍDO;;;
13000070100;13000070;100;Serviço;Contrato;;SERVICO DE CONSULTORIA TESTE;R$ 6.362,50;A23;COMPRADOR FICTICIO 10;Compras Ágeis;Compras Ágeis;CTRV;Operação Norte;12/03/2026;Concluída;USUARIO.FICTICIO;G41 - Mat. Administrativo;COMPRADOR FICTICIO 10;WS9100000070;Contrato - Concorrência;DADO FICTICIO PARA TESTE DE CONTRATUALIZACAO;Não;Serviços - Contrato <=1M;30;18;12. Concluída;Área Teste;Registro sintético para testar conexão, divergência e ambiguidade.;12/03/2026;2;14/03/2026;2;16/03/2026;2;18/03/2026;2;20/03/2026;2;22/03/2026;2;24/03/2026;2;26/03/2026;1;27/03/2026;1;28/03/2026;2;30/03/2026;Sim;Sim;5%;0%;R$ 6.680,62;R$ 6.362,50;CW90070;4504000070;FORNECEDOR FICTICIO 10 LTDA;590010;12 meses;IPCA;NL8070;;;30/03/2026;05/04/2026;5;0,2;10;0,02;1;0,1;12/03/2026;DENTRO;12;CONCLUÍDO;;;
13000071110;13000071;110;Material;Spot;180071;OLEO LUBRIFICANTE TESTE;R$ 6.446,25;S15;COMPRADOR FICTICIO 11;Compras Ágeis;Compras Ágeis;CZAR;Operação Sul;13/03/2026;Concluída;USUARIO.FICTICIO;S15 - MSA - Manut. Loco;COMPRADOR FICTICIO 11;WS9100000071;Spot - Concorrência;DADO FICTICIO PARA TESTE DE CONTRATUALIZACAO;Não;Materiais - Spot <=1M;30;18;12. Concluída;Área Teste;Registro sintético para testar conexão, divergência e ambiguidade.;13/03/2026;2;15/03/2026;2;17/03/2026;2;19/03/2026;2;21/03/2026;2;23/03/2026;2;25/03/2026;2;27/03/2026;1;28/03/2026;1;29/03/2026;2;31/03/2026;Não;Sim;5%;0%;R$ 6.768,56;R$ 6.446,25;CW90071;4504000071;FORNECEDOR FICTICIO 11 LTDA;590011;N/A;N/A;NL8071;;;31/03/2026;06/04/2026;5;0,2;10;0,02;1;0,1;13/03/2026;DENTRO;12;CONCLUÍDO;;;
13000072120;13000072;120;Material;Spot;180072;EPI DE SEGURANCA TESTE;R$ 6.530,00;A42;COMPRADOR FICTICIO 12;Compras Ágeis;Compras Ágeis;CZXR;Operação Central;14/03/2026;Concluída;USUARIO.FICTICIO;R01 - Projetos Especiais;COMPRADOR FICTICIO 12;WS9100000072;Spot - Concorrência;DADO FICTICIO PARA TESTE DE CONTRATUALIZACAO;Não;Materiais - Spot <=1M;30;18;12. Concluída;Área Teste;Registro sintético para testar conexão, divergência e ambiguidade.;14/03/2026;2;16/03/2026;2;18/03/2026;2;20/03/2026;2;22/03/2026;2;24/03/2026;2;26/03/2026;2;28/03/2026;1;29/03/2026;1;30/03/2026;2;01/04/2026;Não;Sim;5%;0%;R$ 6.856,50;R$ 6.530,00;CW90072;4504000072;FORNECEDOR FICTICIO 12 LTDA;590012;N/A;N/A;NL8072;;;01/04/2026;07/04/2026;5;0,2;10;0,02;1;0,1;14/03/2026;DENTRO;12;CONCLUÍDO;;;
1300007310;13000073;10;Material;Contrato;180073;PARAFUSO INDUSTRIAL TESTE;R$ 6.613,75;A46;COMPRADOR FICTICIO 13;Compras Ágeis;Compras Ágeis;CZFB;Operação Norte;15/03/2026;Concluída;USUARIO.FICTICIO;G08 - Ferramentas Gerais;COMPRADOR FICTICIO 13;WS9100000073;Contrato - Concorrência;DADO FICTICIO PARA TESTE DE CONTRATUALIZACAO;Não;Materiais - Contrato <=1M;30;18;12. Concluída;Área Teste;Registro sintético para testar conexão, divergência e ambiguidade.;15/03/2026;2;17/03/2026;2;19/03/2026;2;21/03/2026;2;23/03/2026;2;25/03/2026;2;27/03/2026;2;29/03/2026;1;30/03/2026;1;31/03/2026;2;02/04/2026;Sim;Sim;5%;0%;R$ 6.944,44;R$ 6.613,75;CW90073;4504000073;FORNECEDOR FICTICIO 13 LTDA;590013;12 meses;IPCA;NL8073;;;02/04/2026;08/04/2026;5;0,2;10;0,02;1;0,1;15/03/2026;DENTRO;12;CONCLUÍDO;;;
1300007420;13000074;20;Serviço;Contrato;;SERVICO DE MANUTENCAO TESTE;R$ 6.697,50;G11;COMPRADOR FICTICIO 14;Compras Ágeis;Compras Ágeis;CTRD;Operação Sul;16/03/2026;Concluída;USUARIO.FICTICIO;G11 - Lub., Óleo e afins;COMPRADOR FICTICIO 14;WS9100000074;Contrato - Concorrência;DADO FICTICIO PARA TESTE DE CONTRATUALIZACAO;Não;Serviços - Contrato <=1M;30;18;12. Concluída;Área Teste;Registro sintético para testar conexão, divergência e ambiguidade.;16/03/2026;2;18/03/2026;2;20/03/2026;2;22/03/2026;2;24/03/2026;2;26/03/2026;2;28/03/2026;2;30/03/2026;1;31/03/2026;1;01/04/2026;2;03/04/2026;Sim;Sim;5%;0%;R$ 7.032,38;R$ 6.697,50;CW90074;4504000074;FORNECEDOR FICTICIO 14 LTDA;590014;12 meses;IPCA;NL8074;;;03/04/2026;09/04/2026;5;0,2;10;0,02;1;0,1;16/03/2026;DENTRO;12;CONCLUÍDO;;;
1300007530;13000075;30;Material;Spot;180075;FERRAMENTA MANUAL TESTE;R$ 6.781,25;G12;COMPRADOR FICTICIO 15;Compras Ágeis;Compras Ágeis;CLNC;Operação Central;17/03/2026;Concluída;USUARIO.FICTICIO;G33 - Serv. de Oficinas;COMPRADOR FICTICIO 15;WS9100000075;Spot - Concorrência;DADO FICTICIO PARA TESTE DE CONTRATUALIZACAO;Não;Materiais - Spot <=1M;30;18;12. Concluída;Área Teste;Registro sintético para testar conexão, divergência e ambiguidade.;17/03/2026;2;19/03/2026;2;21/03/2026;2;23/03/2026;2;25/03/2026;2;27/03/2026;2;29/03/2026;2;31/03/2026;1;01/04/2026;1;02/04/2026;2;04/04/2026;Não;Sim;5%;0%;R$ 7.120,31;R$ 6.781,25;CW90075;4504000075;FORNECEDOR FICTICIO 15 LTDA;590015;N/A;N/A;NL8075;;;04/04/2026;10/04/2026;5;0,2;10;0,02;1;0,1;17/03/2026;DENTRO;12;CONCLUÍDO;;;
1300007640;13000076;40;Serviço;Contrato;;SERVICO DE CONSULTORIA TESTE;R$ 6.865,00;G29;COMPRADOR FICTICIO 16;Compras Ágeis;Compras Ágeis;CT16;Operação Norte;18/03/2026;Concluída;USUARIO.FICTICIO;G29 - EPIs;COMPRADOR FICTICIO 16;WS9100000076;Contrato - Concorrência;DADO FICTICIO PARA TESTE DE CONTRATUALIZACAO;Não;Serviços - Contrato <=1M;30;18;12. Concluída;Área Teste;Registro sintético para testar conexão, divergência e ambiguidade.;18/03/2026;2;20/03/2026;2;22/03/2026;2;24/03/2026;2;26/03/2026;2;28/03/2026;2;30/03/2026;2;01/04/2026;1;02/04/2026;1;03/04/2026;2;05/04/2026;Sim;Sim;5%;0%;R$ 7.208,25;R$ 6.865,00;CW90076;4504000076;FORNECEDOR FICTICIO 16 LTDA;590016;12 meses;IPCA;NL8076;;;05/04/2026;11/04/2026;5;0,2;10;0,02;1;0,1;18/03/2026;DENTRO;12;CONCLUÍDO;;;
1300007750;13000077;50;Material;Spot;180077;OLEO LUBRIFICANTE TESTE;R$ 6.948,75;G32;COMPRADOR FICTICIO 17;Compras Ágeis;Compras Ágeis;CTRV;Operação Sul;19/03/2026;Concluída;USUARIO.FICTICIO;G32 - Mão de Obra;COMPRADOR FICTICIO 17;WS9100000077;Spot - Concorrência;DADO FICTICIO PARA TESTE DE CONTRATUALIZACAO;Não;Materiais - Spot <=1M;30;18;12. Concluída;Área Teste;Registro sintético para testar conexão, divergência e ambiguidade.;19/03/2026;2;21/03/2026;2;23/03/2026;2;25/03/2026;2;27/03/2026;2;29/03/2026;2;31/03/2026;2;02/04/2026;1;03/04/2026;1;04/04/2026;2;06/04/2026;Não;Sim;5%;0%;R$ 7.296,19;R$ 6.948,75;CW90077;4504000077;FORNECEDOR FICTICIO 17 LTDA;590017;N/A;N/A;NL8077;;;06/04/2026;12/04/2026;5;0,2;10;0,02;1;0,1;19/03/2026;DENTRO;12;CONCLUÍDO;;;
1300007860;13000078;60;Material;Spot;180078;EPI DE SEGURANCA TESTE;R$ 7.032,50;N/D;COMPRADOR FICTICIO 18;Compras Ágeis;Compras Ágeis;CZAR;Operação Central;20/03/2026;Concluída;USUARIO.FICTICIO;G33 - Serv. de Oficinas;COMPRADOR FICTICIO 18;WS9100000078;Spot - Concorrência;DADO FICTICIO PARA TESTE DE CONTRATUALIZACAO;Não;Materiais - Spot <=1M;30;18;12. Concluída;Área Teste;Registro sintético para testar conexão, divergência e ambiguidade.;20/03/2026;2;22/03/2026;2;24/03/2026;2;26/03/2026;2;28/03/2026;2;30/03/2026;2;01/04/2026;2;03/04/2026;1;04/04/2026;1;05/04/2026;2;07/04/2026;Não;Sim;5%;0%;R$ 7.384,12;R$ 7.032,50;CW90078;4504000078;FORNECEDOR FICTICIO 18 LTDA;590018;N/A;N/A;NL8078;;;07/04/2026;13/04/2026;5;0,2;10;0,02;1;0,1;20/03/2026;DENTRO;12;CONCLUÍDO;;;
1300007970;13000079;70;Material;Spot;180079;PARAFUSO INDUSTRIAL TESTE;R$ 7.116,25;G41;COMPRADOR FICTICIO 19;Compras Ágeis;Compras Ágeis;CZXR;Operação Norte;21/03/2026;Concluída;USUARIO.FICTICIO;G41 - Mat. Administrativo;COMPRADOR FICTICIO 19;WS9100000079;Spot - Concorrência;DADO FICTICIO PARA TESTE DE CONTRATUALIZACAO;Não;Materiais - Spot <=1M;30;18;12. Concluída;Área Teste;Registro sintético para testar conexão, divergência e ambiguidade.;21/03/2026;2;23/03/2026;2;25/03/2026;2;27/03/2026;2;29/03/2026;2;31/03/2026;2;02/04/2026;2;04/04/2026;1;05/04/2026;1;06/04/2026;2;08/04/2026;Não;Sim;5%;0%;R$ 7.472,06;R$ 7.116,25;CW90079;4504000079;FORNECEDOR FICTICIO 19 LTDA;590019;N/A;N/A;NL8079;;;08/04/2026;14/04/2026;5;0,2;10;0,02;1;0,1;21/03/2026;DENTRO;12;CONCLUÍDO;;;
1300007980;13000079;80;Serviço;Contrato;;SERVICO DE MANUTENCAO TESTE;R$ 7.200,00;A21;COMPRADOR FICTICIO 20;Compras Ágeis;Compras Ágeis;CZFB;Operação Sul;22/03/2026;Concluída;USUARIO.FICTICIO;G11 - Lub., Óleo e afins;COMPRADOR FICTICIO 20;WS9100000080;Contrato - Concorrência;DADO FICTICIO PARA TESTE DE CONTRATUALIZACAO;Não;Serviços - Contrato <=1M;30;18;12. Concluída;Área Teste;Registro sintético para testar conexão, divergência e ambiguidade.;22/03/2026;2;24/03/2026;2;26/03/2026;2;28/03/2026;2;30/03/2026;2;01/04/2026;2;03/04/2026;2;05/04/2026;1;06/04/2026;1;07/04/2026;2;09/04/2026;Sim;Sim;5%;0%;R$ 7.560,00;R$ 7.200,00;CW90080;4504000080;FORNECEDOR FICTICIO 20 LTDA;590020;12 meses;IPCA;NL8080;;;09/04/2026;15/04/2026;5;0,2;10;0,02;1;0,1;22/03/2026;DENTRO;12;CONCLUÍDO;;;
1300008090;13000080;90;Material;Spot;180081;FERRAMENTA MANUAL TESTE;R$ 7.283,75;A23;COMPRADOR FICTICIO 01;Compras Ágeis;Compras Ágeis;CTRD;Operação Central;23/03/2026;Concluída;USUARIO.FICTICIO;G12 - Mat. Terminais;COMPRADOR FICTICIO 01;WS9100000081;Spot - Concorrência;DADO FICTICIO PARA TESTE DE CONTRATUALIZACAO;Não;Materiais - Spot <=1M;30;18;12. Concluída;Área Teste;Registro sintético para testar conexão, divergência e ambiguidade.;23/03/2026;2;25/03/2026;2;27/03/2026;2;29/03/2026;2;31/03/2026;2;02/04/2026;2;04/04/2026;2;06/04/2026;1;07/04/2026;1;08/04/2026;2;10/04/2026;Não;Sim;5%;0%;R$ 7.647,94;R$ 7.283,75;CW90081;4504000081;FORNECEDOR FICTICIO 01 LTDA;590001;N/A;N/A;NL8081;;;10/04/2026;16/04/2026;5;0,2;10;0,02;1;0,1;23/03/2026;DENTRO;12;CONCLUÍDO;;;
13000082100;13000082;100;Serviço;Contrato;;SERVICO DE CONSULTORIA TESTE;R$ 7.367,50;A33;COMPRADOR FICTICIO 02;Compras Ágeis;Compras Ágeis;CLNC;Operação Norte;24/03/2026;Concluída;USUARIO.FICTICIO;G08 - Ferramentas Gerais;COMPRADOR FICTICIO 02;WS9100000082;Contrato - Concorrência;DADO FICTICIO PARA TESTE DE CONTRATUALIZACAO;Não;Serviços - Contrato <=1M;30;18;12. Concluída;Área Teste;Registro sintético para testar conexão, divergência e ambiguidade.;24/03/2026;2;26/03/2026;2;28/03/2026;2;30/03/2026;2;01/04/2026;2;03/04/2026;2;05/04/2026;2;07/04/2026;1;08/04/2026;1;09/04/2026;2;11/04/2026;Sim;Sim;5%;0%;R$ 7.735,88;R$ 7.367,50;CW90082;4504000082 / 4504900082;FORNECEDOR FICTICIO 02 LTDA;590002;12 meses;IPCA;NL8082;;;11/04/2026;17/04/2026;5;0,2;10;0,02;1;0,1;24/03/2026;DENTRO;12;CONCLUÍDO;;;
13000082110;13000082;110;Material;Contrato;180083;OLEO LUBRIFICANTE TESTE;R$ 7.451,25;A42;COMPRADOR FICTICIO 03;Compras Ágeis;Compras Ágeis;CT16;Operação Sul;25/03/2026;Concluída;USUARIO.FICTICIO;G32 - Mão de Obra;COMPRADOR FICTICIO 03;WS9100000083;Contrato - Concorrência;DADO FICTICIO PARA TESTE DE CONTRATUALIZACAO;Não;Materiais - Contrato <=1M;30;18;12. Concluída;Área Teste;Registro sintético para testar conexão, divergência e ambiguidade.;25/03/2026;2;27/03/2026;2;29/03/2026;2;31/03/2026;2;02/04/2026;2;04/04/2026;2;06/04/2026;2;08/04/2026;1;09/04/2026;1;10/04/2026;2;12/04/2026;Sim;Sim;5%;0%;R$ 7.823,81;R$ 7.451,25;CW90083;4504000082;FORNECEDOR FICTICIO 03 LTDA;590003;12 meses;IPCA;NL8083;;;12/04/2026;18/04/2026;5;0,2;10;0,02;1;0,1;25/03/2026;DENTRO;12;CONCLUÍDO;;;
13000084120;13000084;120;Material;Spot;180084;EPI DE SEGURANCA TESTE;R$ 7.535,00;A46;COMPRADOR FICTICIO 04;Compras Ágeis;Compras Ágeis;CTRV;Operação Central;26/03/2026;Concluída;USUARIO.FICTICIO;G12 - Mat. Terminais;COMPRADOR FICTICIO 04;WS9100000084;Spot - Concorrência;DADO FICTICIO PARA TESTE DE CONTRATUALIZACAO;Não;Materiais - Spot <=1M;30;18;12. Concluída;Área Teste;Registro sintético para testar conexão, divergência e ambiguidade.;26/03/2026;2;28/03/2026;2;30/03/2026;2;01/04/2026;2;03/04/2026;2;05/04/2026;2;07/04/2026;2;09/04/2026;1;10/04/2026;1;11/04/2026;2;13/04/2026;Não;Sim;5%;0%;R$ 7.911,75;R$ 7.535,00;CW90084;4504000084;FORNECEDOR FICTICIO 04 LTDA;590004;N/A;N/A;NL8084;;;13/04/2026;19/04/2026;5;0,2;10;0,02;1;0,1;26/03/2026;DENTRO;12;CONCLUÍDO;;;
1300008510;13000085;10;Material;Contrato;180085;PARAFUSO INDUSTRIAL TESTE;R$ 7.618,75;G29;COMPRADOR FICTICIO 05;Compras Ágeis;Compras Ágeis;CZAR;Operação Norte;27/03/2026;Concluída;USUARIO.FICTICIO;G29 - EPIs;COMPRADOR FICTICIO 05;WS9100000085;Contrato - Concorrência;DADO FICTICIO PARA TESTE DE CONTRATUALIZACAO;Não;Materiais - Contrato <=1M;30;18;12. Concluída;Área Teste;Registro sintético para testar conexão, divergência e ambiguidade.;27/03/2026;2;29/03/2026;2;31/03/2026;2;02/04/2026;2;04/04/2026;2;06/04/2026;2;08/04/2026;2;10/04/2026;1;11/04/2026;1;12/04/2026;2;14/04/2026;Sim;Sim;5%;0%;R$ 7.999,69;R$ 7.618,75;CW90085;4504000085;FORNECEDOR FICTICIO 05 LTDA;590005;12 meses;IPCA;NL8085;;;14/04/2026;20/04/2026;5;0,2;10;0,02;1;0,1;27/03/2026;DENTRO;12;CONCLUÍDO;;;
1300008620;13000086;20;Serviço;Contrato;;SERVICO DE MANUTENCAO TESTE;R$ 7.702,50;A62;COMPRADOR FICTICIO 06;Compras Ágeis;Compras Ágeis;CZXR;Operação Sul;28/03/2026;Concluída;USUARIO.FICTICIO;G32 - Mão de Obra;COMPRADOR FICTICIO 06;WS9100000086;Contrato - Concorrência;DADO FICTICIO PARA TESTE DE CONTRATUALIZACAO;Não;Serviços - Contrato <=1M;30;18;12. Concluída;Área Teste;Registro sintético para testar conexão, divergência e ambiguidade.;28/03/2026;2;30/03/2026;2;01/04/2026;2;03/04/2026;2;05/04/2026;2;07/04/2026;2;09/04/2026;2;11/04/2026;1;12/04/2026;1;13/04/2026;2;15/04/2026;Sim;Sim;5%;0%;R$ 8.087,62;R$ 7.702,50;CW90086;4504000086;FORNECEDOR FICTICIO 06 LTDA;590006;12 meses;IPCA;NL8086;;;15/04/2026;21/04/2026;5;0,2;10;0,02;1;0,1;28/03/2026;DENTRO;12;CONCLUÍDO;;;
1300008730;13000087;30;Material;Spot;180087;FERRAMENTA MANUAL TESTE;R$ 7.786,25;A64;COMPRADOR FICTICIO 07;Compras Ágeis;Compras Ágeis;CZFB;Operação Central;29/03/2026;Concluída;USUARIO.FICTICIO;G33 - Serv. de Oficinas;COMPRADOR FICTICIO 07;WS9100000087;Spot - Concorrência;DADO FICTICIO PARA TESTE DE CONTRATUALIZACAO;Não;Materiais - Spot <=1M;30;18;12. Concluída;Área Teste;Registro sintético para testar conexão, divergência e ambiguidade.;29/03/2026;2;31/03/2026;2;02/04/2026;2;04/04/2026;2;06/04/2026;2;08/04/2026;2;10/04/2026;2;12/04/2026;1;13/04/2026;1;14/04/2026;2;16/04/2026;Não;Sim;5%;0%;R$ 8.175,56;R$ 7.786,25;CW90087;4504000087;FORNECEDOR FICTICIO 07 LTDA;590007;N/A;N/A;NL8087;;;16/04/2026;22/04/2026;5;0,2;10;0,02;1;0,1;29/03/2026;DENTRO;12;CONCLUÍDO;;;
1300008840;13000088;40;Serviço;Contrato;;SERVICO DE CONSULTORIA TESTE;R$ 7.870,00;N/D;COMPRADOR FICTICIO 08;Compras Ágeis;Compras Ágeis;CTRD;Operação Norte;30/03/2026;Concluída;USUARIO.FICTICIO;G41 - Mat. Administrativo;COMPRADOR FICTICIO 08;WS9100000088;Contrato - Concorrência;DADO FICTICIO PARA TESTE DE CONTRATUALIZACAO;Não;Serviços - Contrato <=1M;30;18;12. Concluída;Área Teste;Registro sintético para testar conexão, divergência e ambiguidade.;30/03/2026;2;01/04/2026;2;03/04/2026;2;05/04/2026;2;07/04/2026;2;09/04/2026;2;11/04/2026;2;13/04/2026;1;14/04/2026;1;15/04/2026;2;17/04/2026;Sim;Sim;5%;0%;R$ 8.263,50;R$ 7.870,00;CW90088;4504000088;FORNECEDOR FICTICIO 08 LTDA;590008;12 meses;IPCA;NL8088;;;17/04/2026;23/04/2026;5;0,2;10;0,02;1;0,1;30/03/2026;DENTRO;12;CONCLUÍDO;;;
1300008950;13000089;50;Material;Contrato;180089;OLEO LUBRIFICANTE TESTE;R$ 7.953,75;S15;COMPRADOR FICTICIO 09;Compras Ágeis;Compras Ágeis;CLNC;Operação Sul;31/03/2026;Concluída;USUARIO.FICTICIO;G11 - Lub., Óleo e afins;COMPRADOR FICTICIO 09;WS9100000089;Contrato - Concorrência;DADO FICTICIO PARA TESTE DE CONTRATUALIZACAO;Não;Materiais - Contrato <=1M;30;18;12. Concluída;Área Teste;Registro sintético para testar conexão, divergência e ambiguidade.;31/03/2026;2;02/04/2026;2;04/04/2026;2;06/04/2026;2;08/04/2026;2;10/04/2026;2;12/04/2026;2;14/04/2026;1;15/04/2026;1;16/04/2026;2;18/04/2026;Sim;Sim;5%;0%;R$ 8.351,44;R$ 7.953,75;CW90089;4504000089;FORNECEDOR FICTICIO 09 LTDA;590009;12 meses;IPCA;NL8089;;;18/04/2026;24/04/2026;5;0,2;10;0,02;1;0,1;31/03/2026;DENTRO;12;CONCLUÍDO;;;
1300009060;13000090;60;Material;Spot;180090;EPI DE SEGURANCA TESTE;R$ 8.037,50;R01;COMPRADOR FICTICIO 10;Compras Ágeis;Compras Ágeis;CT16;Operação Central;01/04/2026;Concluída;USUARIO.FICTICIO;R01 - Projetos Especiais;COMPRADOR FICTICIO 10;WS9100000090;Spot - Concorrência;DADO FICTICIO PARA TESTE DE CONTRATUALIZACAO;Não;Materiais - Spot <=1M;30;18;12. Concluída;Área Teste;Registro sintético para testar conexão, divergência e ambiguidade.;01/04/2026;2;03/04/2026;2;05/04/2026;2;07/04/2026;2;09/04/2026;2;11/04/2026;2;13/04/2026;2;15/04/2026;1;16/04/2026;1;17/04/2026;2;19/04/2026;Não;Sim;5%;0%;R$ 8.439,38;R$ 8.037,50;CW90090;4504000090;FORNECEDOR FICTICIO 10 LTDA;590010;N/A;N/A;NL8090;;;19/04/2026;25/04/2026;5;0,2;10;0,02;1;0,1;01/04/2026;DENTRO;12;CONCLUÍDO;;;
1300009170;13000091;70;Material;Contrato;180091;PARAFUSO INDUSTRIAL TESTE;R$ 8.121,25;A21;COMPRADOR FICTICIO 11;Compras Ágeis;Compras Ágeis;CTRV;Operação Norte;02/04/2026;Concluída;USUARIO.FICTICIO;G08 - Ferramentas Gerais;COMPRADOR FICTICIO 11;WS9100000091;Contrato - Concorrência;DADO FICTICIO PARA TESTE DE CONTRATUALIZACAO;Não;Materiais - Contrato <=1M;30;18;12. Concluída;Área Teste;Registro sintético para testar conexão, divergência e ambiguidade.;02/04/2026;2;04/04/2026;2;06/04/2026;2;08/04/2026;2;10/04/2026;2;12/04/2026;2;14/04/2026;2;16/04/2026;1;17/04/2026;1;18/04/2026;2;20/04/2026;Sim;Sim;5%;0%;R$ 8.527,31;R$ 8.121,25;CW90091;4504000091;FORNECEDOR FICTICIO 11 LTDA;590011;12 meses;IPCA;NL8091;;;20/04/2026;26/04/2026;5;0,2;10;0,02;1;0,1;02/04/2026;DENTRO;12;CONCLUÍDO;;;
1300009280;13000092;80;Serviço;Contrato;;SERVICO DE MANUTENCAO TESTE;R$ 8.205,00;G11;COMPRADOR FICTICIO 12;Compras Ágeis;Compras Ágeis;CZAR;Operação Sul;03/04/2026;Concluída;USUARIO.FICTICIO;G11 - Lub., Óleo e afins;COMPRADOR FICTICIO 12;WS9100000092;Contrato - Concorrência;DADO FICTICIO PARA TESTE DE CONTRATUALIZACAO;Não;Serviços - Contrato <=1M;30;18;12. Concluída;Área Teste;Registro sintético para testar conexão, divergência e ambiguidade.;03/04/2026;2;05/04/2026;2;07/04/2026;2;09/04/2026;2;11/04/2026;2;13/04/2026;2;15/04/2026;2;17/04/2026;1;18/04/2026;1;19/04/2026;2;21/04/2026;Sim;Sim;5%;0%;R$ 8.615,25;R$ 8.205,00;CW90092;4504000092;FORNECEDOR FICTICIO 12 LTDA;590012;12 meses;IPCA;NL8092;;;21/04/2026;27/04/2026;5;0,2;10;0,02;1;0,1;03/04/2026;DENTRO;12;CONCLUÍDO;;;
1300009390;13000093;90;Material;Spot;180093;FERRAMENTA MANUAL TESTE;R$ 8.288,75;A33;COMPRADOR FICTICIO 13;Compras Ágeis;Compras Ágeis;CZXR;Operação Central;04/04/2026;Concluída;USUARIO.FICTICIO;G12 - Mat. Terminais;COMPRADOR FICTICIO 13;WS9100000093;Spot - Concorrência;DADO FICTICIO PARA TESTE DE CONTRATUALIZACAO;Não;Materiais - Spot <=1M;30;18;12. Concluída;Área Teste;Registro sintético para testar conexão, divergência e ambiguidade.;04/04/2026;2;06/04/2026;2;08/04/2026;2;10/04/2026;2;12/04/2026;2;14/04/2026;2;16/04/2026;2;18/04/2026;1;19/04/2026;1;20/04/2026;2;22/04/2026;Não;Sim;5%;0%;R$ 8.703,19;R$ 8.288,75;CW90093;4504000093;FORNECEDOR FICTICIO 13 LTDA;590013;N/A;N/A;NL8093;;;22/04/2026;28/04/2026;5;0,2;10;0,02;1;0,1;04/04/2026;DENTRO;12;CONCLUÍDO;;;
13000094100;13000094;100;Serviço;Contrato;;SERVICO DE CONSULTORIA TESTE;R$ 8.372,50;A42;COMPRADOR FICTICIO 14;Compras Ágeis;Compras Ágeis;CZFB;Operação Norte;05/04/2026;Concluída;USUARIO.FICTICIO;G29 - EPIs;COMPRADOR FICTICIO 14;WS9100000094;Contrato - Concorrência;DADO FICTICIO PARA TESTE DE CONTRATUALIZACAO;Não;Serviços - Contrato <=1M;30;18;12. Concluída;Área Teste;Registro sintético para testar conexão, divergência e ambiguidade.;05/04/2026;2;07/04/2026;2;09/04/2026;2;11/04/2026;2;13/04/2026;2;15/04/2026;2;17/04/2026;2;19/04/2026;1;20/04/2026;1;21/04/2026;2;23/04/2026;Sim;Sim;5%;0%;R$ 8.791,12;R$ 8.372,50;CW90094;4504000094;FORNECEDOR FICTICIO 14 LTDA;590014;12 meses;IPCA;NL8094;;;23/04/2026;29/04/2026;5;0,2;10;0,02;1;0,1;05/04/2026;DENTRO;12;CONCLUÍDO;;;
13000095110;13000095;110;Material;Contrato;180095;OLEO LUBRIFICANTE TESTE;R$ 8.456,25;G32;COMPRADOR FICTICIO 15;Compras Ágeis;Compras Ágeis;CTRD;Operação Sul;06/04/2026;Concluída;USUARIO.FICTICIO;G32 - Mão de Obra;COMPRADOR FICTICIO 15;WS9100000095;Contrato - Concorrência;DADO FICTICIO PARA TESTE DE CONTRATUALIZACAO;Não;Materiais - Contrato <=1M;30;18;12. Concluída;Área Teste;Registro sintético para testar conexão, divergência e ambiguidade.;06/04/2026;2;08/04/2026;2;10/04/2026;2;12/04/2026;2;14/04/2026;2;16/04/2026;2;18/04/2026;2;20/04/2026;1;21/04/2026;1;22/04/2026;2;24/04/2026;Sim;Sim;5%;0%;R$ 8.879,06;R$ 8.456,25;CW90095;4504000095;FORNECEDOR FICTICIO 15 LTDA;590015;12 meses;IPCA;NL8095;;;24/04/2026;30/04/2026;5;0,2;10;0,02;1;0,1;06/04/2026;DENTRO;12;CONCLUÍDO;;;
13000096120;13000096;120;Material;Spot;180096;EPI DE SEGURANCA TESTE;R$ 8.540,00;A53;COMPRADOR FICTICIO 16;Compras Ágeis;Compras Ágeis;CLNC;Operação Central;07/04/2026;Concluída;USUARIO.FICTICIO;G33 - Serv. de Oficinas;COMPRADOR FICTICIO 16;WS9100000096;Spot - Concorrência;DADO FICTICIO PARA TESTE DE CONTRATUALIZACAO;Não;Materiais - Spot <=1M;30;18;12. Concluída;Área Teste;Registro sintético para testar conexão, divergência e ambiguidade.;07/04/2026;2;09/04/2026;2;11/04/2026;2;13/04/2026;2;15/04/2026;2;17/04/2026;2;19/04/2026;2;21/04/2026;1;22/04/2026;1;23/04/2026;2;25/04/2026;Não;Sim;5%;0%;R$ 8.967,00;R$ 8.540,00;CW90096;4504000096;FORNECEDOR FICTICIO 16 LTDA;590016;N/A;N/A;NL8096;;;25/04/2026;01/05/2026;5;0,2;10;0,02;1;0,1;07/04/2026;DENTRO;12;CONCLUÍDO;;;
1300009710;13000097;10;Material;Contrato;180097;PARAFUSO INDUSTRIAL TESTE;R$ 8.623,75;G41;COMPRADOR FICTICIO 17;Compras Ágeis;Compras Ágeis;CT16;Operação Norte;08/04/2026;Concluída;USUARIO.FICTICIO;G41 - Mat. Administrativo;COMPRADOR FICTICIO 17;WS9100000097;Contrato - Concorrência;DADO FICTICIO PARA TESTE DE CONTRATUALIZACAO;Não;Materiais - Contrato <=1M;30;18;12. Concluída;Área Teste;Registro sintético para testar conexão, divergência e ambiguidade.;08/04/2026;2;10/04/2026;2;12/04/2026;2;14/04/2026;2;16/04/2026;2;18/04/2026;2;20/04/2026;2;22/04/2026;1;23/04/2026;1;24/04/2026;2;26/04/2026;Sim;Sim;5%;0%;R$ 9.054,94;R$ 8.623,75;CW90097;4504000097;FORNECEDOR FICTICIO 17 LTDA;590017;12 meses;IPCA;NL8097;;;26/04/2026;02/05/2026;5;0,2;10;0,02;1;0,1;08/04/2026;DENTRO;12;CONCLUÍDO;;;
1300009820;13000098;20;Serviço;Contrato;;SERVICO DE MANUTENCAO TESTE;R$ 8.707,50;A64;COMPRADOR FICTICIO 18;Compras Ágeis;Compras Ágeis;CTRV;Operação Sul;09/04/2026;Concluída;USUARIO.FICTICIO;S15 - MSA - Manut. Loco;COMPRADOR FICTICIO 18;WS9100000098;Contrato - Concorrência;DADO FICTICIO PARA TESTE DE CONTRATUALIZACAO;Não;Serviços - Contrato <=1M;30;18;12. Concluída;Área Teste;Registro sintético para testar conexão, divergência e ambiguidade.;09/04/2026;2;11/04/2026;2;13/04/2026;2;15/04/2026;2;17/04/2026;2;19/04/2026;2;21/04/2026;2;23/04/2026;1;24/04/2026;1;25/04/2026;2;27/04/2026;Sim;Sim;5%;0%;R$ 9.142,88;R$ 8.707,50;CW90098;4504000098;FORNECEDOR FICTICIO 18 LTDA;590018;12 meses;IPCA;NL8098;;;27/04/2026;03/05/2026;5;0,2;10;0,02;1;0,1;09/04/2026;DENTRO;12;CONCLUÍDO;;;
1300009930;13000099;30;Material;Spot;180099;FERRAMENTA MANUAL TESTE;R$ 8.791,25;A69;COMPRADOR FICTICIO 19;Compras Ágeis;Compras Ágeis;CZAR;Operação Central;10/04/2026;Concluída;USUARIO.FICTICIO;R01 - Projetos Especiais;COMPRADOR FICTICIO 19;WS9100000099;Spot - Concorrência;DADO FICTICIO PARA TESTE DE CONTRATUALIZACAO;Não;Materiais - Spot <=1M;30;18;12. Concluída;Área Teste;Registro sintético para testar conexão, divergência e ambiguidade.;10/04/2026;2;12/04/2026;2;14/04/2026;2;16/04/2026;2;18/04/2026;2;20/04/2026;2;22/04/2026;2;24/04/2026;1;25/04/2026;1;26/04/2026;2;28/04/2026;Não;Sim;5%;0%;R$ 9.230,81;R$ 8.791,25;CW90099;4504000099;FORNECEDOR FICTICIO 19 LTDA;590019;N/A;N/A;NL8099;;;28/04/2026;04/05/2026;5;0,2;10;0,02;1;0,1;10/04/2026;DENTRO;12;CONCLUÍDO;;;
1300010040;13000100;40;Serviço;Contrato;;SERVICO DE CONSULTORIA TESTE;R$ 8.875,00;G08;COMPRADOR FICTICIO 20;Compras Ágeis;Compras Ágeis;CZXR;Operação Norte;11/04/2026;Concluída;USUARIO.FICTICIO;G08 - Ferramentas Gerais;COMPRADOR FICTICIO 20;WS9100000100;Contrato - Concorrência;DADO FICTICIO PARA TESTE DE CONTRATUALIZACAO;Não;Serviços - Contrato <=1M;30;18;12. Concluída;Área Teste;Registro sintético para testar conexão, divergência e ambiguidade.;11/04/2026;2;13/04/2026;2;15/04/2026;2;17/04/2026;2;19/04/2026;2;21/04/2026;2;23/04/2026;2;25/04/2026;1;26/04/2026;1;27/04/2026;2;29/04/2026;Sim;Sim;5%;0%;R$ 9.318,75;R$ 8.875,00;CW90100;4504000100;FORNECEDOR FICTICIO 20 LTDA;590020;12 meses;IPCA;NL8100;;;29/04/2026;05/05/2026;5;0,2;10;0,02;1;0,1;11/04/2026;DENTRO;12;CONCLUÍDO;;;
1300010150;13000101;50;Material;Spot;180101;OLEO LUBRIFICANTE TESTE;R$ 8.958,75;G11;COMPRADOR FICTICIO 01;Compras Ágeis;Compras Ágeis;CZFB;Operação Sul;12/04/2026;Concluída;USUARIO.FICTICIO;G11 - Lub., Óleo e afins;COMPRADOR FICTICIO 01;WS9100000101;Spot - Concorrência;DADO FICTICIO PARA TESTE DE CONTRATUALIZACAO;Não;Materiais - Spot <=1M;30;18;12. Concluída;Área Teste;Registro sintético para testar conexão, divergência e ambiguidade.;12/04/2026;2;14/04/2026;2;16/04/2026;2;18/04/2026;2;20/04/2026;2;22/04/2026;2;24/04/2026;2;26/04/2026;1;27/04/2026;1;28/04/2026;2;30/04/2026;Não;Sim;5%;0%;R$ 9.406,69;R$ 8.958,75;CW90101;4504000101;FORNECEDOR FICTICIO 01 LTDA;590001;N/A;N/A;NL8101;;;30/04/2026;06/05/2026;5;0,2;10;0,02;1;0,1;12/04/2026;DENTRO;12;CONCLUÍDO;;;
1300010260;13000102;60;Material;Spot;180102;EPI DE SEGURANCA TESTE;R$ 9.042,50;G12;COMPRADOR FICTICIO 02;Compras Ágeis;Compras Ágeis;CTRD;Operação Central;13/04/2026;Concluída;USUARIO.FICTICIO;G12 - Mat. Terminais;COMPRADOR FICTICIO 02;WS9100000102;Spot - Concorrência;DADO FICTICIO PARA TESTE DE CONTRATUALIZACAO;Não;Materiais - Spot <=1M;30;18;12. Concluída;Área Teste;Registro sintético para testar conexão, divergência e ambiguidade.;13/04/2026;2;15/04/2026;2;17/04/2026;2;19/04/2026;2;21/04/2026;2;23/04/2026;2;25/04/2026;2;27/04/2026;1;28/04/2026;1;29/04/2026;2;01/05/2026;Não;Sim;5%;0%;R$ 9.494,62;R$ 9.042,50;CW90102;4504000102;FORNECEDOR FICTICIO 02 LTDA;590002;N/A;N/A;NL8102;;;01/05/2026;07/05/2026;5;0,2;10;0,02;1;0,1;13/04/2026;DENTRO;12;CONCLUÍDO;;;
1300010370;13000103;70;Material;Contrato;180103;PARAFUSO INDUSTRIAL TESTE;R$ 9.126,25;G29;COMPRADOR FICTICIO 03;Compras Ágeis;Compras Ágeis;CLNC;Operação Norte;14/04/2026;Concluída;USUARIO.FICTICIO;G41 - Mat. Administrativo;COMPRADOR FICTICIO 03;WS9100000103;Contrato - Concorrência;DADO FICTICIO PARA TESTE DE CONTRATUALIZACAO;Não;Materiais - Contrato <=1M;30;18;12. Concluída;Área Teste;Registro sintético para testar conexão, divergência e ambiguidade.;14/04/2026;2;16/04/2026;2;18/04/2026;2;20/04/2026;2;22/04/2026;2;24/04/2026;2;26/04/2026;2;28/04/2026;1;29/04/2026;1;30/04/2026;2;02/05/2026;Sim;Sim;5%;0%;R$ 9.582,56;R$ 9.126,25;CW90103;4504000103;FORNECEDOR FICTICIO 03 LTDA;590003;12 meses;IPCA;NL8103;;;02/05/2026;08/05/2026;5;0,2;10;0,02;1;0,1;14/04/2026;DENTRO;12;CONCLUÍDO;;;
1300010480;13000104;80;Serviço;Contrato;;SERVICO DE MANUTENCAO TESTE;R$ 9.210,00;G32;COMPRADOR FICTICIO 04;Compras Ágeis;Compras Ágeis;CT16;Operação Sul;15/04/2026;Concluída;USUARIO.FICTICIO;S15 - MSA - Manut. Loco;COMPRADOR FICTICIO 04;WS9100000104;Contrato - Concorrência;DADO FICTICIO PARA TESTE DE CONTRATUALIZACAO;Não;Serviços - Contrato <=1M;30;18;12. Concluída;Área Teste;Registro sintético para testar conexão, divergência e ambiguidade.;15/04/2026;2;17/04/2026;2;19/04/2026;2;21/04/2026;2;23/04/2026;2;25/04/2026;2;27/04/2026;2;29/04/2026;1;30/04/2026;1;01/05/2026;2;03/05/2026;Sim;Sim;5%;0%;R$ 9.670,50;R$ 9.210,00;CW90104;4504000104;FORNECEDOR FICTICIO 04 LTDA;590004;12 meses;IPCA;NL8104;;;03/05/2026;09/05/2026;5;0,2;10;0,02;1;0,1;15/04/2026;DENTRO;12;CONCLUÍDO;;;
1300010590;13000105;90;Material;Contrato;180105;FERRAMENTA MANUAL TESTE;R$ 9.293,75;G33;COMPRADOR FICTICIO 05;Compras Ágeis;Compras Ágeis;CTRV;Operação Central;16/04/2026;Concluída;USUARIO.FICTICIO;G33 - Serv. de Oficinas;COMPRADOR FICTICIO 05;WS9100000105;Contrato - Concorrência;DADO FICTICIO PARA TESTE DE CONTRATUALIZACAO;Não;Materiais - Contrato <=1M;30;18;12. Concluída;Área Teste;Registro sintético para testar conexão, divergência e ambiguidade.;16/04/2026;2;18/04/2026;2;20/04/2026;2;22/04/2026;2;24/04/2026;2;26/04/2026;2;28/04/2026;2;30/04/2026;1;01/05/2026;1;02/05/2026;2;04/05/2026;Sim;Sim;5%;0%;R$ 9.758,44;R$ 9.293,75;CW90105;4504000105;FORNECEDOR FICTICIO 05 LTDA;590005;12 meses;IPCA;NL8105;;;04/05/2026;10/05/2026;5;0,2;10;0,02;1;0,1;16/04/2026;DENTRO;12;CONCLUÍDO;;;
13000106100;13000106;100;Serviço;Contrato;;SERVICO DE CONSULTORIA TESTE;R$ 9.377,50;A46;COMPRADOR FICTICIO 06;Compras Ágeis;Compras Ágeis;CZAR;Operação Norte;17/04/2026;Concluída;USUARIO.FICTICIO;G41 - Mat. Administrativo;COMPRADOR FICTICIO 06;WS9100000106;Contrato - Concorrência;DADO FICTICIO PARA TESTE DE CONTRATUALIZACAO;Não;Serviços - Contrato <=1M;30;18;12. Concluída;Área Teste;Registro sintético para testar conexão, divergência e ambiguidade.;17/04/2026;2;19/04/2026;2;21/04/2026;2;23/04/2026;2;25/04/2026;2;27/04/2026;2;29/04/2026;2;01/05/2026;1;02/05/2026;1;03/05/2026;2;05/05/2026;Sim;Sim;5%;0%;R$ 9.846,38;R$ 9.377,50;CW90106;4504000106;FORNECEDOR FICTICIO 06 LTDA;590006;12 meses;IPCA;NL8106;;;05/05/2026;11/05/2026;5;0,2;10;0,02;1;0,1;17/04/2026;DENTRO;12;CONCLUÍDO;;;
13000107110;13000107;110;Material;Contrato;180107;OLEO LUBRIFICANTE TESTE;R$ 9.461,25;S15;COMPRADOR FICTICIO 07;Compras Ágeis;Compras Ágeis;CZXR;Operação Sul;18/04/2026;Concluída;USUARIO.FICTICIO;S15 - MSA - Manut. Loco;COMPRADOR FICTICIO 07;WS9100000107;Contrato - Concorrência;DADO FICTICIO PARA TESTE DE CONTRATUALIZACAO;Não;Materiais - Contrato <=1M;30;18;12. Concluída;Área Teste;Registro sintético para testar conexão, divergência e ambiguidade.;18/04/2026;2;20/04/2026;2;22/04/2026;2;24/04/2026;2;26/04/2026;2;28/04/2026;2;30/04/2026;2;02/05/2026;1;03/05/2026;1;04/05/2026;2;06/05/2026;Sim;Sim;5%;0%;R$ 9.934,31;R$ 9.461,25;CW90107;4504000107;FORNECEDOR FICTICIO 07 LTDA;590007;12 meses;IPCA;NL8107;;;06/05/2026;12/05/2026;5;0,2;10;0,02;1;0,1;18/04/2026;DENTRO;12;CONCLUÍDO;;;
13000108120;13000108;120;Material;Spot;180108;EPI DE SEGURANCA TESTE;R$ 9.545,00;A62;COMPRADOR FICTICIO 08;Compras Ágeis;Compras Ágeis;CZFB;Operação Central;19/04/2026;Concluída;USUARIO.FICTICIO;R01 - Projetos Especiais;COMPRADOR FICTICIO 08;WS9100000108;Spot - Concorrência;DADO FICTICIO PARA TESTE DE CONTRATUALIZACAO;Não;Materiais - Spot <=1M;30;18;12. Concluída;Área Teste;Registro sintético para testar conexão, divergência e ambiguidade.;19/04/2026;2;21/04/2026;2;23/04/2026;2;25/04/2026;2;27/04/2026;2;29/04/2026;2;01/05/2026;2;03/05/2026;1;04/05/2026;1;05/05/2026;2;07/05/2026;Não;Sim;5%;0%;R$ 10.022,25;R$ 9.545,00;CW90108;4504000108;FORNECEDOR FICTICIO 08 LTDA;590008;N/A;N/A;NL8108;;;07/05/2026;13/05/2026;5;0,2;10;0,02;1;0,1;19/04/2026;DENTRO;12;CONCLUÍDO;;;
1300010910;13000109;10;Material;Contrato;180109;PARAFUSO INDUSTRIAL TESTE;R$ 9.628,75;G08;COMPRADOR FICTICIO 09;Compras Ágeis;Compras Ágeis;CTRD;Operação Norte;20/04/2026;Concluída;USUARIO.FICTICIO;G08 - Ferramentas Gerais;COMPRADOR FICTICIO 09;WS9100000109;Contrato - Concorrência;DADO FICTICIO PARA TESTE DE CONTRATUALIZACAO;Não;Materiais - Contrato <=1M;30;18;12. Concluída;Área Teste;Registro sintético para testar conexão, divergência e ambiguidade.;20/04/2026;2;22/04/2026;2;24/04/2026;2;26/04/2026;2;28/04/2026;2;30/04/2026;2;02/05/2026;2;04/05/2026;1;05/05/2026;1;06/05/2026;2;08/05/2026;Sim;Sim;5%;0%;R$ 10.110,19;R$ 9.628,75;CW90109;4504000109;FORNECEDOR FICTICIO 09 LTDA;590009;12 meses;IPCA;NL8109;;;08/05/2026;14/05/2026;5;0,2;10;0,02;1;0,1;20/04/2026;DENTRO;12;CONCLUÍDO;;;
1300011020;13000110;20;Serviço;Spot;;SERVICO DE MANUTENCAO TESTE;R$ 9.712,50;G11;COMPRADOR FICTICIO 10;Compras Ágeis;Compras Ágeis;CLNC;Operação Sul;21/04/2026;Concluída;USUARIO.FICTICIO;G11 - Lub., Óleo e afins;COMPRADOR FICTICIO 10;WS9100000110;Spot - Concorrência;DADO FICTICIO PARA TESTE DE CONTRATUALIZACAO;Não;Serviços - Spot <=1M;30;18;12. Concluída;Área Teste;Registro sintético para testar conexão, divergência e ambiguidade.;21/04/2026;2;23/04/2026;2;25/04/2026;2;27/04/2026;2;29/04/2026;2;01/05/2026;2;03/05/2026;2;05/05/2026;1;06/05/2026;1;07/05/2026;2;09/05/2026;Não;Sim;5%;0%;R$ 10.198,12;R$ 9.712,50;CW90110;4504000110;FORNECEDOR FICTICIO 10 LTDA;590010;N/A;N/A;NL8110;;;09/05/2026;15/05/2026;5;0,2;10;0,02;1;0,1;21/04/2026;DENTRO;12;CONCLUÍDO;;;
1300011130;13000111;30;Material;Spot;180111;FERRAMENTA MANUAL TESTE;R$ 9.796,25;G12;COMPRADOR FICTICIO 11;Compras Ágeis;Compras Ágeis;CT16;Operação Central;22/04/2026;Concluída;USUARIO.FICTICIO;G12 - Mat. Terminais;COMPRADOR FICTICIO 11;WS9100000111;Spot - Concorrência;DADO FICTICIO PARA TESTE DE CONTRATUALIZACAO;Não;Materiais - Spot <=1M;30;18;12. Concluída;Área Teste;Registro sintético para testar conexão, divergência e ambiguidade.;22/04/2026;2;24/04/2026;2;26/04/2026;2;28/04/2026;2;30/04/2026;2;02/05/2026;2;04/05/2026;2;06/05/2026;1;07/05/2026;1;08/05/2026;2;10/05/2026;Não;Sim;5%;0%;R$ 10.286,06;R$ 9.796,25;CW90111;4504000111;FORNECEDOR FICTICIO 11 LTDA;590011;N/A;N/A;NL8111;;;10/05/2026;16/05/2026;5;0,2;10;0,02;1;0,1;22/04/2026;DENTRO;12;CONCLUÍDO;;;
1300011240;13000112;40;Serviço;Contrato;;SERVICO DE CONSULTORIA TESTE;R$ 9.880,00;G29;COMPRADOR FICTICIO 12;Compras Ágeis;Compras Ágeis;CTRV;Operação Norte;23/04/2026;Concluída;USUARIO.FICTICIO;G29 - EPIs;COMPRADOR FICTICIO 12;WS9100000112;Contrato - Concorrência;DADO FICTICIO PARA TESTE DE CONTRATUALIZACAO;Não;Serviços - Contrato <=1M;30;18;12. Concluída;Área Teste;Registro sintético para testar conexão, divergência e ambiguidade.;23/04/2026;2;25/04/2026;2;27/04/2026;2;29/04/2026;2;01/05/2026;2;03/05/2026;2;05/05/2026;2;07/05/2026;1;08/05/2026;1;09/05/2026;2;11/05/2026;Sim;Sim;5%;0%;R$ 10.374,00;R$ 9.880,00;CW90112;4504000112;FORNECEDOR FICTICIO 12 LTDA;590012;12 meses;IPCA;NL8112;;;11/05/2026;17/05/2026;5;0,2;10;0,02;1;0,1;23/04/2026;DENTRO;12;CONCLUÍDO;;;
1300011350;13000113;50;Material;Contrato;180113;OLEO LUBRIFICANTE TESTE;R$ 9.963,75;A21;COMPRADOR FICTICIO 13;Compras Ágeis;Compras Ágeis;CZAR;Operação Sul;24/04/2026;Concluída;USUARIO.FICTICIO;G32 - Mão de Obra;COMPRADOR FICTICIO 13;WS9100000113;Contrato - Concorrência;DADO FICTICIO PARA TESTE DE CONTRATUALIZACAO;Não;Materiais - Contrato <=1M;30;18;12. Concluída;Área Teste;Registro sintético para testar conexão, divergência e ambiguidade.;24/04/2026;2;26/04/2026;2;28/04/2026;2;30/04/2026;2;02/05/2026;2;04/05/2026;2;06/05/2026;2;08/05/2026;1;09/05/2026;1;10/05/2026;2;12/05/2026;Sim;Sim;5%;0%;R$ 10.461,94;R$ 9.963,75;CW90113;4504000113;FORNECEDOR FICTICIO 13 LTDA;590013;12 meses;IPCA;NL8113;;;12/05/2026;18/05/2026;5;0,2;10;0,02;1;0,1;24/04/2026;DENTRO;12;CONCLUÍDO;;;
1300011460;13000114;60;Material;Spot;180114;EPI DE SEGURANCA TESTE;R$ 10.047,50;G33;COMPRADOR FICTICIO 14;Compras Ágeis;Compras Ágeis;CZXR;Operação Central;25/04/2026;Concluída;USUARIO.FICTICIO;G33 - Serv. de Oficinas;COMPRADOR FICTICIO 14;WS9100000114;Spot - Concorrência;DADO FICTICIO PARA TESTE DE CONTRATUALIZACAO;Não;Materiais - Spot <=1M;30;18;12. Concluída;Área Teste;Registro sintético para testar conexão, divergência e ambiguidade.;25/04/2026;2;27/04/2026;2;29/04/2026;2;01/05/2026;2;03/05/2026;2;05/05/2026;2;07/05/2026;2;09/05/2026;1;10/05/2026;1;11/05/2026;2;13/05/2026;Não;Sim;5%;0%;R$ 10.549,88;R$ 10.047,50;CW90114;4504000114;FORNECEDOR FICTICIO 14 LTDA;590014;N/A;N/A;NL8114;;;13/05/2026;19/05/2026;5;0,2;10;0,02;1;0,1;25/04/2026;DENTRO;12;CONCLUÍDO;;;
1300011570;13000115;70;Material;Contrato;180115;PARAFUSO INDUSTRIAL TESTE;R$ 10.131,25;G41;COMPRADOR FICTICIO 15;Compras Ágeis;Compras Ágeis;CZFB;Operação Norte;26/04/2026;Concluída;USUARIO.FICTICIO;G41 - Mat. Administrativo;COMPRADOR FICTICIO 15;WS9100000115;Contrato - Concorrência;DADO FICTICIO PARA TESTE DE CONTRATUALIZACAO;Não;Materiais - Contrato <=1M;30;18;12. Concluída;Área Teste;Registro sintético para testar conexão, divergência e ambiguidade.;26/04/2026;2;28/04/2026;2;30/04/2026;2;02/05/2026;2;04/05/2026;2;06/05/2026;2;08/05/2026;2;10/05/2026;1;11/05/2026;1;12/05/2026;2;14/05/2026;Sim;Sim;5%;0%;R$ 10.637,81;R$ 10.131,25;CW90115;4504000115;FORNECEDOR FICTICIO 15 LTDA;590015;12 meses;IPCA;NL8115;;;14/05/2026;20/05/2026;5;0,2;10;0,02;1;0,1;26/04/2026;DENTRO;12;CONCLUÍDO;;;
1300011680;13000116;80;Serviço;Contrato;;SERVICO DE MANUTENCAO TESTE;R$ 10.215,00;S15;COMPRADOR FICTICIO 16;Compras Ágeis;Compras Ágeis;CTRD;Operação Sul;27/04/2026;Concluída;USUARIO.FICTICIO;G11 - Lub., Óleo e afins;COMPRADOR FICTICIO 16;WS9100000116;Contrato - Concorrência;DADO FICTICIO PARA TESTE DE CONTRATUALIZACAO;Não;Serviços - Contrato <=1M;30;18;12. Concluída;Área Teste;Registro sintético para testar conexão, divergência e ambiguidade.;27/04/2026;2;29/04/2026;2;01/05/2026;2;03/05/2026;2;05/05/2026;2;07/05/2026;2;09/05/2026;2;11/05/2026;1;12/05/2026;1;13/05/2026;2;15/05/2026;Sim;Sim;5%;0%;R$ 10.725,75;R$ 10.215,00;CW90116;4504000116;FORNECEDOR FICTICIO 16 LTDA;590016;12 meses;IPCA;NL8116;;;15/05/2026;21/05/2026;5;0,2;10;0,02;1;0,1;27/04/2026;DENTRO;12;CONCLUÍDO;;;
1300011790;13000117;90;Material;Spot;180117;FERRAMENTA MANUAL TESTE;R$ 10.298,75;R01;COMPRADOR FICTICIO 17;Compras Ágeis;Compras Ágeis;CLNC;Operação Central;28/04/2026;Concluída;USUARIO.FICTICIO;G12 - Mat. Terminais;COMPRADOR FICTICIO 17;WS9100000117;Spot - Concorrência;DADO FICTICIO PARA TESTE DE CONTRATUALIZACAO;Não;Materiais - Spot <=1M;30;18;12. Concluída;Área Teste;Registro sintético para testar conexão, divergência e ambiguidade.;28/04/2026;2;30/04/2026;2;02/05/2026;2;04/05/2026;2;06/05/2026;2;08/05/2026;2;10/05/2026;2;12/05/2026;1;13/05/2026;1;14/05/2026;2;16/05/2026;Não;Sim;5%;0%;R$ 10.813,69;R$ 10.298,75;CW90117;4504000117;FORNECEDOR FICTICIO 17 LTDA;590017;N/A;N/A;NL8117;;;16/05/2026;22/05/2026;5;0,2;10;0,02;1;0,1;28/04/2026;DENTRO;12;CONCLUÍDO;;;
13000118100;13000118;100;Serviço;Contrato;;SERVICO DE CONSULTORIA TESTE;R$ 10.382,50;A53;COMPRADOR FICTICIO 18;Compras Ágeis;Compras Ágeis;CT16;Operação Norte;29/04/2026;Concluída;USUARIO.FICTICIO;G08 - Ferramentas Gerais;COMPRADOR FICTICIO 18;WS9100000118;Contrato - Concorrência;DADO FICTICIO PARA TESTE DE CONTRATUALIZACAO;Não;Serviços - Contrato <=1M;30;18;12. Concluída;Área Teste;Registro sintético para testar conexão, divergência e ambiguidade.;29/04/2026;2;01/05/2026;2;03/05/2026;2;05/05/2026;2;07/05/2026;2;09/05/2026;2;11/05/2026;2;13/05/2026;1;14/05/2026;1;15/05/2026;2;17/05/2026;Sim;Sim;5%;0%;R$ 10.901,62;R$ 10.382,50;CW90118;4504000118;FORNECEDOR FICTICIO 18 LTDA;590018;12 meses;IPCA;NL8118;;;17/05/2026;23/05/2026;5;0,2;10;0,02;1;0,1;29/04/2026;DENTRO;12;CONCLUÍDO;;;
13000119110;13000119;110;Material;Contrato;180119;OLEO LUBRIFICANTE TESTE;R$ 10.466,25;G11;COMPRADOR FICTICIO 19;Compras Ágeis;Compras Ágeis;CTRV;Operação Sul;30/04/2026;Concluída;USUARIO.FICTICIO;G11 - Lub., Óleo e afins;COMPRADOR FICTICIO 19;WS9100000119;Contrato - Concorrência;DADO FICTICIO PARA TESTE DE CONTRATUALIZACAO;Não;Materiais - Contrato <=1M;30;18;12. Concluída;Área Teste;Registro sintético para testar conexão, divergência e ambiguidade.;30/04/2026;2;02/05/2026;2;04/05/2026;2;06/05/2026;2;08/05/2026;2;10/05/2026;2;12/05/2026;2;14/05/2026;1;15/05/2026;1;16/05/2026;2;18/05/2026;Sim;Sim;5%;0%;R$ 10.989,56;R$ 10.466,25;CW90119;4504000119;FORNECEDOR FICTICIO 19 LTDA;590019;12 meses;IPCA;NL8119;;;18/05/2026;24/05/2026;5;0,2;10;0,02;1;0,1;30/04/2026;DENTRO;12;CONCLUÍDO;;;
13000120120;13000120;120;Material;Spot;180120;EPI DE SEGURANCA TESTE;R$ 10.550,00;G12;COMPRADOR FICTICIO 20;Compras Ágeis;Compras Ágeis;CZAR;Operação Central;01/05/2026;Concluída;USUARIO.FICTICIO;G12 - Mat. Terminais;COMPRADOR FICTICIO 20;WS9100000120;Spot - Concorrência;DADO FICTICIO PARA TESTE DE CONTRATUALIZACAO;Não;Materiais - Spot <=1M;30;18;12. Concluída;Área Teste;Registro sintético para testar conexão, divergência e ambiguidade.;01/05/2026;2;03/05/2026;2;05/05/2026;2;07/05/2026;2;09/05/2026;2;11/05/2026;2;13/05/2026;2;15/05/2026;1;16/05/2026;1;17/05/2026;2;19/05/2026;Não;Sim;5%;0%;R$ 11.077,50;R$ 10.550,00;CW90120;4504000120;FORNECEDOR FICTICIO 20 LTDA;590020;N/A;N/A;NL8120;;;19/05/2026;25/05/2026;5;0,2;10;0,02;1;0,1;01/05/2026;DENTRO;12;CONCLUÍDO;;;
1300012110;13000121;10;Material;Contrato;180121;PARAFUSO INDUSTRIAL TESTE;R$ 10.633,75;A69;COMPRADOR FICTICIO 01;Compras Ágeis;Compras Ágeis;CZXR;Operação Norte;02/05/2026;Concluída;USUARIO.FICTICIO;G29 - EPIs;COMPRADOR FICTICIO 01;WS9100000121;Contrato - Concorrência;DADO FICTICIO PARA TESTE DE CONTRATUALIZACAO;Não;Materiais - Contrato <=1M;30;18;12. Concluída;Área Teste;Registro sintético para testar conexão, divergência e ambiguidade.;02/05/2026;2;04/05/2026;2;06/05/2026;2;08/05/2026;2;10/05/2026;2;12/05/2026;2;14/05/2026;2;16/05/2026;1;17/05/2026;1;18/05/2026;2;20/05/2026;Sim;Sim;5%;0%;R$ 11.165,44;R$ 10.633,75;CW90121;4504000121;FORNECEDOR FICTICIO 01 LTDA;590001;12 meses;IPCA;NL8121;;;20/05/2026;26/05/2026;5;0,2;10;0,02;1;0,1;02/05/2026;DENTRO;12;CONCLUÍDO;;;
1300012220;13000122;20;Serviço;Contrato;;SERVICO DE MANUTENCAO TESTE;R$ 10.717,50;N/D;COMPRADOR FICTICIO 02;Compras Ágeis;Compras Ágeis;CZFB;Operação Sul;03/05/2026;Concluída;USUARIO.FICTICIO;G32 - Mão de Obra;COMPRADOR FICTICIO 02;WS9100000122;Contrato - Concorrência;DADO FICTICIO PARA TESTE DE CONTRATUALIZACAO;Não;Serviços - Contrato <=1M;30;18;12. Concluída;Área Teste;Registro sintético para testar conexão, divergência e ambiguidade.;03/05/2026;2;05/05/2026;2;07/05/2026;2;09/05/2026;2;11/05/2026;2;13/05/2026;2;15/05/2026;2;17/05/2026;1;18/05/2026;1;19/05/2026;2;21/05/2026;Sim;Sim;5%;0%;R$ 11.253,38;R$ 10.717,50;CW90122;4504000122;FORNECEDOR FICTICIO 02 LTDA;590002;12 meses;IPCA;NL8122;;;21/05/2026;27/05/2026;5;0,2;10;0,02;1;0,1;03/05/2026;DENTRO;12;CONCLUÍDO;;;
1300012330;13000123;30;Material;Spot;180123;FERRAMENTA MANUAL TESTE;R$ 10.801,25;G33;COMPRADOR FICTICIO 03;Compras Ágeis;Compras Ágeis;CTRD;Operação Central;04/05/2026;Concluída;USUARIO.FICTICIO;G33 - Serv. de Oficinas;COMPRADOR FICTICIO 03;WS9100000123;Spot - Concorrência;DADO FICTICIO PARA TESTE DE CONTRATUALIZACAO;Não;Materiais - Spot <=1M;30;18;12. Concluída;Área Teste;Registro sintético para testar conexão, divergência e ambiguidade.;04/05/2026;2;06/05/2026;2;08/05/2026;2;10/05/2026;2;12/05/2026;2;14/05/2026;2;16/05/2026;2;18/05/2026;1;19/05/2026;1;20/05/2026;2;22/05/2026;Não;Sim;5%;0%;R$ 11.341,31;R$ 10.801,25;CW90123;4504000123;FORNECEDOR FICTICIO 03 LTDA;590003;N/A;N/A;NL8123;;;22/05/2026;28/05/2026;5;0,2;10;0,02;1;0,1;04/05/2026;DENTRO;12;CONCLUÍDO;;;
1300012440;13000124;40;Serviço;Contrato;;SERVICO DE CONSULTORIA TESTE;R$ 10.885,00;G41;COMPRADOR FICTICIO 04;Compras Ágeis;Compras Ágeis;CLNC;Operação Norte;05/05/2026;Concluída;USUARIO.FICTICIO;G41 - Mat. Administrativo;COMPRADOR FICTICIO 04;WS9100000124;Contrato - Concorrência;DADO FICTICIO PARA TESTE DE CONTRATUALIZACAO;Não;Serviços - Contrato <=1M;30;18;12. Concluída;Área Teste;Registro sintético para testar conexão, divergência e ambiguidade.;05/05/2026;2;07/05/2026;2;09/05/2026;2;11/05/2026;2;13/05/2026;2;15/05/2026;2;17/05/2026;2;19/05/2026;1;20/05/2026;1;21/05/2026;2;23/05/2026;Sim;Sim;5%;0%;R$ 11.429,25;R$ 10.885,00;CW90124;4504000124;FORNECEDOR FICTICIO 04 LTDA;590004;12 meses;IPCA;NL8124;;;23/05/2026;29/05/2026;5;0,2;10;0,02;1;0,1;05/05/2026;DENTRO;12;CONCLUÍDO;;;
1300012550;13000125;50;Material;Contrato;180125;OLEO LUBRIFICANTE TESTE;R$ 10.968,75;S15;COMPRADOR FICTICIO 05;Compras Ágeis;Compras Ágeis;CT16;Operação Sul;06/05/2026;Concluída;USUARIO.FICTICIO;S15 - MSA - Manut. Loco;COMPRADOR FICTICIO 05;WS9100000125;Contrato - Concorrência;DADO FICTICIO PARA TESTE DE CONTRATUALIZACAO;Não;Materiais - Contrato <=1M;30;18;12. Concluída;Área Teste;Registro sintético para testar conexão, divergência e ambiguidade.;06/05/2026;2;08/05/2026;2;10/05/2026;2;12/05/2026;2;14/05/2026;2;16/05/2026;2;18/05/2026;2;20/05/2026;1;21/05/2026;1;22/05/2026;2;24/05/2026;Sim;Sim;5%;0%;R$ 11.517,19;R$ 10.968,75;CW90125;4504000125;FORNECEDOR FICTICIO 05 LTDA;590005;12 meses;IPCA;NL8125;;;24/05/2026;30/05/2026;5;0,2;10;0,02;1;0,1;06/05/2026;DENTRO;12;CONCLUÍDO;;;
1300012660;13000126;60;Material;Spot;180126;EPI DE SEGURANCA TESTE;R$ 11.052,50;A33;COMPRADOR FICTICIO 06;Compras Ágeis;Compras Ágeis;CTRV;Operação Central;07/05/2026;Concluída;USUARIO.FICTICIO;R01 - Projetos Especiais;COMPRADOR FICTICIO 06;WS9100000126;Spot - Concorrência;DADO FICTICIO PARA TESTE DE CONTRATUALIZACAO;Não;Materiais - Spot <=1M;30;18;12. Concluída;Área Teste;Registro sintético para testar conexão, divergência e ambiguidade.;07/05/2026;2;09/05/2026;2;11/05/2026;2;13/05/2026;2;15/05/2026;2;17/05/2026;2;19/05/2026;2;21/05/2026;1;22/05/2026;1;23/05/2026;2;25/05/2026;Não;Sim;5%;0%;R$ 11.605,12;R$ 11.052,50;CW90126;4504000126;FORNECEDOR FICTICIO 06 LTDA;590006;N/A;N/A;NL8126;;;25/05/2026;31/05/2026;5;0,2;10;0,02;1;0,1;07/05/2026;DENTRO;12;CONCLUÍDO;;;
1300012770;13000127;70;Material;Contrato;180127;PARAFUSO INDUSTRIAL TESTE;R$ 11.136,25;G08;COMPRADOR FICTICIO 07;Compras Ágeis;Compras Ágeis;CZAR;Operação Norte;08/05/2026;Concluída;USUARIO.FICTICIO;G08 - Ferramentas Gerais;COMPRADOR FICTICIO 07;WS9100000127;Contrato - Concorrência;DADO FICTICIO PARA TESTE DE CONTRATUALIZACAO;Não;Materiais - Contrato <=1M;30;18;12. Concluída;Área Teste;Registro sintético para testar conexão, divergência e ambiguidade.;08/05/2026;2;10/05/2026;2;12/05/2026;2;14/05/2026;2;16/05/2026;2;18/05/2026;2;20/05/2026;2;22/05/2026;1;23/05/2026;1;24/05/2026;2;26/05/2026;Sim;Sim;5%;0%;R$ 11.693,06;R$ 11.136,25;CW90127;4504000127;FORNECEDOR FICTICIO 07 LTDA;590007;12 meses;IPCA;NL8127;;;26/05/2026;01/06/2026;5;0,2;10;0,02;1;0,1;08/05/2026;DENTRO;12;CONCLUÍDO;;;
1300012880;13000128;80;Serviço;Contrato;;SERVICO DE MANUTENCAO TESTE;R$ 11.220,00;G11;COMPRADOR FICTICIO 08;Compras Ágeis;Compras Ágeis;CZXR;Operação Sul;09/05/2026;Concluída;USUARIO.FICTICIO;G11 - Lub., Óleo e afins;COMPRADOR FICTICIO 08;WS9100000128;Contrato - Concorrência;DADO FICTICIO PARA TESTE DE CONTRATUALIZACAO;Não;Serviços - Contrato <=1M;30;18;12. Concluída;Área Teste;Registro sintético para testar conexão, divergência e ambiguidade.;09/05/2026;2;11/05/2026;2;13/05/2026;2;15/05/2026;2;17/05/2026;2;19/05/2026;2;21/05/2026;2;23/05/2026;1;24/05/2026;1;25/05/2026;2;27/05/2026;Sim;Sim;5%;0%;R$ 11.781,00;R$ 11.220,00;CW90128;4504000128;FORNECEDOR FICTICIO 08 LTDA;590008;12 meses;IPCA;NL8128;;;27/05/2026;02/06/2026;5;0,2;10;0,02;1;0,1;09/05/2026;DENTRO;12;CONCLUÍDO;;;
1300012990;13000129;90;Material;Spot;180129;FERRAMENTA MANUAL TESTE;R$ 11.303,75;G12;COMPRADOR FICTICIO 09;Compras Ágeis;Compras Ágeis;CZFB;Operação Central;10/05/2026;Concluída;USUARIO.FICTICIO;G12 - Mat. Terminais;COMPRADOR FICTICIO 09;WS9100000129;Spot - Concorrência;DADO FICTICIO PARA TESTE DE CONTRATUALIZACAO;Não;Materiais - Spot <=1M;30;18;12. Concluída;Área Teste;Registro sintético para testar conexão, divergência e ambiguidade.;10/05/2026;2;12/05/2026;2;14/05/2026;2;16/05/2026;2;18/05/2026;2;20/05/2026;2;22/05/2026;2;24/05/2026;1;25/05/2026;1;26/05/2026;2;28/05/2026;Não;Sim;5%;0%;R$ 11.868,94;R$ 11.303,75;CW90129;4504000129;FORNECEDOR FICTICIO 09 LTDA;590009;N/A;N/A;NL8129;;;28/05/2026;03/06/2026;5;0,2;10;0,02;1;0,1;10/05/2026;DENTRO;12;CONCLUÍDO;;;
13000130100;13000130;100;Serviço;Contrato;;SERVICO DE CONSULTORIA TESTE;R$ 11.387,50;G29;COMPRADOR FICTICIO 10;Compras Ágeis;Compras Ágeis;CTRD;Operação Norte;11/05/2026;Concluída;USUARIO.FICTICIO;G29 - EPIs;COMPRADOR FICTICIO 10;WS9100000130;Contrato - Concorrência;DADO FICTICIO PARA TESTE DE CONTRATUALIZACAO;Não;Serviços - Contrato <=1M;30;18;12. Concluída;Área Teste;Registro sintético para testar conexão, divergência e ambiguidade.;11/05/2026;2;13/05/2026;2;15/05/2026;2;17/05/2026;2;19/05/2026;2;21/05/2026;2;23/05/2026;2;25/05/2026;1;26/05/2026;1;27/05/2026;2;29/05/2026;Sim;Sim;5%;0%;R$ 11.956,88;R$ 11.387,50;CW90130;4504000130;FORNECEDOR FICTICIO 10 LTDA;590010;12 meses;IPCA;NL8130;;;29/05/2026;04/06/2026;5;0,2;10;0,02;1;0,1;11/05/2026;DENTRO;12;CONCLUÍDO;;;
13000131110;13000131;110;Material;Contrato;180131;OLEO LUBRIFICANTE TESTE;R$ 11.471,25;A64;COMPRADOR FICTICIO 11;Compras Ágeis;Compras Ágeis;CLNC;Operação Sul;12/05/2026;Concluída;USUARIO.FICTICIO;G32 - Mão de Obra;COMPRADOR FICTICIO 11;WS9100000131;Contrato - Concorrência;DADO FICTICIO PARA TESTE DE CONTRATUALIZACAO;Não;Materiais - Contrato <=1M;30;18;12. Concluída;Área Teste;Registro sintético para testar conexão, divergência e ambiguidade.;12/05/2026;2;14/05/2026;2;16/05/2026;2;18/05/2026;2;20/05/2026;2;22/05/2026;2;24/05/2026;2;26/05/2026;1;27/05/2026;1;28/05/2026;2;30/05/2026;Sim;Sim;5%;0%;R$ 12.044,81;R$ 11.471,25;CW90131;4504000131;FORNECEDOR FICTICIO 11 LTDA;590011;12 meses;IPCA;NL8131;;;30/05/2026;05/06/2026;5;0,2;10;0,02;1;0,1;12/05/2026;DENTRO;12;CONCLUÍDO;;;
13000132120;13000132;120;Material;Spot;180132;EPI DE SEGURANCA TESTE;R$ 11.555,00;G33;COMPRADOR FICTICIO 12;Compras Ágeis;Compras Ágeis;CT16;Operação Central;13/05/2026;Concluída;USUARIO.FICTICIO;G33 - Serv. de Oficinas;COMPRADOR FICTICIO 12;WS9100000132;Spot - Concorrência;DADO FICTICIO PARA TESTE DE CONTRATUALIZACAO;Não;Materiais - Spot <=1M;30;18;12. Concluída;Área Teste;Registro sintético para testar conexão, divergência e ambiguidade.;13/05/2026;2;15/05/2026;2;17/05/2026;2;19/05/2026;2;21/05/2026;2;23/05/2026;2;25/05/2026;2;27/05/2026;1;28/05/2026;1;29/05/2026;2;31/05/2026;Não;Sim;5%;0%;R$ 12.132,75;R$ 11.555,00;CW90132;4504000132;FORNECEDOR FICTICIO 12 LTDA;590012;N/A;N/A;NL8132;;;31/05/2026;06/06/2026;5;0,2;10;0,02;1;0,1;13/05/2026;DENTRO;12;CONCLUÍDO;;;
1300013310;13000133;10;Material;Contrato;180133;PARAFUSO INDUSTRIAL TESTE;R$ 11.638,75;A16;COMPRADOR FICTICIO 13;Compras Ágeis;Compras Ágeis;CTRV;Operação Norte;14/05/2026;Concluída;USUARIO.FICTICIO;G41 - Mat. Administrativo;COMPRADOR FICTICIO 13;WS9100000133;Contrato - Concorrência;DADO FICTICIO PARA TESTE DE CONTRATUALIZACAO;Não;Materiais - Contrato <=1M;30;18;12. Concluída;Área Teste;Registro sintético para testar conexão, divergência e ambiguidade.;14/05/2026;2;16/05/2026;2;18/05/2026;2;20/05/2026;2;22/05/2026;2;24/05/2026;2;26/05/2026;2;28/05/2026;1;29/05/2026;1;30/05/2026;2;01/06/2026;Sim;Sim;5%;0%;R$ 12.220,69;R$ 11.638,75;CW90133;4504000133;FORNECEDOR FICTICIO 13 LTDA;590013;12 meses;IPCA;NL8133;;;01/06/2026;07/06/2026;5;0,2;10;0,02;1;0,1;14/05/2026;DENTRO;12;CONCLUÍDO;;;
1300013320;13000133;20;Serviço;Contrato;;SERVICO DE MANUTENCAO TESTE;R$ 11.722,50;A19;COMPRADOR FICTICIO 14;Compras Ágeis;Compras Ágeis;CZAR;Operação Sul;15/05/2026;Concluída;USUARIO.FICTICIO;G11 - Lub., Óleo e afins;COMPRADOR FICTICIO 14;WS9100000134;Contrato - Concorrência;DADO FICTICIO PARA TESTE DE CONTRATUALIZACAO;Não;Serviços - Contrato <=1M;30;18;12. Concluída;Área Teste;Registro sintético para testar conexão, divergência e ambiguidade.;15/05/2026;2;17/05/2026;2;19/05/2026;2;21/05/2026;2;23/05/2026;2;25/05/2026;2;27/05/2026;2;29/05/2026;1;30/05/2026;1;31/05/2026;2;02/06/2026;Sim;Sim;5%;0%;R$ 12.308,62;R$ 11.722,50;CW90134;4504000133;FORNECEDOR FICTICIO 14 LTDA;590014;12 meses;IPCA;NL8134;;;02/06/2026;08/06/2026;5;0,2;10;0,02;1;0,1;15/05/2026;DENTRO;12;CONCLUÍDO;;;
1300013430;13000134;30;Material;Spot;180135;FERRAMENTA MANUAL TESTE;R$ 11.806,25;A21;COMPRADOR FICTICIO 15;Compras Ágeis;Compras Ágeis;CZXR;Operação Central;16/05/2026;Concluída;USUARIO.FICTICIO;G12 - Mat. Terminais;COMPRADOR FICTICIO 15;WS9100000135;Spot - Concorrência;DADO FICTICIO PARA TESTE DE CONTRATUALIZACAO;Não;Materiais - Spot <=1M;30;18;12. Concluída;Área Teste;Registro sintético para testar conexão, divergência e ambiguidade.;16/05/2026;2;18/05/2026;2;20/05/2026;2;22/05/2026;2;24/05/2026;2;26/05/2026;2;28/05/2026;2;30/05/2026;1;31/05/2026;1;01/06/2026;2;03/06/2026;Não;Sim;5%;0%;R$ 12.396,56;R$ 11.806,25;CW90135;4504000134;FORNECEDOR FICTICIO 15 LTDA;590015;N/A;N/A;NL8135;;;03/06/2026;09/06/2026;5;0,2;10;0,02;1;0,1;16/05/2026;DENTRO;12;CONCLUÍDO;;;
1300013640;13000136;40;Serviço;Contrato;;SERVICO DE CONSULTORIA TESTE;R$ 11.890,00;G08;COMPRADOR FICTICIO 16;Compras Ágeis;Compras Ágeis;CZFB;Operação Norte;17/05/2026;Concluída;USUARIO.FICTICIO;G08 - Ferramentas Gerais;COMPRADOR FICTICIO 16;WS9100000136;Contrato - Concorrência;DADO FICTICIO PARA TESTE DE CONTRATUALIZACAO;Não;Serviços - Contrato <=1M;30;18;12. Concluída;Área Teste;Registro sintético para testar conexão, divergência e ambiguidade.;17/05/2026;2;19/05/2026;2;21/05/2026;2;23/05/2026;2;25/05/2026;2;27/05/2026;2;29/05/2026;2;31/05/2026;1;01/06/2026;1;02/06/2026;2;04/06/2026;Sim;Sim;5%;0%;R$ 12.484,50;R$ 11.890,00;CW90136;4504000136;FORNECEDOR FICTICIO 16 LTDA;590016;12 meses;IPCA;NL8136;;;04/06/2026;10/06/2026;5;0,2;10;0,02;1;0,1;17/05/2026;DENTRO;12;CONCLUÍDO;;;
1300013750;13000137;50;Material;Contrato;180137;OLEO LUBRIFICANTE TESTE;R$ 11.973,75;A33;COMPRADOR FICTICIO 17;Compras Ágeis;Compras Ágeis;CTRD;Operação Sul;18/05/2026;Concluída;USUARIO.FICTICIO;G11 - Lub., Óleo e afins;COMPRADOR FICTICIO 17;WS9100000137;Contrato - Concorrência;DADO FICTICIO PARA TESTE DE CONTRATUALIZACAO;Não;Materiais - Contrato <=1M;30;18;12. Concluída;Área Teste;Registro sintético para testar conexão, divergência e ambiguidade.;18/05/2026;2;20/05/2026;2;22/05/2026;2;24/05/2026;2;26/05/2026;2;28/05/2026;2;30/05/2026;2;01/06/2026;1;02/06/2026;1;03/06/2026;2;05/06/2026;Sim;Sim;5%;0%;R$ 12.572,44;R$ 11.973,75;CW90137;4504000137;FORNECEDOR FICTICIO 17 LTDA;590017;12 meses;IPCA;NL8137;;;05/06/2026;11/06/2026;5;0,2;10;0,02;1;0,1;18/05/2026;DENTRO;12;CONCLUÍDO;;;
1300013860;13000138;60;Material;Spot;180138;EPI DE SEGURANCA TESTE;R$ 12.057,50;G12;COMPRADOR FICTICIO 18;Compras Ágeis;Compras Ágeis;CLNC;Operação Central;19/05/2026;Concluída;USUARIO.FICTICIO;G12 - Mat. Terminais;COMPRADOR FICTICIO 18;WS9100000138;Spot - Concorrência;DADO FICTICIO PARA TESTE DE CONTRATUALIZACAO;Não;Materiais - Spot <=1M;30;18;12. Concluída;Área Teste;Registro sintético para testar conexão, divergência e ambiguidade.;19/05/2026;2;21/05/2026;2;23/05/2026;2;25/05/2026;2;27/05/2026;2;29/05/2026;2;31/05/2026;2;02/06/2026;1;03/06/2026;1;04/06/2026;2;06/06/2026;Não;Sim;5%;0%;R$ 12.660,38;R$ 12.057,50;CW90138;4504000138;FORNECEDOR FICTICIO 18 LTDA;590018;N/A;N/A;NL8138;;;06/06/2026;12/06/2026;5;0,2;10;0,02;1;0,1;19/05/2026;DENTRO;12;CONCLUÍDO;;;
1300013970;13000139;70;Material;Contrato;180139;PARAFUSO INDUSTRIAL TESTE;R$ 12.141,25;G29;COMPRADOR FICTICIO 19;Compras Ágeis;Compras Ágeis;CT16;Operação Norte;20/05/2026;Concluída;USUARIO.FICTICIO;G29 - EPIs;COMPRADOR FICTICIO 19;WS9100000139;Contrato - Concorrência;DADO FICTICIO PARA TESTE DE CONTRATUALIZACAO;Não;Materiais - Contrato <=1M;30;18;12. Concluída;Área Teste;Registro sintético para testar conexão, divergência e ambiguidade.;20/05/2026;2;22/05/2026;2;24/05/2026;2;26/05/2026;2;28/05/2026;2;30/05/2026;2;01/06/2026;2;03/06/2026;1;04/06/2026;1;05/06/2026;2;07/06/2026;Sim;Sim;5%;0%;R$ 12.748,31;R$ 12.141,25;CW90139;4504000139;FORNECEDOR FICTICIO 19 LTDA;590019;12 meses;IPCA;NL8139;;;07/06/2026;13/06/2026;5;0,2;10;0,02;1;0,1;20/05/2026;DENTRO;12;CONCLUÍDO;;;
1300014080;13000140;80;Serviço;Contrato;;SERVICO DE MANUTENCAO TESTE;R$ 12.225,00;G32;COMPRADOR FICTICIO 20;Compras Ágeis;Compras Ágeis;CTRV;Operação Sul;21/05/2026;Concluída;USUARIO.FICTICIO;S15 - MSA - Manut. Loco;COMPRADOR FICTICIO 20;WS9100000140;Contrato - Concorrência;DADO FICTICIO PARA TESTE DE CONTRATUALIZACAO;Não;Serviços - Contrato <=1M;30;18;12. Concluída;Área Teste;Registro sintético para testar conexão, divergência e ambiguidade.;21/05/2026;2;23/05/2026;2;25/05/2026;2;27/05/2026;2;29/05/2026;2;31/05/2026;2;02/06/2026;2;04/06/2026;1;05/06/2026;1;06/06/2026;2;08/06/2026;Sim;Sim;5%;0%;R$ 12.836,25;R$ 12.225,00;CW90140;4504000140;FORNECEDOR FICTICIO 20 LTDA;590020;12 meses;IPCA;NL8140;;;08/06/2026;14/06/2026;5;0,2;10;0,02;1;0,1;21/05/2026;DENTRO;12;CONCLUÍDO;;;
1300014190;13000141;90;Material;Spot;180141;FERRAMENTA MANUAL TESTE;R$ 12.308,75;A62;COMPRADOR FICTICIO 01;Compras Ágeis;Compras Ágeis;CZAR;Operação Central;22/05/2026;Concluída;USUARIO.FICTICIO;G33 - Serv. de Oficinas;COMPRADOR FICTICIO 01;WS9100000141;Spot - Concorrência;DADO FICTICIO PARA TESTE DE CONTRATUALIZACAO;Não;Materiais - Spot <=1M;30;18;12. Concluída;Área Teste;Registro sintético para testar conexão, divergência e ambiguidade.;22/05/2026;2;24/05/2026;2;26/05/2026;2;28/05/2026;2;30/05/2026;2;01/06/2026;2;03/06/2026;2;05/06/2026;1;06/06/2026;1;07/06/2026;2;09/06/2026;Não;Sim;5%;0%;R$ 12.924,19;R$ 12.308,75;CW90141;4504000141;FORNECEDOR FICTICIO 01 LTDA;590001;N/A;N/A;NL8141;;;09/06/2026;15/06/2026;5;0,2;10;0,02;1;0,1;22/05/2026;DENTRO;12;CONCLUÍDO;;;
13000142100;13000142;100;Serviço;Contrato;;SERVICO DE CONSULTORIA TESTE;R$ 12.392,50;A64;COMPRADOR FICTICIO 02;Compras Ágeis;Compras Ágeis;CZXR;Operação Norte;23/05/2026;Concluída;USUARIO.FICTICIO;G41 - Mat. Administrativo;COMPRADOR FICTICIO 02;WS9100000142;Contrato - Concorrência;DADO FICTICIO PARA TESTE DE CONTRATUALIZACAO;Não;Serviços - Contrato <=1M;30;18;12. Concluída;Área Teste;Registro sintético para testar conexão, divergência e ambiguidade.;23/05/2026;2;25/05/2026;2;27/05/2026;2;29/05/2026;2;31/05/2026;2;02/06/2026;2;04/06/2026;2;06/06/2026;1;07/06/2026;1;08/06/2026;2;10/06/2026;Sim;Sim;5%;0%;R$ 13.012,12;R$ 12.392,50;CW90142;4504000142;FORNECEDOR FICTICIO 02 LTDA;590002;12 meses;IPCA;NL8142;;;10/06/2026;16/06/2026;5;0,2;10;0,02;1;0,1;23/05/2026;DENTRO;12;CONCLUÍDO;;;
13000142110;13000142;110;Material;Contrato;180143;OLEO LUBRIFICANTE TESTE;R$ 12.476,25;A69;COMPRADOR FICTICIO 03;Compras Ágeis;Compras Ágeis;CZFB;Operação Sul;24/05/2026;Concluída;USUARIO.FICTICIO;G11 - Lub., Óleo e afins;COMPRADOR FICTICIO 03;WS9100000143;Contrato - Concorrência;DADO FICTICIO PARA TESTE DE CONTRATUALIZACAO;Não;Materiais - Contrato <=1M;30;18;12. Concluída;Área Teste;Registro sintético para testar conexão, divergência e ambiguidade.;24/05/2026;2;26/05/2026;2;28/05/2026;2;30/05/2026;2;01/06/2026;2;03/06/2026;2;05/06/2026;2;07/06/2026;1;08/06/2026;1;09/06/2026;2;11/06/2026;Sim;Sim;5%;0%;R$ 13.100,06;R$ 12.476,25;CW90143;4504000143;FORNECEDOR FICTICIO 03 LTDA;590003;12 meses;IPCA;NL8143;;;11/06/2026;17/06/2026;5;0,2;10;0,02;1;0,1;24/05/2026;DENTRO;12;CONCLUÍDO;;;
13000144120;13000144;120;Material;Spot;180144;EPI DE SEGURANCA TESTE;R$ 12.560,00;R01;COMPRADOR FICTICIO 04;Compras Ágeis;Compras Ágeis;CTRD;Operação Central;25/05/2026;Concluída;USUARIO.FICTICIO;R01 - Projetos Especiais;COMPRADOR FICTICIO 04;WS9100000144;Spot - Concorrência;DADO FICTICIO PARA TESTE DE CONTRATUALIZACAO;Não;Materiais - Spot <=1M;30;18;12. Concluída;Área Teste;Registro sintético para testar conexão, divergência e ambiguidade.;25/05/2026;2;27/05/2026;2;29/05/2026;2;31/05/2026;2;02/06/2026;2;04/06/2026;2;06/06/2026;2;08/06/2026;1;09/06/2026;1;10/06/2026;2;12/06/2026;Não;Sim;5%;0%;R$ 13.188,00;R$ 12.560,00;CW90144;4504000144;FORNECEDOR FICTICIO 04 LTDA;590004;N/A;N/A;NL8144;;;12/06/2026;18/06/2026;5;0,2;10;0,02;1;0,1;25/05/2026;DENTRO;12;CONCLUÍDO;;;
1300014510;13000145;10;Material;Spot;180145;PARAFUSO INDUSTRIAL TESTE;R$ 12.643,75;G08;COMPRADOR FICTICIO 05;Compras Ágeis;Compras Ágeis;CLNC;Operação Norte;26/05/2026;Concluída;USUARIO.FICTICIO;G08 - Ferramentas Gerais;COMPRADOR FICTICIO 05;WS9100000145;Spot - Concorrência;DADO FICTICIO PARA TESTE DE CONTRATUALIZACAO;Não;Materiais - Spot <=1M;30;18;12. Concluída;Área Teste;Registro sintético para testar conexão, divergência e ambiguidade.;26/05/2026;2;28/05/2026;2;30/05/2026;2;01/06/2026;2;03/06/2026;2;05/06/2026;2;07/06/2026;2;09/06/2026;1;10/06/2026;1;11/06/2026;2;13/06/2026;Não;Sim;5%;0%;R$ 13.275,94;R$ 12.643,75;CW90145;4504000145;FORNECEDOR FICTICIO 05 LTDA;590005;N/A;N/A;NL8145;;;13/06/2026;19/06/2026;5;0,2;10;0,02;1;0,1;26/05/2026;DENTRO;12;CONCLUÍDO;;;
1300014620;13000146;20;Serviço;Contrato;;SERVICO DE MANUTENCAO TESTE;R$ 12.727,50;G11;COMPRADOR FICTICIO 06;Compras Ágeis;Compras Ágeis;CT16;Operação Sul;27/05/2026;Concluída;USUARIO.FICTICIO;G11 - Lub., Óleo e afins;COMPRADOR FICTICIO 06;WS9100000146;Contrato - Concorrência;DADO FICTICIO PARA TESTE DE CONTRATUALIZACAO;Não;Serviços - Contrato <=1M;30;18;12. Concluída;Área Teste;Registro sintético para testar conexão, divergência e ambiguidade.;27/05/2026;2;29/05/2026;2;31/05/2026;2;02/06/2026;2;04/06/2026;2;06/06/2026;2;08/06/2026;2;10/06/2026;1;11/06/2026;1;12/06/2026;2;14/06/2026;Sim;Sim;5%;0%;R$ 13.363,88;R$ 12.727,50;CW90146;4504000146;FORNECEDOR FICTICIO 06 LTDA;590006;12 meses;IPCA;NL8146;;;14/06/2026;20/06/2026;5;0,2;10;0,02;1;0,1;27/05/2026;DENTRO;12;CONCLUÍDO;;;
1300014730;13000147;30;Material;Spot;180147;FERRAMENTA MANUAL TESTE;R$ 12.811,25;G12;COMPRADOR FICTICIO 07;Compras Ágeis;Compras Ágeis;CTRV;Operação Central;28/05/2026;Concluída;USUARIO.FICTICIO;G12 - Mat. Terminais;COMPRADOR FICTICIO 07;WS9100000147;Spot - Concorrência;DADO FICTICIO PARA TESTE DE CONTRATUALIZACAO;Não;Materiais - Spot <=1M;30;18;12. Concluída;Área Teste;Registro sintético para testar conexão, divergência e ambiguidade.;28/05/2026;2;30/05/2026;2;01/06/2026;2;03/06/2026;2;05/06/2026;2;07/06/2026;2;09/06/2026;2;11/06/2026;1;12/06/2026;1;13/06/2026;2;15/06/2026;Não;Sim;5%;0%;R$ 13.451,81;R$ 12.811,25;CW90147;4504000147;FORNECEDOR FICTICIO 07 LTDA;590007;N/A;N/A;NL8147;;;15/06/2026;21/06/2026;5;0,2;10;0,02;1;0,1;28/05/2026;DENTRO;12;CONCLUÍDO;;;
1300014840;13000148;40;Serviço;Spot;;SERVICO DE CONSULTORIA TESTE;R$ 12.895,00;G29;COMPRADOR FICTICIO 08;Compras Ágeis;Compras Ágeis;CZAR;Operação Norte;29/05/2026;Concluída;USUARIO.FICTICIO;G29 - EPIs;COMPRADOR FICTICIO 08;WS9100000148;Spot - Concorrência;DADO FICTICIO PARA TESTE DE CONTRATUALIZACAO;Não;Serviços - Spot <=1M;30;18;12. Concluída;Área Teste;Registro sintético para testar conexão, divergência e ambiguidade.;29/05/2026;2;31/05/2026;2;02/06/2026;2;04/06/2026;2;06/06/2026;2;08/06/2026;2;10/06/2026;2;12/06/2026;1;13/06/2026;1;14/06/2026;2;16/06/2026;Não;Sim;5%;0%;R$ 13.539,75;R$ 12.895,00;CW90148;4504000148;FORNECEDOR FICTICIO 08 LTDA;590008;N/A;N/A;NL8148;;;16/06/2026;22/06/2026;5;0,2;10;0,02;1;0,1;29/05/2026;DENTRO;12;CONCLUÍDO;;;
1300014950;13000149;50;Material;Contrato;180149;OLEO LUBRIFICANTE TESTE;R$ 12.978,75;A42;COMPRADOR FICTICIO 09;Compras Ágeis;Compras Ágeis;CZXR;Operação Sul;30/05/2026;Concluída;USUARIO.FICTICIO;G32 - Mão de Obra;COMPRADOR FICTICIO 09;WS9100000149;Contrato - Concorrência;DADO FICTICIO PARA TESTE DE CONTRATUALIZACAO;Não;Materiais - Contrato <=1M;30;18;12. Concluída;Área Teste;Registro sintético para testar conexão, divergência e ambiguidade.;30/05/2026;2;01/06/2026;2;03/06/2026;2;05/06/2026;2;07/06/2026;2;09/06/2026;2;11/06/2026;2;13/06/2026;1;14/06/2026;1;15/06/2026;2;17/06/2026;Sim;Sim;5%;0%;R$ 13.627,69;R$ 12.978,75;CW90149;4504000149;FORNECEDOR FICTICIO 09 LTDA;590009;12 meses;IPCA;NL8149;;;17/06/2026;23/06/2026;5;0,2;10;0,02;1;0,1;30/05/2026;DENTRO;12;CONCLUÍDO;;;
1300015060;13000150;60;Material;Spot;180150;EPI DE SEGURANCA TESTE;R$ 13.062,50;G33;COMPRADOR FICTICIO 10;Compras Ágeis;Compras Ágeis;CZFB;Operação Central;31/05/2026;Concluída;USUARIO.FICTICIO;G33 - Serv. de Oficinas;COMPRADOR FICTICIO 10;WS9100000150;Spot - Concorrência;DADO FICTICIO PARA TESTE DE CONTRATUALIZACAO;Não;Materiais - Spot <=1M;30;18;12. Concluída;Área Teste;Registro sintético para testar conexão, divergência e ambiguidade.;31/05/2026;2;02/06/2026;2;04/06/2026;2;06/06/2026;2;08/06/2026;2;10/06/2026;2;12/06/2026;2;14/06/2026;1;15/06/2026;1;16/06/2026;2;18/06/2026;Não;Sim;5%;0%;R$ 13.715,62;R$ 13.062,50;CW90150;4504000150;FORNECEDOR FICTICIO 10 LTDA;590010;N/A;N/A;NL8150;;;18/06/2026;24/06/2026;5;0,2;10;0,02;1;0,1;31/05/2026;DENTRO;12;CONCLUÍDO;;;
1300015170;13000151;70;Material;Contrato;180151;PARAFUSO INDUSTRIAL TESTE;R$ 13.146,25;A53;COMPRADOR FICTICIO 11;Compras Ágeis;Compras Ágeis;CTRD;Operação Norte;01/06/2026;Concluída;USUARIO.FICTICIO;G41 - Mat. Administrativo;COMPRADOR FICTICIO 11;WS9100000151;Contrato - Concorrência;DADO FICTICIO PARA TESTE DE CONTRATUALIZACAO;Não;Materiais - Contrato <=1M;30;18;12. Concluída;Área Teste;Registro sintético para testar conexão, divergência e ambiguidade.;01/06/2026;2;03/06/2026;2;05/06/2026;2;07/06/2026;2;09/06/2026;2;11/06/2026;2;13/06/2026;2;15/06/2026;1;16/06/2026;1;17/06/2026;2;19/06/2026;Sim;Sim;5%;0%;R$ 13.803,56;R$ 13.146,25;CW90151;4504000151;FORNECEDOR FICTICIO 11 LTDA;590011;12 meses;IPCA;NL8151;;;19/06/2026;25/06/2026;5;0,2;10;0,02;1;0,1;01/06/2026;DENTRO;12;CONCLUÍDO;;;
1300015280;13000152;80;Serviço;Contrato;;SERVICO DE MANUTENCAO TESTE;R$ 13.230,00;S15;COMPRADOR FICTICIO 12;Compras Ágeis;Compras Ágeis;CLNC;Operação Sul;02/06/2026;Concluída;USUARIO.FICTICIO;S15 - MSA - Manut. Loco;COMPRADOR FICTICIO 12;WS9100000152;Contrato - Concorrência;DADO FICTICIO PARA TESTE DE CONTRATUALIZACAO;Não;Serviços - Contrato <=1M;30;18;12. Concluída;Área Teste;Registro sintético para testar conexão, divergência e ambiguidade.;02/06/2026;2;04/06/2026;2;06/06/2026;2;08/06/2026;2;10/06/2026;2;12/06/2026;2;14/06/2026;2;16/06/2026;1;17/06/2026;1;18/06/2026;2;20/06/2026;Sim;Sim;5%;0%;R$ 13.891,50;R$ 13.230,00;CW90152;4504000152;FORNECEDOR FICTICIO 12 LTDA;590012;12 meses;IPCA;NL8152;;;20/06/2026;26/06/2026;5;0,2;10;0,02;1;0,1;02/06/2026;DENTRO;12;CONCLUÍDO;;;
1300015390;13000153;90;Material;Spot;180153;FERRAMENTA MANUAL TESTE;R$ 13.313,75;A64;COMPRADOR FICTICIO 13;Compras Ágeis;Compras Ágeis;CT16;Operação Central;03/06/2026;Concluída;USUARIO.FICTICIO;R01 - Projetos Especiais;COMPRADOR FICTICIO 13;WS9100000153;Spot - Concorrência;DADO FICTICIO PARA TESTE DE CONTRATUALIZACAO;Não;Materiais - Spot <=1M;30;18;12. Concluída;Área Teste;Registro sintético para testar conexão, divergência e ambiguidade.;03/06/2026;2;05/06/2026;2;07/06/2026;2;09/06/2026;2;11/06/2026;2;13/06/2026;2;15/06/2026;2;17/06/2026;1;18/06/2026;1;19/06/2026;2;21/06/2026;Não;Sim;5%;0%;R$ 13.979,44;R$ 13.313,75;CW90153;4504000153;FORNECEDOR FICTICIO 13 LTDA;590013;N/A;N/A;NL8153;;;21/06/2026;27/06/2026;5;0,2;10;0,02;1;0,1;03/06/2026;DENTRO;12;CONCLUÍDO;;;
13000154100;13000154;100;Serviço;Contrato;;SERVICO DE CONSULTORIA TESTE;R$ 13.397,50;A69;COMPRADOR FICTICIO 14;Compras Ágeis;Compras Ágeis;CTRV;Operação Norte;04/06/2026;Concluída;USUARIO.FICTICIO;G08 - Ferramentas Gerais;COMPRADOR FICTICIO 14;WS9100000154;Contrato - Concorrência;DADO FICTICIO PARA TESTE DE CONTRATUALIZACAO;Não;Serviços - Contrato <=1M;30;18;12. Concluída;Área Teste;Registro sintético para testar conexão, divergência e ambiguidade.;04/06/2026;2;06/06/2026;2;08/06/2026;2;10/06/2026;2;12/06/2026;2;14/06/2026;2;16/06/2026;2;18/06/2026;1;19/06/2026;1;20/06/2026;2;22/06/2026;Sim;Sim;5%;0%;R$ 14.067,38;R$ 13.397,50;CW90154;4504000154;FORNECEDOR FICTICIO 14 LTDA;590014;12 meses;IPCA;NL8154;;;22/06/2026;28/06/2026;5;0,2;10;0,02;1;0,1;04/06/2026;DENTRO;12;CONCLUÍDO;;;
13000155110;13000155;110;Material;Contrato;180155;OLEO LUBRIFICANTE TESTE;R$ 13.481,25;G11;COMPRADOR FICTICIO 15;Compras Ágeis;Compras Ágeis;CZAR;Operação Sul;05/06/2026;Concluída;USUARIO.FICTICIO;G32 - Mão de Obra;COMPRADOR FICTICIO 15;WS9100000155;Contrato - Concorrência;DADO FICTICIO PARA TESTE DE CONTRATUALIZACAO;Não;Materiais - Contrato <=1M;30;18;12. Concluída;Área Teste;Registro sintético para testar conexão, divergência e ambiguidade.;05/06/2026;2;07/06/2026;2;09/06/2026;2;11/06/2026;2;13/06/2026;2;15/06/2026;2;17/06/2026;2;19/06/2026;1;20/06/2026;1;21/06/2026;2;23/06/2026;Sim;Sim;5%;0%;R$ 14.155,31;R$ 13.481,25;CW90155;4504000155;FORNECEDOR FICTICIO 15 LTDA;590015;12 meses;IPCA;NL8155;;;23/06/2026;29/06/2026;5;0,2;10;0,02;1;0,1;05/06/2026;DENTRO;12;CONCLUÍDO;;;
13000156120;13000156;120;Material;Spot;180156;EPI DE SEGURANCA TESTE;R$ 13.565,00;N/D;COMPRADOR FICTICIO 16;Compras Ágeis;Compras Ágeis;CZXR;Operação Central;06/06/2026;Concluída;USUARIO.FICTICIO;G12 - Mat. Terminais;COMPRADOR FICTICIO 16;WS9100000156;Spot - Concorrência;DADO FICTICIO PARA TESTE DE CONTRATUALIZACAO;Não;Materiais - Spot <=1M;30;18;12. Concluída;Área Teste;Registro sintético para testar conexão, divergência e ambiguidade.;06/06/2026;2;08/06/2026;2;10/06/2026;2;12/06/2026;2;14/06/2026;2;16/06/2026;2;18/06/2026;2;20/06/2026;1;21/06/2026;1;22/06/2026;2;24/06/2026;Não;Sim;5%;0%;R$ 14.243,25;R$ 13.565,00;CW90156;4504000156;FORNECEDOR FICTICIO 16 LTDA;590016;N/A;N/A;NL8156;;;24/06/2026;30/06/2026;5;0,2;10;0,02;1;0,1;06/06/2026;DENTRO;12;CONCLUÍDO;;;
1300015710;13000157;10;Material;Contrato;180157;PARAFUSO INDUSTRIAL TESTE;R$ 13.648,75;G29;COMPRADOR FICTICIO 17;Compras Ágeis;Compras Ágeis;CZFB;Operação Norte;07/06/2026;Concluída;USUARIO.FICTICIO;G29 - EPIs;COMPRADOR FICTICIO 17;WS9100000157;Contrato - Concorrência;DADO FICTICIO PARA TESTE DE CONTRATUALIZACAO;Não;Materiais - Contrato <=1M;30;18;12. Concluída;Área Teste;Registro sintético para testar conexão, divergência e ambiguidade.;07/06/2026;2;09/06/2026;2;11/06/2026;2;13/06/2026;2;15/06/2026;2;17/06/2026;2;19/06/2026;2;21/06/2026;1;22/06/2026;1;23/06/2026;2;25/06/2026;Sim;Sim;5%;0%;R$ 14.331,19;R$ 13.648,75;CW90157;4504000157;FORNECEDOR FICTICIO 17 LTDA;590017;12 meses;IPCA;NL8157;;;25/06/2026;01/07/2026;5;0,2;10;0,02;1;0,1;07/06/2026;DENTRO;12;CONCLUÍDO;;;
1300015820;13000158;20;Serviço;Contrato;;SERVICO DE MANUTENCAO TESTE;R$ 13.732,50;G32;COMPRADOR FICTICIO 18;Compras Ágeis;Compras Ágeis;CTRD;Operação Sul;08/06/2026;Concluída;USUARIO.FICTICIO;S15 - MSA - Manut. Loco;COMPRADOR FICTICIO 18;WS9100000158;Contrato - Concorrência;DADO FICTICIO PARA TESTE DE CONTRATUALIZACAO;Não;Serviços - Contrato <=1M;30;18;12. Concluída;Área Teste;Registro sintético para testar conexão, divergência e ambiguidade.;08/06/2026;2;10/06/2026;2;12/06/2026;2;14/06/2026;2;16/06/2026;2;18/06/2026;2;20/06/2026;2;22/06/2026;1;23/06/2026;1;24/06/2026;2;26/06/2026;Sim;Sim;5%;0%;R$ 14.419,12;R$ 13.732,50;CW90158;4504000158;FORNECEDOR FICTICIO 18 LTDA;590018;12 meses;IPCA;NL8158;;;26/06/2026;02/07/2026;5;0,2;10;0,02;1;0,1;08/06/2026;DENTRO;12;CONCLUÍDO;;;
1300015930;13000159;30;Material;Spot;180159;FERRAMENTA MANUAL TESTE;R$ 13.816,25;A33;COMPRADOR FICTICIO 19;Compras Ágeis;Compras Ágeis;CLNC;Operação Central;09/06/2026;Concluída;USUARIO.FICTICIO;G33 - Serv. de Oficinas;COMPRADOR FICTICIO 19;WS9100000159;Spot - Concorrência;DADO FICTICIO PARA TESTE DE CONTRATUALIZACAO;Não;Materiais - Spot <=1M;30;18;12. Concluída;Área Teste;Registro sintético para testar conexão, divergência e ambiguidade.;09/06/2026;2;11/06/2026;2;13/06/2026;2;15/06/2026;2;17/06/2026;2;19/06/2026;2;21/06/2026;2;23/06/2026;1;24/06/2026;1;25/06/2026;2;27/06/2026;Não;Sim;5%;0%;R$ 14.507,06;R$ 13.816,25;CW90159;4504000159 / 4504900159;FORNECEDOR FICTICIO 19 LTDA;590019;N/A;N/A;NL8159;;;27/06/2026;03/07/2026;5;0,2;10;0,02;1;0,1;09/06/2026;DENTRO;12;CONCLUÍDO;;;
1300016040;13000160;40;Serviço;Contrato;;SERVICO DE CONSULTORIA TESTE;R$ 13.900,00;G41;COMPRADOR FICTICIO 20;Compras Ágeis;Compras Ágeis;CT16;Operação Norte;10/06/2026;Concluída;USUARIO.FICTICIO;G41 - Mat. Administrativo;COMPRADOR FICTICIO 20;WS9100000160;Contrato - Concorrência;DADO FICTICIO PARA TESTE DE CONTRATUALIZACAO;Não;Serviços - Contrato <=1M;30;18;12. Concluída;Área Teste;Registro sintético para testar conexão, divergência e ambiguidade.;10/06/2026;2;12/06/2026;2;14/06/2026;2;16/06/2026;2;18/06/2026;2;20/06/2026;2;22/06/2026;2;24/06/2026;1;25/06/2026;1;26/06/2026;2;28/06/2026;Sim;Sim;5%;0%;R$ 14.595,00;R$ 13.900,00;CW90160;4504000160;FORNECEDOR FICTICIO 20 LTDA;590020;12 meses;IPCA;NL8160;;;28/06/2026;04/07/2026;5;0,2;10;0,02;1;0,1;10/06/2026;DENTRO;12;CONCLUÍDO;;;
1300016150;13000161;50;Material;Contrato;180161;OLEO LUBRIFICANTE TESTE;R$ 13.983,75;A46;COMPRADOR FICTICIO 01;Compras Ágeis;Compras Ágeis;CTRV;Operação Sul;11/06/2026;Concluída;USUARIO.FICTICIO;S15 - MSA - Manut. Loco;COMPRADOR FICTICIO 01;WS9100000161;Contrato - Concorrência;DADO FICTICIO PARA TESTE DE CONTRATUALIZACAO;Não;Materiais - Contrato <=1M;30;18;12. Concluída;Área Teste;Registro sintético para testar conexão, divergência e ambiguidade.;11/06/2026;2;13/06/2026;2;15/06/2026;2;17/06/2026;2;19/06/2026;2;21/06/2026;2;23/06/2026;2;25/06/2026;1;26/06/2026;1;27/06/2026;2;29/06/2026;Sim;Sim;5%;0%;R$ 14.682,94;R$ 13.983,75;CW90161;4504000161;FORNECEDOR FICTICIO 01 LTDA;590001;12 meses;IPCA;NL8161;;;29/06/2026;05/07/2026;5;0,2;10;0,02;1;0,1;11/06/2026;DENTRO;12;CONCLUÍDO;;;
1300016260;13000162;60;Material;Spot;180162;EPI DE SEGURANCA TESTE;R$ 14.067,50;R01;COMPRADOR FICTICIO 02;Compras Ágeis;Compras Ágeis;CZAR;Operação Central;12/06/2026;Concluída;USUARIO.FICTICIO;G12 - Mat. Terminais;COMPRADOR FICTICIO 02;WS9100000162;Spot - Concorrência;DADO FICTICIO PARA TESTE DE CONTRATUALIZACAO;Não;Materiais - Spot <=1M;30;18;12. Concluída;Área Teste;Registro sintético para testar conexão, divergência e ambiguidade.;12/06/2026;2;14/06/2026;2;16/06/2026;2;18/06/2026;2;20/06/2026;2;22/06/2026;2;24/06/2026;2;26/06/2026;1;27/06/2026;1;28/06/2026;2;30/06/2026;Não;Sim;5%;0%;R$ 14.770,88;R$ 14.067,50;CW90162;4504000162;FORNECEDOR FICTICIO 02 LTDA;590002;N/A;N/A;NL8162;;;30/06/2026;06/07/2026;5;0,2;10;0,02;1;0,1;12/06/2026;DENTRO;12;CONCLUÍDO;;;
1300016370;13000163;70;Material;Contrato;180163;PARAFUSO INDUSTRIAL TESTE;R$ 14.151,25;A62;COMPRADOR FICTICIO 03;Compras Ágeis;Compras Ágeis;CZXR;Operação Norte;13/06/2026;Concluída;USUARIO.FICTICIO;G08 - Ferramentas Gerais;COMPRADOR FICTICIO 03;WS9100000163;Contrato - Concorrência;DADO FICTICIO PARA TESTE DE CONTRATUALIZACAO;Não;Materiais - Contrato <=1M;30;18;12. Concluída;Área Teste;Registro sintético para testar conexão, divergência e ambiguidade.;13/06/2026;2;15/06/2026;2;17/06/2026;2;19/06/2026;2;21/06/2026;2;23/06/2026;2;25/06/2026;2;27/06/2026;1;28/06/2026;1;29/06/2026;2;01/07/2026;Sim;Sim;5%;0%;R$ 14.858,81;R$ 14.151,25;CW90163;4504000163;FORNECEDOR FICTICIO 03 LTDA;590003;12 meses;IPCA;NL8163;;;01/07/2026;07/07/2026;5;0,2;10;0,02;1;0,1;13/06/2026;DENTRO;12;CONCLUÍDO;;;
1300016380;13000163;80;Serviço;Contrato;;SERVICO DE MANUTENCAO TESTE;R$ 14.235,00;A64;COMPRADOR FICTICIO 04;Compras Ágeis;Compras Ágeis;CZFB;Operação Sul;14/06/2026;Concluída;USUARIO.FICTICIO;G32 - Mão de Obra;COMPRADOR FICTICIO 04;WS9100000164;Contrato - Concorrência;DADO FICTICIO PARA TESTE DE CONTRATUALIZACAO;Não;Serviços - Contrato <=1M;30;18;12. Concluída;Área Teste;Registro sintético para testar conexão, divergência e ambiguidade.;14/06/2026;2;16/06/2026;2;18/06/2026;2;20/06/2026;2;22/06/2026;2;24/06/2026;2;26/06/2026;2;28/06/2026;1;29/06/2026;1;30/06/2026;2;02/07/2026;Sim;Sim;5%;0%;R$ 14.946,75;R$ 14.235,00;CW90164;4504000163;FORNECEDOR FICTICIO 04 LTDA;590004;12 meses;IPCA;NL8164;;;02/07/2026;08/07/2026;5;0,2;10;0,02;1;0,1;14/06/2026;DENTRO;12;CONCLUÍDO;;;
1300016490;13000164;90;Material;Spot;180165;FERRAMENTA MANUAL TESTE;R$ 14.318,75;A69;COMPRADOR FICTICIO 05;Compras Ágeis;Compras Ágeis;CTRD;Operação Central;15/06/2026;Concluída;USUARIO.FICTICIO;G33 - Serv. de Oficinas;COMPRADOR FICTICIO 05;WS9100000165;Spot - Concorrência;DADO FICTICIO PARA TESTE DE CONTRATUALIZACAO;Não;Materiais - Spot <=1M;30;18;12. Concluída;Área Teste;Registro sintético para testar conexão, divergência e ambiguidade.;15/06/2026;2;17/06/2026;2;19/06/2026;2;21/06/2026;2;23/06/2026;2;25/06/2026;2;27/06/2026;2;29/06/2026;1;30/06/2026;1;01/07/2026;2;03/07/2026;Não;Sim;5%;0%;R$ 15.034,69;R$ 14.318,75;CW90165;4504000164;FORNECEDOR FICTICIO 05 LTDA;590005;N/A;N/A;NL8165;;;03/07/2026;09/07/2026;5;0,2;10;0,02;1;0,1;15/06/2026;DENTRO;12;CONCLUÍDO;;;
13000166100;13000166;100;Serviço;Contrato;;SERVICO DE CONSULTORIA TESTE;R$ 14.402,50;G29;COMPRADOR FICTICIO 06;Compras Ágeis;Compras Ágeis;CLNC;Operação Norte;16/06/2026;Concluída;USUARIO.FICTICIO;G29 - EPIs;COMPRADOR FICTICIO 06;WS9100000166;Contrato - Concorrência;DADO FICTICIO PARA TESTE DE CONTRATUALIZACAO;Não;Serviços - Contrato <=1M;30;18;12. Concluída;Área Teste;Registro sintético para testar conexão, divergência e ambiguidade.;16/06/2026;2;18/06/2026;2;20/06/2026;2;22/06/2026;2;24/06/2026;2;26/06/2026;2;28/06/2026;2;30/06/2026;1;01/07/2026;1;02/07/2026;2;04/07/2026;Sim;Sim;5%;0%;R$ 15.122,62;R$ 14.402,50;CW90166;4504000166;FORNECEDOR FICTICIO 06 LTDA;590006;12 meses;IPCA;NL8166;;;04/07/2026;10/07/2026;5;0,2;10;0,02;1;0,1;16/06/2026;DENTRO;12;CONCLUÍDO;;;
13000167110;13000167;110;Material;Contrato;180167;OLEO LUBRIFICANTE TESTE;R$ 14.486,25;G32;COMPRADOR FICTICIO 07;Compras Ágeis;Compras Ágeis;CT16;Operação Sul;17/06/2026;Concluída;USUARIO.FICTICIO;G32 - Mão de Obra;COMPRADOR FICTICIO 07;WS9100000167;Contrato - Concorrência;DADO FICTICIO PARA TESTE DE CONTRATUALIZACAO;Não;Materiais - Contrato <=1M;30;18;12. Concluída;Área Teste;Registro sintético para testar conexão, divergência e ambiguidade.;17/06/2026;2;19/06/2026;2;21/06/2026;2;23/06/2026;2;25/06/2026;2;27/06/2026;2;29/06/2026;2;01/07/2026;1;02/07/2026;1;03/07/2026;2;05/07/2026;Sim;Sim;5%;0%;R$ 15.210,56;R$ 14.486,25;CW90167;4504000167;FORNECEDOR FICTICIO 07 LTDA;590007;12 meses;IPCA;NL8167;;;05/07/2026;11/07/2026;5;0,2;10;0,02;1;0,1;17/06/2026;DENTRO;12;CONCLUÍDO;;;
13000168120;13000168;120;Material;Spot;180168;EPI DE SEGURANCA TESTE;R$ 14.570,00;G33;COMPRADOR FICTICIO 08;Compras Ágeis;Compras Ágeis;CTRV;Operação Central;18/06/2026;Concluída;USUARIO.FICTICIO;G33 - Serv. de Oficinas;COMPRADOR FICTICIO 08;WS9100000168;Spot - Concorrência;DADO FICTICIO PARA TESTE DE CONTRATUALIZACAO;Não;Materiais - Spot <=1M;30;18;12. Concluída;Área Teste;Registro sintético para testar conexão, divergência e ambiguidade.;18/06/2026;2;20/06/2026;2;22/06/2026;2;24/06/2026;2;26/06/2026;2;28/06/2026;2;30/06/2026;2;02/07/2026;1;03/07/2026;1;04/07/2026;2;06/07/2026;Não;Sim;5%;0%;R$ 15.298,50;R$ 14.570,00;CW90168;4504000168;FORNECEDOR FICTICIO 08 LTDA;590008;N/A;N/A;NL8168;;;06/07/2026;12/07/2026;5;0,2;10;0,02;1;0,1;18/06/2026;DENTRO;12;CONCLUÍDO;;;
1300016910;13000169;10;Material;Contrato;180169;PARAFUSO INDUSTRIAL TESTE;R$ 14.653,75;G41;COMPRADOR FICTICIO 09;Compras Ágeis;Compras Ágeis;CZAR;Operação Norte;19/06/2026;Concluída;USUARIO.FICTICIO;G41 - Mat. Administrativo;COMPRADOR FICTICIO 09;WS9100000169;Contrato - Concorrência;DADO FICTICIO PARA TESTE DE CONTRATUALIZACAO;Não;Materiais - Contrato <=1M;30;18;12. Concluída;Área Teste;Registro sintético para testar conexão, divergência e ambiguidade.;19/06/2026;2;21/06/2026;2;23/06/2026;2;25/06/2026;2;27/06/2026;2;29/06/2026;2;01/07/2026;2;03/07/2026;1;04/07/2026;1;05/07/2026;2;07/07/2026;Sim;Sim;5%;0%;R$ 15.386,44;R$ 14.653,75;CW90169;4504000169;FORNECEDOR FICTICIO 09 LTDA;590009;12 meses;IPCA;NL8169;;;07/07/2026;13/07/2026;5;0,2;10;0,02;1;0,1;19/06/2026;DENTRO;12;CONCLUÍDO;;;
1300017020;13000170;20;Serviço;Contrato;;SERVICO DE MANUTENCAO TESTE;R$ 14.737,50;S15;COMPRADOR FICTICIO 10;Compras Ágeis;Compras Ágeis;CZXR;Operação Sul;20/06/2026;Concluída;USUARIO.FICTICIO;S15 - MSA - Manut. Loco;COMPRADOR FICTICIO 10;WS9100000170;Contrato - Concorrência;DADO FICTICIO PARA TESTE DE CONTRATUALIZACAO;Não;Serviços - Contrato <=1M;30;18;12. Concluída;Área Teste;Registro sintético para testar conexão, divergência e ambiguidade.;20/06/2026;2;22/06/2026;2;24/06/2026;2;26/06/2026;2;28/06/2026;2;30/06/2026;2;02/07/2026;2;04/07/2026;1;05/07/2026;1;06/07/2026;2;08/07/2026;Sim;Sim;5%;0%;R$ 15.474,38;R$ 14.737,50;CW90170;4504000170;FORNECEDOR FICTICIO 10 LTDA;590010;12 meses;IPCA;NL8170;;;08/07/2026;14/07/2026;5;0,2;10;0,02;1;0,1;20/06/2026;DENTRO;12;CONCLUÍDO;;;
1300017130;13000171;30;Material;Spot;180171;FERRAMENTA MANUAL TESTE;R$ 14.821,25;R01;COMPRADOR FICTICIO 11;Compras Ágeis;Compras Ágeis;CZFB;Operação Central;21/06/2026;Concluída;USUARIO.FICTICIO;R01 - Projetos Especiais;COMPRADOR FICTICIO 11;WS9100000171;Spot - Concorrência;DADO FICTICIO PARA TESTE DE CONTRATUALIZACAO;Não;Materiais - Spot <=1M;30;18;12. Concluída;Área Teste;Registro sintético para testar conexão, divergência e ambiguidade.;21/06/2026;2;23/06/2026;2;25/06/2026;2;27/06/2026;2;29/06/2026;2;01/07/2026;2;03/07/2026;2;05/07/2026;1;06/07/2026;1;07/07/2026;2;09/07/2026;Não;Sim;5%;0%;R$ 15.562,31;R$ 14.821,25;CW90171;4504000171;FORNECEDOR FICTICIO 11 LTDA;590011;N/A;N/A;NL8171;;;09/07/2026;15/07/2026;5;0,2;10;0,02;1;0,1;21/06/2026;DENTRO;12;CONCLUÍDO;;;
1300017240;13000172;40;Serviço;Contrato;;SERVICO DE CONSULTORIA TESTE;R$ 14.905,00;G08;COMPRADOR FICTICIO 12;Compras Ágeis;Compras Ágeis;CTRD;Operação Norte;22/06/2026;Concluída;USUARIO.FICTICIO;G08 - Ferramentas Gerais;COMPRADOR FICTICIO 12;WS9100000172;Contrato - Concorrência;DADO FICTICIO PARA TESTE DE CONTRATUALIZACAO;Não;Serviços - Contrato <=1M;30;18;12. Concluída;Área Teste;Registro sintético para testar conexão, divergência e ambiguidade.;22/06/2026;2;24/06/2026;2;26/06/2026;2;28/06/2026;2;30/06/2026;2;02/07/2026;2;04/07/2026;2;06/07/2026;1;07/07/2026;1;08/07/2026;2;10/07/2026;Sim;Sim;5%;0%;R$ 15.650,25;R$ 14.905,00;CW90172;4504000172;FORNECEDOR FICTICIO 12 LTDA;590012;12 meses;IPCA;NL8172;;;10/07/2026;16/07/2026;5;0,2;10;0,02;1;0,1;22/06/2026;DENTRO;12;CONCLUÍDO;;;
1300017350;13000173;50;Material;Contrato;180173;OLEO LUBRIFICANTE TESTE;R$ 14.988,75;N/D;COMPRADOR FICTICIO 13;Compras Ágeis;Compras Ágeis;CLNC;Operação Sul;23/06/2026;Concluída;USUARIO.FICTICIO;G11 - Lub., Óleo e afins;COMPRADOR FICTICIO 13;WS9100000173;Contrato - Concorrência;DADO FICTICIO PARA TESTE DE CONTRATUALIZACAO;Não;Materiais - Contrato <=1M;30;18;12. Concluída;Área Teste;Registro sintético para testar conexão, divergência e ambiguidade.;23/06/2026;2;25/06/2026;2;27/06/2026;2;29/06/2026;2;01/07/2026;2;03/07/2026;2;05/07/2026;2;07/07/2026;1;08/07/2026;1;09/07/2026;2;11/07/2026;Sim;Sim;5%;0%;R$ 15.738,19;R$ 14.988,75;CW90173;4504000173;FORNECEDOR FICTICIO 13 LTDA;590013;12 meses;IPCA;NL8173;;;11/07/2026;17/07/2026;5;0,2;10;0,02;1;0,1;23/06/2026;DENTRO;12;CONCLUÍDO;;;
1300017460;13000174;60;Material;Contrato;180174;EPI DE SEGURANCA TESTE;R$ 15.072,50;G12;COMPRADOR FICTICIO 14;Compras Ágeis;Compras Ágeis;CT16;Operação Central;24/06/2026;Concluída;USUARIO.FICTICIO;G12 - Mat. Terminais;COMPRADOR FICTICIO 14;WS9100000174;Contrato - Concorrência;DADO FICTICIO PARA TESTE DE CONTRATUALIZACAO;Não;Materiais - Contrato <=1M;30;18;12. Concluída;Área Teste;Registro sintético para testar conexão, divergência e ambiguidade.;24/06/2026;2;26/06/2026;2;28/06/2026;2;30/06/2026;2;02/07/2026;2;04/07/2026;2;06/07/2026;2;08/07/2026;1;09/07/2026;1;10/07/2026;2;12/07/2026;Sim;Sim;5%;0%;R$ 15.826,12;R$ 15.072,50;CW90174;4504000174;FORNECEDOR FICTICIO 14 LTDA;590014;12 meses;IPCA;NL8174;;;12/07/2026;18/07/2026;5;0,2;10;0,02;1;0,1;24/06/2026;DENTRO;12;CONCLUÍDO;;;
1300017570;13000175;70;Material;Contrato;180175;PARAFUSO INDUSTRIAL TESTE;R$ 15.156,25;A64;COMPRADOR FICTICIO 15;Compras Ágeis;Compras Ágeis;CTRV;Operação Norte;25/06/2026;Concluída;USUARIO.FICTICIO;G29 - EPIs;COMPRADOR FICTICIO 15;WS9100000175;Contrato - Concorrência;DADO FICTICIO PARA TESTE DE CONTRATUALIZACAO;Não;Materiais - Contrato <=1M;30;18;12. Concluída;Área Teste;Registro sintético para testar conexão, divergência e ambiguidade.;25/06/2026;2;27/06/2026;2;29/06/2026;2;01/07/2026;2;03/07/2026;2;05/07/2026;2;07/07/2026;2;09/07/2026;1;10/07/2026;1;11/07/2026;2;13/07/2026;Sim;Sim;5%;0%;R$ 15.914,06;R$ 15.156,25;CW90175;4504000175;FORNECEDOR FICTICIO 15 LTDA;590015;12 meses;IPCA;NL8175;;;13/07/2026;19/07/2026;5;0,2;10;0,02;1;0,1;25/06/2026;DENTRO;12;CONCLUÍDO;;;
1300017680;13000176;80;Serviço;Contrato;;SERVICO DE MANUTENCAO TESTE;R$ 15.240,00;A69;COMPRADOR FICTICIO 16;Compras Ágeis;Compras Ágeis;CZAR;Operação Sul;26/06/2026;Concluída;USUARIO.FICTICIO;G32 - Mão de Obra;COMPRADOR FICTICIO 16;WS9100000176;Contrato - Concorrência;DADO FICTICIO PARA TESTE DE CONTRATUALIZACAO;Não;Serviços - Contrato <=1M;30;18;12. Concluída;Área Teste;Registro sintético para testar conexão, divergência e ambiguidade.;26/06/2026;2;28/06/2026;2;30/06/2026;2;02/07/2026;2;04/07/2026;2;06/07/2026;2;08/07/2026;2;10/07/2026;1;11/07/2026;1;12/07/2026;2;14/07/2026;Sim;Sim;5%;0%;R$ 16.002,00;R$ 15.240,00;CW90176;4504000176;FORNECEDOR FICTICIO 16 LTDA;590016;12 meses;IPCA;NL8176;;;14/07/2026;20/07/2026;5;0,2;10;0,02;1;0,1;26/06/2026;DENTRO;12;CONCLUÍDO;;;
1300017790;13000177;90;Material;Spot;180177;FERRAMENTA MANUAL TESTE;R$ 15.323,75;G33;COMPRADOR FICTICIO 17;Compras Ágeis;Compras Ágeis;CZXR;Operação Central;27/06/2026;Concluída;USUARIO.FICTICIO;G33 - Serv. de Oficinas;COMPRADOR FICTICIO 17;WS9100000177;Spot - Concorrência;DADO FICTICIO PARA TESTE DE CONTRATUALIZACAO;Não;Materiais - Spot <=1M;30;18;12. Concluída;Área Teste;Registro sintético para testar conexão, divergência e ambiguidade.;27/06/2026;2;29/06/2026;2;01/07/2026;2;03/07/2026;2;05/07/2026;2;07/07/2026;2;09/07/2026;2;11/07/2026;1;12/07/2026;1;13/07/2026;2;15/07/2026;Não;Sim;5%;0%;R$ 16.089,94;R$ 15.323,75;CW90177;4504000177;FORNECEDOR FICTICIO 17 LTDA;590017;N/A;N/A;NL8177;;;15/07/2026;21/07/2026;5;0,2;10;0,02;1;0,1;27/06/2026;DENTRO;12;CONCLUÍDO;;;
13000178100;13000178;100;Serviço;Contrato;;SERVICO DE CONSULTORIA TESTE;R$ 15.407,50;A19;COMPRADOR FICTICIO 18;Compras Ágeis;Compras Ágeis;CZFB;Operação Norte;28/06/2026;Concluída;USUARIO.FICTICIO;G41 - Mat. Administrativo;COMPRADOR FICTICIO 18;WS9100000178;Contrato - Concorrência;DADO FICTICIO PARA TESTE DE CONTRATUALIZACAO;Não;Serviços - Contrato <=1M;30;18;12. Concluída;Área Teste;Registro sintético para testar conexão, divergência e ambiguidade.;28/06/2026;2;30/06/2026;2;02/07/2026;2;04/07/2026;2;06/07/2026;2;08/07/2026;2;10/07/2026;2;12/07/2026;1;13/07/2026;1;14/07/2026;2;16/07/2026;Sim;Sim;5%;0%;R$ 16.177,88;R$ 15.407,50;CW90178;4504000178;FORNECEDOR FICTICIO 18 LTDA;590018;12 meses;IPCA;NL8178;;;16/07/2026;22/07/2026;5;0,2;10;0,02;1;0,1;28/06/2026;DENTRO;12;CONCLUÍDO;;;
13000179110;13000179;110;Material;Contrato;180179;OLEO LUBRIFICANTE TESTE;R$ 15.491,25;N/D;COMPRADOR FICTICIO 19;Compras Ágeis;Compras Ágeis;CTRD;Operação Sul;29/06/2026;Concluída;USUARIO.FICTICIO;S15 - MSA - Manut. Loco;COMPRADOR FICTICIO 19;WS9100000179;Contrato - Concorrência;DADO FICTICIO PARA TESTE DE CONTRATUALIZACAO;Não;Materiais - Contrato <=1M;30;18;12. Concluída;Área Teste;Registro sintético para testar conexão, divergência e ambiguidade.;29/06/2026;2;01/07/2026;2;03/07/2026;2;05/07/2026;2;07/07/2026;2;09/07/2026;2;11/07/2026;2;13/07/2026;1;14/07/2026;1;15/07/2026;2;17/07/2026;Sim;Sim;5%;0%;R$ 16.265,81;R$ 15.491,25;CW90179;4504000179;FORNECEDOR FICTICIO 19 LTDA;590019;12 meses;IPCA;NL8179;;;17/07/2026;23/07/2026;5;0,2;10;0,02;1;0,1;29/06/2026;DENTRO;12;CONCLUÍDO;;;
13000180120;13000180;120;Material;Spot;180180;EPI DE SEGURANCA TESTE;R$ 15.575,00;R01;COMPRADOR FICTICIO 20;Compras Ágeis;Compras Ágeis;CLNC;Operação Central;30/06/2026;Concluída;USUARIO.FICTICIO;R01 - Projetos Especiais;COMPRADOR FICTICIO 20;WS9100000180;Spot - Concorrência;DADO FICTICIO PARA TESTE DE CONTRATUALIZACAO;Não;Materiais - Spot <=1M;30;18;12. Concluída;Área Teste;Registro sintético para testar conexão, divergência e ambiguidade.;30/06/2026;2;02/07/2026;2;04/07/2026;2;06/07/2026;2;08/07/2026;2;10/07/2026;2;12/07/2026;2;14/07/2026;1;15/07/2026;1;16/07/2026;2;18/07/2026;Não;Sim;5%;0%;R$ 16.353,75;R$ 15.575,00;CW90180;4504000180;FORNECEDOR FICTICIO 20 LTDA;590020;N/A;N/A;NL8180;;;18/07/2026;24/07/2026;5;0,2;10;0,02;1;0,1;30/06/2026;DENTRO;12;CONCLUÍDO;;;
1300018110;13000181;10;Material;Contrato;180181;PARAFUSO INDUSTRIAL TESTE;R$ 15.658,75;G08;COMPRADOR FICTICIO 01;Compras Ágeis;Compras Ágeis;CT16;Operação Norte;01/07/2026;Concluída;USUARIO.FICTICIO;G08 - Ferramentas Gerais;COMPRADOR FICTICIO 01;WS9100000181;Contrato - Concorrência;DADO FICTICIO PARA TESTE DE CONTRATUALIZACAO;Não;Materiais - Contrato <=1M;30;18;12. Concluída;Área Teste;Registro sintético para testar conexão, divergência e ambiguidade.;01/07/2026;2;03/07/2026;2;05/07/2026;2;07/07/2026;2;09/07/2026;2;11/07/2026;2;13/07/2026;2;15/07/2026;1;16/07/2026;1;17/07/2026;2;19/07/2026;Sim;Sim;5%;0%;R$ 16.441,69;R$ 15.658,75;CW90181;4504000181;FORNECEDOR FICTICIO 01 LTDA;590001;12 meses;IPCA;NL8181;;;19/07/2026;25/07/2026;5;0,2;10;0,02;1;0,1;01/07/2026;DENTRO;12;CONCLUÍDO;;;
1300018220;13000182;20;Serviço;Contrato;;SERVICO DE MANUTENCAO TESTE;R$ 15.742,50;G11;COMPRADOR FICTICIO 02;Compras Ágeis;Compras Ágeis;CTRV;Operação Sul;02/07/2026;Concluída;USUARIO.FICTICIO;G11 - Lub., Óleo e afins;COMPRADOR FICTICIO 02;WS9100000182;Contrato - Concorrência;DADO FICTICIO PARA TESTE DE CONTRATUALIZACAO;Não;Serviços - Contrato <=1M;30;18;12. Concluída;Área Teste;Registro sintético para testar conexão, divergência e ambiguidade.;02/07/2026;2;04/07/2026;2;06/07/2026;2;08/07/2026;2;10/07/2026;2;12/07/2026;2;14/07/2026;2;16/07/2026;1;17/07/2026;1;18/07/2026;2;20/07/2026;Sim;Sim;5%;0%;R$ 16.529,62;R$ 15.742,50;CW90182;4504000182;FORNECEDOR FICTICIO 02 LTDA;590002;12 meses;IPCA;NL8182;;;20/07/2026;26/07/2026;5;0,2;10;0,02;1;0,1;02/07/2026;DENTRO;12;CONCLUÍDO;;;
1300018330;13000183;30;Material;Spot;180183;FERRAMENTA MANUAL TESTE;R$ 15.826,25;A46;COMPRADOR FICTICIO 03;Compras Ágeis;Compras Ágeis;CZAR;Operação Central;03/07/2026;Concluída;USUARIO.FICTICIO;G12 - Mat. Terminais;COMPRADOR FICTICIO 03;WS9100000183;Spot - Concorrência;DADO FICTICIO PARA TESTE DE CONTRATUALIZACAO;Não;Materiais - Spot <=1M;30;18;12. Concluída;Área Teste;Registro sintético para testar conexão, divergência e ambiguidade.;03/07/2026;2;05/07/2026;2;07/07/2026;2;09/07/2026;2;11/07/2026;2;13/07/2026;2;15/07/2026;2;17/07/2026;1;18/07/2026;1;19/07/2026;2;21/07/2026;Não;Sim;5%;0%;R$ 16.617,56;R$ 15.826,25;CW90183;4504000183 / 4504900183;FORNECEDOR FICTICIO 03 LTDA;590003;N/A;N/A;NL8183;;;21/07/2026;27/07/2026;5;0,2;10;0,02;1;0,1;03/07/2026;DENTRO;12;CONCLUÍDO;;;
1300018440;13000184;40;Serviço;Contrato;;SERVICO DE CONSULTORIA TESTE;R$ 15.910,00;A53;COMPRADOR FICTICIO 04;Compras Ágeis;Compras Ágeis;CZXR;Operação Norte;04/07/2026;Concluída;USUARIO.FICTICIO;G29 - EPIs;COMPRADOR FICTICIO 04;WS9100000184;Contrato - Concorrência;DADO FICTICIO PARA TESTE DE CONTRATUALIZACAO;Não;Serviços - Contrato <=1M;30;18;12. Concluída;Área Teste;Registro sintético para testar conexão, divergência e ambiguidade.;04/07/2026;2;06/07/2026;2;08/07/2026;2;10/07/2026;2;12/07/2026;2;14/07/2026;2;16/07/2026;2;18/07/2026;1;19/07/2026;1;20/07/2026;2;22/07/2026;Sim;Sim;5%;0%;R$ 16.705,50;R$ 15.910,00;CW90184;4504000184;FORNECEDOR FICTICIO 04 LTDA;590004;12 meses;IPCA;NL8184;;;22/07/2026;28/07/2026;5;0,2;10;0,02;1;0,1;04/07/2026;DENTRO;12;CONCLUÍDO;;;
1300018550;13000185;50;Material;Spot;180185;OLEO LUBRIFICANTE TESTE;R$ 15.993,75;G32;COMPRADOR FICTICIO 05;Compras Ágeis;Compras Ágeis;CZFB;Operação Sul;05/07/2026;Concluída;USUARIO.FICTICIO;G32 - Mão de Obra;COMPRADOR FICTICIO 05;WS9100000185;Spot - Concorrência;DADO FICTICIO PARA TESTE DE CONTRATUALIZACAO;Não;Materiais - Spot <=1M;30;18;12. Concluída;Área Teste;Registro sintético para testar conexão, divergência e ambiguidade.;05/07/2026;2;07/07/2026;2;09/07/2026;2;11/07/2026;2;13/07/2026;2;15/07/2026;2;17/07/2026;2;19/07/2026;1;20/07/2026;1;21/07/2026;2;23/07/2026;Não;Sim;5%;0%;R$ 16.793,44;R$ 15.993,75;CW90185;4504000185;FORNECEDOR FICTICIO 05 LTDA;590005;N/A;N/A;NL8185;;;23/07/2026;29/07/2026;5;0,2;10;0,02;1;0,1;05/07/2026;DENTRO;12;CONCLUÍDO;;;
1300018660;13000186;60;Material;Spot;180186;EPI DE SEGURANCA TESTE;R$ 16.077,50;G33;COMPRADOR FICTICIO 06;Compras Ágeis;Compras Ágeis;CTRD;Operação Central;06/07/2026;Concluída;USUARIO.FICTICIO;G33 - Serv. de Oficinas;COMPRADOR FICTICIO 06;WS9100000186;Spot - Concorrência;DADO FICTICIO PARA TESTE DE CONTRATUALIZACAO;Não;Materiais - Spot <=1M;30;18;12. Concluída;Área Teste;Registro sintético para testar conexão, divergência e ambiguidade.;06/07/2026;2;08/07/2026;2;10/07/2026;2;12/07/2026;2;14/07/2026;2;16/07/2026;2;18/07/2026;2;20/07/2026;1;21/07/2026;1;22/07/2026;2;24/07/2026;Não;Sim;5%;0%;R$ 16.881,38;R$ 16.077,50;CW90186;4504000186;FORNECEDOR FICTICIO 06 LTDA;590006;N/A;N/A;NL8186;;;24/07/2026;30/07/2026;5;0,2;10;0,02;1;0,1;06/07/2026;DENTRO;12;CONCLUÍDO;;;
1300018770;13000187;70;Material;Contrato;180187;PARAFUSO INDUSTRIAL TESTE;R$ 16.161,25;G41;COMPRADOR FICTICIO 07;Compras Ágeis;Compras Ágeis;CLNC;Operação Norte;07/07/2026;Concluída;USUARIO.FICTICIO;G41 - Mat. Administrativo;COMPRADOR FICTICIO 07;WS9100000187;Contrato - Concorrência;DADO FICTICIO PARA TESTE DE CONTRATUALIZACAO;Não;Materiais - Contrato <=1M;30;18;12. Concluída;Área Teste;Registro sintético para testar conexão, divergência e ambiguidade.;07/07/2026;2;09/07/2026;2;11/07/2026;2;13/07/2026;2;15/07/2026;2;17/07/2026;2;19/07/2026;2;21/07/2026;1;22/07/2026;1;23/07/2026;2;25/07/2026;Sim;Sim;5%;0%;R$ 16.969,31;R$ 16.161,25;CW90187;4504000187;FORNECEDOR FICTICIO 07 LTDA;590007;12 meses;IPCA;NL8187;;;25/07/2026;31/07/2026;5;0,2;10;0,02;1;0,1;07/07/2026;DENTRO;12;CONCLUÍDO;;;
1300018880;13000188;80;Serviço;Contrato;;SERVICO DE MANUTENCAO TESTE;R$ 16.245,00;A16;COMPRADOR FICTICIO 08;Compras Ágeis;Compras Ágeis;CT16;Operação Sul;08/07/2026;Concluída;USUARIO.FICTICIO;S15 - MSA - Manut. Loco;COMPRADOR FICTICIO 08;WS9100000188;Contrato - Concorrência;DADO FICTICIO PARA TESTE DE CONTRATUALIZACAO;Não;Serviços - Contrato <=1M;30;18;12. Concluída;Área Teste;Registro sintético para testar conexão, divergência e ambiguidade.;08/07/2026;2;10/07/2026;2;12/07/2026;2;14/07/2026;2;16/07/2026;2;18/07/2026;2;20/07/2026;2;22/07/2026;1;23/07/2026;1;24/07/2026;2;26/07/2026;Sim;Sim;5%;0%;R$ 17.057,25;R$ 16.245,00;CW90188;4504000188;FORNECEDOR FICTICIO 08 LTDA;590008;12 meses;IPCA;NL8188;;;26/07/2026;01/08/2026;5;0,2;10;0,02;1;0,1;08/07/2026;DENTRO;12;CONCLUÍDO;;;
1300018890;13000188;90;Material;Spot;180189;FERRAMENTA MANUAL TESTE;R$ 16.328,75;A19;COMPRADOR FICTICIO 09;Compras Ágeis;Compras Ágeis;CTRV;Operação Central;09/07/2026;Concluída;USUARIO.FICTICIO;G12 - Mat. Terminais;COMPRADOR FICTICIO 09;WS9100000189;Spot - Concorrência;DADO FICTICIO PARA TESTE DE CONTRATUALIZACAO;Não;Materiais - Spot <=1M;30;18;12. Concluída;Área Teste;Registro sintético para testar conexão, divergência e ambiguidade.;09/07/2026;2;11/07/2026;2;13/07/2026;2;15/07/2026;2;17/07/2026;2;19/07/2026;2;21/07/2026;2;23/07/2026;1;24/07/2026;1;25/07/2026;2;27/07/2026;Não;Sim;5%;0%;R$ 17.145,19;R$ 16.328,75;CW90189;4504000189;FORNECEDOR FICTICIO 09 LTDA;590009;N/A;N/A;NL8189;;;27/07/2026;02/08/2026;5;0,2;10;0,02;1;0,1;09/07/2026;DENTRO;12;CONCLUÍDO;;;
13000190100;13000190;100;Serviço;Contrato;;SERVICO DE CONSULTORIA TESTE;R$ 16.412,50;G08;COMPRADOR FICTICIO 10;Compras Ágeis;Compras Ágeis;CZAR;Operação Norte;10/07/2026;Concluída;USUARIO.FICTICIO;G08 - Ferramentas Gerais;COMPRADOR FICTICIO 10;WS9100000190;Contrato - Concorrência;DADO FICTICIO PARA TESTE DE CONTRATUALIZACAO;Não;Serviços - Contrato <=1M;30;18;12. Concluída;Área Teste;Registro sintético para testar conexão, divergência e ambiguidade.;10/07/2026;2;12/07/2026;2;14/07/2026;2;16/07/2026;2;18/07/2026;2;20/07/2026;2;22/07/2026;2;24/07/2026;1;25/07/2026;1;26/07/2026;2;28/07/2026;Sim;Sim;5%;0%;R$ 17.233,12;R$ 16.412,50;CW90190;4504000190;FORNECEDOR FICTICIO 10 LTDA;590010;12 meses;IPCA;NL8190;;;28/07/2026;03/08/2026;5;0,2;10;0,02;1;0,1;10/07/2026;DENTRO;12;CONCLUÍDO;;;
13000191110;13000191;110;Material;Contrato;180191;OLEO LUBRIFICANTE TESTE;R$ 16.496,25;G11;COMPRADOR FICTICIO 11;Compras Ágeis;Compras Ágeis;CZXR;Operação Sul;11/07/2026;Concluída;USUARIO.FICTICIO;G32 - Mão de Obra;COMPRADOR FICTICIO 11;WS9100000191;Contrato - Concorrência;DADO FICTICIO PARA TESTE DE CONTRATUALIZACAO;Não;Materiais - Contrato <=1M;30;18;12. Concluída;Área Teste;Registro sintético para testar conexão, divergência e ambiguidade.;11/07/2026;2;13/07/2026;2;15/07/2026;2;17/07/2026;2;19/07/2026;2;21/07/2026;2;23/07/2026;2;25/07/2026;1;26/07/2026;1;27/07/2026;2;29/07/2026;Sim;Sim;5%;0%;R$ 17.321,06;R$ 16.496,25;CW90191;4504000191;FORNECEDOR FICTICIO 11 LTDA;590011;12 meses;IPCA;NL8191;;;29/07/2026;04/08/2026;5;0,2;10;0,02;1;0,1;11/07/2026;DENTRO;12;CONCLUÍDO;;;
13000192120;13000192;120;Material;Spot;180192;EPI DE SEGURANCA TESTE;R$ 16.580,00;G12;COMPRADOR FICTICIO 12;Compras Ágeis;Compras Ágeis;CZFB;Operação Central;12/07/2026;Concluída;USUARIO.FICTICIO;G12 - Mat. Terminais;COMPRADOR FICTICIO 12;WS9100000192;Spot - Concorrência;DADO FICTICIO PARA TESTE DE CONTRATUALIZACAO;Não;Materiais - Spot <=1M;30;18;12. Concluída;Área Teste;Registro sintético para testar conexão, divergência e ambiguidade.;12/07/2026;2;14/07/2026;2;16/07/2026;2;18/07/2026;2;20/07/2026;2;22/07/2026;2;24/07/2026;2;26/07/2026;1;27/07/2026;1;28/07/2026;2;30/07/2026;Não;Sim;5%;0%;R$ 17.409,00;R$ 16.580,00;CW90192;4504000192;FORNECEDOR FICTICIO 12 LTDA;590012;N/A;N/A;NL8192;;;30/07/2026;05/08/2026;5;0,2;10;0,02;1;0,1;12/07/2026;DENTRO;12;CONCLUÍDO;;;
1300019310;13000193;10;Material;Contrato;180193;PARAFUSO INDUSTRIAL TESTE;R$ 16.663,75;G29;COMPRADOR FICTICIO 13;Compras Ágeis;Compras Ágeis;CTRD;Operação Norte;13/07/2026;Concluída;USUARIO.FICTICIO;G29 - EPIs;COMPRADOR FICTICIO 13;WS9100000193;Contrato - Concorrência;DADO FICTICIO PARA TESTE DE CONTRATUALIZACAO;Não;Materiais - Contrato <=1M;30;18;12. Concluída;Área Teste;Registro sintético para testar conexão, divergência e ambiguidade.;13/07/2026;2;15/07/2026;2;17/07/2026;2;19/07/2026;2;21/07/2026;2;23/07/2026;2;25/07/2026;2;27/07/2026;1;28/07/2026;1;29/07/2026;2;31/07/2026;Sim;Sim;5%;0%;R$ 17.496,94;R$ 16.663,75;CW90193;4504000193;FORNECEDOR FICTICIO 13 LTDA;590013;12 meses;IPCA;NL8193;;;31/07/2026;06/08/2026;5;0,2;10;0,02;1;0,1;13/07/2026;DENTRO;12;CONCLUÍDO;;;
1300019420;13000194;20;Serviço;Contrato;;SERVICO DE MANUTENCAO TESTE;R$ 16.747,50;A46;COMPRADOR FICTICIO 14;Compras Ágeis;Compras Ágeis;CLNC;Operação Sul;14/07/2026;Concluída;USUARIO.FICTICIO;G32 - Mão de Obra;COMPRADOR FICTICIO 14;WS9100000194;Contrato - Concorrência;DADO FICTICIO PARA TESTE DE CONTRATUALIZACAO;Não;Serviços - Contrato <=1M;30;18;12. Concluída;Área Teste;Registro sintético para testar conexão, divergência e ambiguidade.;14/07/2026;2;16/07/2026;2;18/07/2026;2;20/07/2026;2;22/07/2026;2;24/07/2026;2;26/07/2026;2;28/07/2026;1;29/07/2026;1;30/07/2026;2;01/08/2026;Sim;Sim;5%;0%;R$ 17.584,88;R$ 16.747,50;CW90194;4504000194;FORNECEDOR FICTICIO 14 LTDA;590014;12 meses;IPCA;NL8194;;;01/08/2026;07/08/2026;5;0,2;10;0,02;1;0,1;14/07/2026;DENTRO;12;CONCLUÍDO;;;
1300019530;13000195;30;Material;Spot;180195;FERRAMENTA MANUAL TESTE;R$ 16.831,25;A53;COMPRADOR FICTICIO 15;Compras Ágeis;Compras Ágeis;CT16;Operação Central;15/07/2026;Concluída;USUARIO.FICTICIO;G33 - Serv. de Oficinas;COMPRADOR FICTICIO 15;WS9100000195;Spot - Concorrência;DADO FICTICIO PARA TESTE DE CONTRATUALIZACAO;Não;Materiais - Spot <=1M;30;18;12. Concluída;Área Teste;Registro sintético para testar conexão, divergência e ambiguidade.;15/07/2026;2;17/07/2026;2;19/07/2026;2;21/07/2026;2;23/07/2026;2;25/07/2026;2;27/07/2026;2;29/07/2026;1;30/07/2026;1;31/07/2026;2;02/08/2026;Não;Sim;5%;0%;R$ 17.672,81;R$ 16.831,25;CW90195;4504000195;FORNECEDOR FICTICIO 15 LTDA;590015;N/A;N/A;NL8195;;;02/08/2026;08/08/2026;5;0,2;10;0,02;1;0,1;15/07/2026;DENTRO;12;CONCLUÍDO;;;
1300019640;13000196;40;Serviço;Contrato;;SERVICO DE CONSULTORIA TESTE;R$ 16.915,00;A62;COMPRADOR FICTICIO 16;Compras Ágeis;Compras Ágeis;CTRV;Operação Norte;16/07/2026;Concluída;USUARIO.FICTICIO;G41 - Mat. Administrativo;COMPRADOR FICTICIO 16;WS9100000196;Contrato - Concorrência;DADO FICTICIO PARA TESTE DE CONTRATUALIZACAO;Não;Serviços - Contrato <=1M;30;18;12. Concluída;Área Teste;Registro sintético para testar conexão, divergência e ambiguidade.;16/07/2026;2;18/07/2026;2;20/07/2026;2;22/07/2026;2;24/07/2026;2;26/07/2026;2;28/07/2026;2;30/07/2026;1;31/07/2026;1;01/08/2026;2;03/08/2026;Sim;Sim;5%;0%;R$ 17.760,75;R$ 16.915,00;CW90196;4504000196;FORNECEDOR FICTICIO 16 LTDA;590016;12 meses;IPCA;NL8196;;;03/08/2026;09/08/2026;5;0,2;10;0,02;1;0,1;16/07/2026;DENTRO;12;CONCLUÍDO;;;
1300019750;13000197;50;Material;Contrato;180197;OLEO LUBRIFICANTE TESTE;R$ 16.998,75;S15;COMPRADOR FICTICIO 17;Compras Ágeis;Compras Ágeis;CZAR;Operação Sul;17/07/2026;Concluída;USUARIO.FICTICIO;S15 - MSA - Manut. Loco;COMPRADOR FICTICIO 17;WS9100000197;Contrato - Concorrência;DADO FICTICIO PARA TESTE DE CONTRATUALIZACAO;Não;Materiais - Contrato <=1M;30;18;12. Concluída;Área Teste;Registro sintético para testar conexão, divergência e ambiguidade.;17/07/2026;2;19/07/2026;2;21/07/2026;2;23/07/2026;2;25/07/2026;2;27/07/2026;2;29/07/2026;2;31/07/2026;1;01/08/2026;1;02/08/2026;2;04/08/2026;Sim;Sim;5%;0%;R$ 17.848,69;R$ 16.998,75;CW90197;4504000197;FORNECEDOR FICTICIO 17 LTDA;590017;12 meses;IPCA;NL8197;;;04/08/2026;10/08/2026;5;0,2;10;0,02;1;0,1;17/07/2026;DENTRO;12;CONCLUÍDO;;;
1300019860;13000198;60;Material;Spot;180198;EPI DE SEGURANCA TESTE;R$ 17.082,50;A69;COMPRADOR FICTICIO 18;Compras Ágeis;Compras Ágeis;CZXR;Operação Central;18/07/2026;Concluída;USUARIO.FICTICIO;R01 - Projetos Especiais;COMPRADOR FICTICIO 18;WS9100000198;Spot - Concorrência;DADO FICTICIO PARA TESTE DE CONTRATUALIZACAO;Não;Materiais - Spot <=1M;30;18;12. Concluída;Área Teste;Registro sintético para testar conexão, divergência e ambiguidade.;18/07/2026;2;20/07/2026;2;22/07/2026;2;24/07/2026;2;26/07/2026;2;28/07/2026;2;30/07/2026;2;01/08/2026;1;02/08/2026;1;03/08/2026;2;05/08/2026;Não;Sim;5%;0%;R$ 17.936,62;R$ 17.082,50;CW90198;4504000198 / 4504900198;FORNECEDOR FICTICIO 18 LTDA;590018;N/A;N/A;NL8198;;;05/08/2026;11/08/2026;5;0,2;10;0,02;1;0,1;18/07/2026;DENTRO;12;CONCLUÍDO;;;
1300019970;13000199;70;Material;Contrato;180199;PARAFUSO INDUSTRIAL TESTE;R$ 17.166,25;G08;COMPRADOR FICTICIO 19;Compras Ágeis;Compras Ágeis;CZFB;Operação Norte;19/07/2026;Concluída;USUARIO.FICTICIO;G08 - Ferramentas Gerais;COMPRADOR FICTICIO 19;WS9100000199;Contrato - Concorrência;DADO FICTICIO PARA TESTE DE CONTRATUALIZACAO;Não;Materiais - Contrato <=1M;30;18;12. Concluída;Área Teste;Registro sintético para testar conexão, divergência e ambiguidade.;19/07/2026;2;21/07/2026;2;23/07/2026;2;25/07/2026;2;27/07/2026;2;29/07/2026;2;31/07/2026;2;02/08/2026;1;03/08/2026;1;04/08/2026;2;06/08/2026;Sim;Sim;5%;0%;R$ 18.024,56;R$ 17.166,25;CW90199;4504000199;FORNECEDOR FICTICIO 19 LTDA;590019;12 meses;IPCA;NL8199;;;06/08/2026;12/08/2026;5;0,2;10;0,02;1;0,1;19/07/2026;DENTRO;12;CONCLUÍDO;;;
1300020080;13000200;80;Serviço;Contrato;;SERVICO DE MANUTENCAO TESTE;R$ 17.250,00;G11;COMPRADOR FICTICIO 20;Compras Ágeis;Compras Ágeis;CTRD;Operação Sul;20/07/2026;Concluída;USUARIO.FICTICIO;G11 - Lub., Óleo e afins;COMPRADOR FICTICIO 20;WS9100000200;Contrato - Concorrência;DADO FICTICIO PARA TESTE DE CONTRATUALIZACAO;Não;Serviços - Contrato <=1M;30;18;12. Concluída;Área Teste;Registro sintético para testar conexão, divergência e ambiguidade.;20/07/2026;2;22/07/2026;2;24/07/2026;2;26/07/2026;2;28/07/2026;2;30/07/2026;2;01/08/2026;2;03/08/2026;1;04/08/2026;1;05/08/2026;2;07/08/2026;Sim;Sim;5%;0%;R$ 18.112,50;R$ 17.250,00;CW90200;4504000200;FORNECEDOR FICTICIO 20 LTDA;590020;12 meses;IPCA;NL8200;;;07/08/2026;13/08/2026;5;0,2;10;0,02;1;0,1;20/07/2026;DENTRO;12;CONCLUÍDO;;;
1300020090;13000200;90;Material;Spot;180201;FERRAMENTA MANUAL TESTE;R$ 17.333,75;A21;COMPRADOR FICTICIO 01;Compras Ágeis;Compras Ágeis;CLNC;Operação Central;21/07/2026;Concluída;USUARIO.FICTICIO;G33 - Serv. de Oficinas;COMPRADOR FICTICIO 01;WS9100000201;Spot - Concorrência;DADO FICTICIO PARA TESTE DE CONTRATUALIZACAO;Não;Materiais - Spot <=1M;30;18;12. Concluída;Área Teste;Registro sintético para testar conexão, divergência e ambiguidade.;21/07/2026;2;23/07/2026;2;25/07/2026;2;27/07/2026;2;29/07/2026;2;31/07/2026;2;02/08/2026;2;04/08/2026;1;05/08/2026;1;06/08/2026;2;08/08/2026;Não;Sim;5%;0%;R$ 18.200,44;R$ 17.333,75;CW90201;4504000200;FORNECEDOR FICTICIO 01 LTDA;590001;N/A;N/A;NL8201;;;08/08/2026;14/08/2026;5;0,2;10;0,02;1;0,1;21/07/2026;DENTRO;12;CONCLUÍDO;;;
13000202100;13000202;100;Serviço;Contrato;;SERVICO DE CONSULTORIA TESTE;R$ 17.417,50;G29;COMPRADOR FICTICIO 02;Compras Ágeis;Compras Ágeis;CT16;Operação Norte;22/07/2026;Concluída;USUARIO.FICTICIO;G41 - Mat. Administrativo;COMPRADOR FICTICIO 02;WS9100000202;Contrato - Concorrência;DADO FICTICIO PARA TESTE DE CONTRATUALIZACAO;Não;Serviços - Contrato <=1M;30;18;12. Concluída;Área Teste;Registro sintético para testar conexão, divergência e ambiguidade.;22/07/2026;2;24/07/2026;2;26/07/2026;2;28/07/2026;2;30/07/2026;2;01/08/2026;2;03/08/2026;2;05/08/2026;1;06/08/2026;1;07/08/2026;2;09/08/2026;Sim;Sim;5%;0%;R$ 18.288,38;R$ 17.417,50;CW90202;4504000202;FORNECEDOR FICTICIO 02 LTDA;590002;12 meses;IPCA;NL8202;;;09/08/2026;15/08/2026;5;0,2;10;0,02;1;0,1;22/07/2026;DENTRO;12;CONCLUÍDO;;;
13000203110;13000203;110;Material;Contrato;180203;OLEO LUBRIFICANTE TESTE;R$ 17.501,25;A33;COMPRADOR FICTICIO 03;Compras Ágeis;Compras Ágeis;CTRV;Operação Sul;23/07/2026;Concluída;USUARIO.FICTICIO;G32 - Mão de Obra;COMPRADOR FICTICIO 03;WS9100000203;Contrato - Concorrência;DADO FICTICIO PARA TESTE DE CONTRATUALIZACAO;Não;Materiais - Contrato <=1M;30;18;12. Concluída;Área Teste;Registro sintético para testar conexão, divergência e ambiguidade.;23/07/2026;2;25/07/2026;2;27/07/2026;2;29/07/2026;2;31/07/2026;2;02/08/2026;2;04/08/2026;2;06/08/2026;1;07/08/2026;1;08/08/2026;2;10/08/2026;Sim;Sim;5%;0%;R$ 18.376,31;R$ 17.501,25;CW90203;4504000203;FORNECEDOR FICTICIO 03 LTDA;590003;12 meses;IPCA;NL8203;;;10/08/2026;16/08/2026;5;0,2;10;0,02;1;0,1;23/07/2026;DENTRO;12;CONCLUÍDO;;;
13000204120;13000204;120;Material;Spot;180204;EPI DE SEGURANCA TESTE;R$ 17.585,00;G33;COMPRADOR FICTICIO 04;Compras Ágeis;Compras Ágeis;CZAR;Operação Central;24/07/2026;Concluída;USUARIO.FICTICIO;G33 - Serv. de Oficinas;COMPRADOR FICTICIO 04;WS9100000204;Spot - Concorrência;DADO FICTICIO PARA TESTE DE CONTRATUALIZACAO;Não;Materiais - Spot <=1M;30;18;12. Concluída;Área Teste;Registro sintético para testar conexão, divergência e ambiguidade.;24/07/2026;2;26/07/2026;2;28/07/2026;2;30/07/2026;2;01/08/2026;2;03/08/2026;2;05/08/2026;2;07/08/2026;1;08/08/2026;1;09/08/2026;2;11/08/2026;Não;Sim;5%;0%;R$ 18.464,25;R$ 17.585,00;CW90204;4504000204;FORNECEDOR FICTICIO 04 LTDA;590004;N/A;N/A;NL8204;;;11/08/2026;17/08/2026;5;0,2;10;0,02;1;0,1;24/07/2026;DENTRO;12;CONCLUÍDO;;;
1300020510;13000205;10;Material;Contrato;180205;PARAFUSO INDUSTRIAL TESTE;R$ 17.668,75;A46;COMPRADOR FICTICIO 05;Compras Ágeis;Compras Ágeis;CZXR;Operação Norte;25/07/2026;Concluída;USUARIO.FICTICIO;G41 - Mat. Administrativo;COMPRADOR FICTICIO 05;WS9100000205;Contrato - Concorrência;DADO FICTICIO PARA TESTE DE CONTRATUALIZACAO;Não;Materiais - Contrato <=1M;30;18;12. Concluída;Área Teste;Registro sintético para testar conexão, divergência e ambiguidade.;25/07/2026;2;27/07/2026;2;29/07/2026;2;31/07/2026;2;02/08/2026;2;04/08/2026;2;06/08/2026;2;08/08/2026;1;09/08/2026;1;10/08/2026;2;12/08/2026;Sim;Sim;5%;0%;R$ 18.552,19;R$ 17.668,75;CW90205;4504000205;FORNECEDOR FICTICIO 05 LTDA;590005;12 meses;IPCA;NL8205;;;12/08/2026;18/08/2026;5;0,2;10;0,02;1;0,1;25/07/2026;DENTRO;12;CONCLUÍDO;;;
1300020620;13000206;20;Serviço;Contrato;;SERVICO DE MANUTENCAO TESTE;R$ 17.752,50;S15;COMPRADOR FICTICIO 06;Compras Ágeis;Compras Ágeis;CZFB;Operação Sul;26/07/2026;Concluída;USUARIO.FICTICIO;G11 - Lub., Óleo e afins;COMPRADOR FICTICIO 06;WS9100000206;Contrato - Concorrência;DADO FICTICIO PARA TESTE DE CONTRATUALIZACAO;Não;Serviços - Contrato <=1M;30;18;12. Concluída;Área Teste;Registro sintético para testar conexão, divergência e ambiguidade.;26/07/2026;2;28/07/2026;2;30/07/2026;2;01/08/2026;2;03/08/2026;2;05/08/2026;2;07/08/2026;2;09/08/2026;1;10/08/2026;1;11/08/2026;2;13/08/2026;Sim;Sim;5%;0%;R$ 18.640,12;R$ 17.752,50;CW90206;4504000206;FORNECEDOR FICTICIO 06 LTDA;590006;12 meses;IPCA;NL8206;;;13/08/2026;19/08/2026;5;0,2;10;0,02;1;0,1;26/07/2026;DENTRO;12;CONCLUÍDO;;;
1300020730;13000207;30;Material;Spot;180207;FERRAMENTA MANUAL TESTE;R$ 17.836,25;A62;COMPRADOR FICTICIO 07;Compras Ágeis;Compras Ágeis;CTRD;Operação Central;27/07/2026;Concluída;USUARIO.FICTICIO;R01 - Projetos Especiais;COMPRADOR FICTICIO 07;WS9100000207;Spot - Concorrência;DADO FICTICIO PARA TESTE DE CONTRATUALIZACAO;Não;Materiais - Spot <=1M;30;18;12. Concluída;Área Teste;Registro sintético para testar conexão, divergência e ambiguidade.;27/07/2026;2;29/07/2026;2;31/07/2026;2;02/08/2026;2;04/08/2026;2;06/08/2026;2;08/08/2026;2;10/08/2026;1;11/08/2026;1;12/08/2026;2;14/08/2026;Não;Sim;5%;0%;R$ 18.728,06;R$ 17.836,25;CW90207;4504000207;FORNECEDOR FICTICIO 07 LTDA;590007;N/A;N/A;NL8207;;;14/08/2026;20/08/2026;5;0,2;10;0,02;1;0,1;27/07/2026;DENTRO;12;CONCLUÍDO;;;
1300020840;13000208;40;Serviço;Contrato;;SERVICO DE CONSULTORIA TESTE;R$ 17.920,00;G08;COMPRADOR FICTICIO 08;Compras Ágeis;Compras Ágeis;CLNC;Operação Norte;28/07/2026;Concluída;USUARIO.FICTICIO;G08 - Ferramentas Gerais;COMPRADOR FICTICIO 08;WS9100000208;Contrato - Concorrência;DADO FICTICIO PARA TESTE DE CONTRATUALIZACAO;Não;Serviços - Contrato <=1M;30;18;12. Concluída;Área Teste;Registro sintético para testar conexão, divergência e ambiguidade.;28/07/2026;2;30/07/2026;2;01/08/2026;2;03/08/2026;2;05/08/2026;2;07/08/2026;2;09/08/2026;2;11/08/2026;1;12/08/2026;1;13/08/2026;2;15/08/2026;Sim;Sim;5%;0%;R$ 18.816,00;R$ 17.920,00;CW90208;4504000208;FORNECEDOR FICTICIO 08 LTDA;590008;12 meses;IPCA;NL8208;;;15/08/2026;21/08/2026;5;0,2;10;0,02;1;0,1;28/07/2026;DENTRO;12;CONCLUÍDO;;;
1300020950;13000209;50;Material;Contrato;180209;OLEO LUBRIFICANTE TESTE;R$ 18.003,75;A69;COMPRADOR FICTICIO 09;Compras Ágeis;Compras Ágeis;CT16;Operação Sul;29/07/2026;Concluída;USUARIO.FICTICIO;G11 - Lub., Óleo e afins;COMPRADOR FICTICIO 09;WS9100000209;Contrato - Concorrência;DADO FICTICIO PARA TESTE DE CONTRATUALIZACAO;Não;Materiais - Contrato <=1M;30;18;12. Concluída;Área Teste;Registro sintético para testar conexão, divergência e ambiguidade.;29/07/2026;2;31/07/2026;2;02/08/2026;2;04/08/2026;2;06/08/2026;2;08/08/2026;2;10/08/2026;2;12/08/2026;1;13/08/2026;1;14/08/2026;2;16/08/2026;Sim;Sim;5%;0%;R$ 18.903,94;R$ 18.003,75;CW90209;4504000209;FORNECEDOR FICTICIO 09 LTDA;590009;12 meses;IPCA;NL8209;;;16/08/2026;22/08/2026;5;0,2;10;0,02;1;0,1;29/07/2026;DENTRO;12;CONCLUÍDO;;;
1300021060;13000210;60;Material;Spot;180210;EPI DE SEGURANCA TESTE;R$ 18.087,50;G12;COMPRADOR FICTICIO 10;Compras Ágeis;Compras Ágeis;CTRV;Operação Central;30/07/2026;Concluída;USUARIO.FICTICIO;G12 - Mat. Terminais;COMPRADOR FICTICIO 10;WS9100000210;Spot - Concorrência;DADO FICTICIO PARA TESTE DE CONTRATUALIZACAO;Não;Materiais - Spot <=1M;30;18;12. Concluída;Área Teste;Registro sintético para testar conexão, divergência e ambiguidade.;30/07/2026;2;01/08/2026;2;03/08/2026;2;05/08/2026;2;07/08/2026;2;09/08/2026;2;11/08/2026;2;13/08/2026;1;14/08/2026;1;15/08/2026;2;17/08/2026;Não;Sim;5%;0%;R$ 18.991,88;R$ 18.087,50;CW90210;4504000210;FORNECEDOR FICTICIO 10 LTDA;590010;N/A;N/A;NL8210;;;17/08/2026;23/08/2026;5;0,2;10;0,02;1;0,1;30/07/2026;DENTRO;12;CONCLUÍDO;;;
1300021170;13000211;70;Material;Contrato;180211;PARAFUSO INDUSTRIAL TESTE;R$ 18.171,25;A19;COMPRADOR FICTICIO 11;Compras Ágeis;Compras Ágeis;CZAR;Operação Norte;02/01/2026;Concluída;USUARIO.FICTICIO;G29 - EPIs;COMPRADOR FICTICIO 11;WS9100000211;Contrato - Concorrência;DADO FICTICIO PARA TESTE DE CONTRATUALIZACAO;Não;Materiais - Contrato <=1M;30;18;12. Concluída;Área Teste;Registro sintético para testar conexão, divergência e ambiguidade.;02/01/2026;2;04/01/2026;2;06/01/2026;2;08/01/2026;2;10/01/2026;2;12/01/2026;2;14/01/2026;2;16/01/2026;1;17/01/2026;1;18/01/2026;2;20/01/2026;Sim;Sim;5%;0%;R$ 19.079,81;R$ 18.171,25;CW90211;4504000211;FORNECEDOR FICTICIO 11 LTDA;590011;12 meses;IPCA;NL8211;;;20/01/2026;26/01/2026;5;0,2;10;0,02;1;0,1;02/01/2026;DENTRO;12;CONCLUÍDO;;;
1300021280;13000212;80;Serviço;Contrato;;SERVICO DE MANUTENCAO TESTE;R$ 18.255,00;G32;COMPRADOR FICTICIO 12;Compras Ágeis;Compras Ágeis;CZXR;Operação Sul;03/01/2026;Concluída;USUARIO.FICTICIO;G32 - Mão de Obra;COMPRADOR FICTICIO 12;WS9100000212;Contrato - Concorrência;DADO FICTICIO PARA TESTE DE CONTRATUALIZACAO;Não;Serviços - Contrato <=1M;30;18;12. Concluída;Área Teste;Registro sintético para testar conexão, divergência e ambiguidade.;03/01/2026;2;05/01/2026;2;07/01/2026;2;09/01/2026;2;11/01/2026;2;13/01/2026;2;15/01/2026;2;17/01/2026;1;18/01/2026;1;19/01/2026;2;21/01/2026;Sim;Sim;5%;0%;R$ 19.167,75;R$ 18.255,00;CW90212;4504000212;FORNECEDOR FICTICIO 12 LTDA;590012;12 meses;IPCA;NL8212;;;21/01/2026;27/01/2026;5;0,2;10;0,02;1;0,1;03/01/2026;DENTRO;12;CONCLUÍDO;;;
1300021390;13000213;90;Material;Spot;180213;FERRAMENTA MANUAL TESTE;R$ 18.338,75;G33;COMPRADOR FICTICIO 13;Compras Ágeis;Compras Ágeis;CZFB;Operação Central;04/01/2026;Concluída;USUARIO.FICTICIO;G33 - Serv. de Oficinas;COMPRADOR FICTICIO 13;WS9100000213;Spot - Concorrência;DADO FICTICIO PARA TESTE DE CONTRATUALIZACAO;Não;Materiais - Spot <=1M;30;18;12. Concluída;Área Teste;Registro sintético para testar conexão, divergência e ambiguidade.;04/01/2026;2;06/01/2026;2;08/01/2026;2;10/01/2026;2;12/01/2026;2;14/01/2026;2;16/01/2026;2;18/01/2026;1;19/01/2026;1;20/01/2026;2;22/01/2026;Não;Sim;5%;0%;R$ 19.255,69;R$ 18.338,75;CW90213;4504000213;FORNECEDOR FICTICIO 13 LTDA;590013;N/A;N/A;NL8213;;;22/01/2026;28/01/2026;5;0,2;10;0,02;1;0,1;04/01/2026;DENTRO;12;CONCLUÍDO;;;
13000214100;13000214;100;Serviço;Contrato;;SERVICO DE CONSULTORIA TESTE;R$ 18.422,50;G41;COMPRADOR FICTICIO 14;Compras Ágeis;Compras Ágeis;CTRD;Operação Norte;05/01/2026;Concluída;USUARIO.FICTICIO;G08 - Ferramentas Gerais;COMPRADOR FICTICIO 14;WS9100000214;Contrato - Concorrência;DADO FICTICIO PARA TESTE DE CONTRATUALIZACAO;Não;Serviços - Contrato <=1M;30;18;12. Concluída;Área Teste;Registro sintético para testar conexão, divergência e ambiguidade.;05/01/2026;2;07/01/2026;2;09/01/2026;2;11/01/2026;2;13/01/2026;2;15/01/2026;2;17/01/2026;2;19/01/2026;1;20/01/2026;1;21/01/2026;2;23/01/2026;Sim;Sim;5%;0%;R$ 19.343,62;R$ 18.422,50;CW90214;4504000214;FORNECEDOR FICTICIO 14 LTDA;590014;12 meses;IPCA;NL8214;;;23/01/2026;29/01/2026;5;0,2;10;0,02;1;0,1;05/01/2026;DENTRO;12;CONCLUÍDO;;;
13000215110;13000215;110;Material;Contrato;180215;OLEO LUBRIFICANTE TESTE;R$ 18.506,25;A42;COMPRADOR FICTICIO 15;Compras Ágeis;Compras Ágeis;CLNC;Operação Sul;06/01/2026;Concluída;USUARIO.FICTICIO;S15 - MSA - Manut. Loco;COMPRADOR FICTICIO 15;WS9100000215;Contrato - Concorrência;DADO FICTICIO PARA TESTE DE CONTRATUALIZACAO;Não;Materiais - Contrato <=1M;30;18;12. Concluída;Área Teste;Registro sintético para testar conexão, divergência e ambiguidade.;06/01/2026;2;08/01/2026;2;10/01/2026;2;12/01/2026;2;14/01/2026;2;16/01/2026;2;18/01/2026;2;20/01/2026;1;21/01/2026;1;22/01/2026;2;24/01/2026;Sim;Sim;5%;0%;R$ 19.431,56;R$ 18.506,25;CW90215;4504000215;FORNECEDOR FICTICIO 15 LTDA;590015;12 meses;IPCA;NL8215;;;24/01/2026;30/01/2026;5;0,2;10;0,02;1;0,1;06/01/2026;DENTRO;12;CONCLUÍDO;;;
13000216120;13000216;120;Material;Spot;180216;EPI DE SEGURANCA TESTE;R$ 18.590,00;R01;COMPRADOR FICTICIO 16;Compras Ágeis;Compras Ágeis;CT16;Operação Central;07/01/2026;Concluída;USUARIO.FICTICIO;R01 - Projetos Especiais;COMPRADOR FICTICIO 16;WS9100000216;Spot - Concorrência;DADO FICTICIO PARA TESTE DE CONTRATUALIZACAO;Não;Materiais - Spot <=1M;30;18;12. Concluída;Área Teste;Registro sintético para testar conexão, divergência e ambiguidade.;07/01/2026;2;09/01/2026;2;11/01/2026;2;13/01/2026;2;15/01/2026;2;17/01/2026;2;19/01/2026;2;21/01/2026;1;22/01/2026;1;23/01/2026;2;25/01/2026;Não;Sim;5%;0%;R$ 19.519,50;R$ 18.590,00;CW90216;4504000216;FORNECEDOR FICTICIO 16 LTDA;590016;N/A;N/A;NL8216;;;25/01/2026;31/01/2026;5;0,2;10;0,02;1;0,1;07/01/2026;DENTRO;12;CONCLUÍDO;;;
1300021710;13000217;10;Material;Contrato;180217;PARAFUSO INDUSTRIAL TESTE;R$ 18.673,75;G08;COMPRADOR FICTICIO 17;Compras Ágeis;Compras Ágeis;CTRV;Operação Norte;08/01/2026;Concluída;USUARIO.FICTICIO;G08 - Ferramentas Gerais;COMPRADOR FICTICIO 17;WS9100000217;Contrato - Concorrência;DADO FICTICIO PARA TESTE DE CONTRATUALIZACAO;Não;Materiais - Contrato <=1M;30;18;12. Concluída;Área Teste;Registro sintético para testar conexão, divergência e ambiguidade.;08/01/2026;2;10/01/2026;2;12/01/2026;2;14/01/2026;2;16/01/2026;2;18/01/2026;2;20/01/2026;2;22/01/2026;1;23/01/2026;1;24/01/2026;2;26/01/2026;Sim;Sim;5%;0%;R$ 19.607,44;R$ 18.673,75;CW90217;4504000217;FORNECEDOR FICTICIO 17 LTDA;590017;12 meses;IPCA;NL8217;;;26/01/2026;01/02/2026;5;0,2;10;0,02;1;0,1;08/01/2026;DENTRO;12;CONCLUÍDO;;;
1300021820;13000218;20;Serviço;Contrato;;SERVICO DE MANUTENCAO TESTE;R$ 18.757,50;A62;COMPRADOR FICTICIO 18;Compras Ágeis;Compras Ágeis;CZAR;Operação Sul;09/01/2026;Concluída;USUARIO.FICTICIO;G11 - Lub., Óleo e afins;COMPRADOR FICTICIO 18;WS9100000218;Contrato - Concorrência;DADO FICTICIO PARA TESTE DE CONTRATUALIZACAO;Não;Serviços - Contrato <=1M;30;18;12. Concluída;Área Teste;Registro sintético para testar conexão, divergência e ambiguidade.;09/01/2026;2;11/01/2026;2;13/01/2026;2;15/01/2026;2;17/01/2026;2;19/01/2026;2;21/01/2026;2;23/01/2026;1;24/01/2026;1;25/01/2026;2;27/01/2026;Sim;Sim;5%;0%;R$ 19.695,38;R$ 18.757,50;CW90218;4504000218;FORNECEDOR FICTICIO 18 LTDA;590018;12 meses;IPCA;NL8218;;;27/01/2026;02/02/2026;5;0,2;10;0,02;1;0,1;09/01/2026;DENTRO;12;CONCLUÍDO;;;
1300021930;13000219;30;Material;Spot;180219;FERRAMENTA MANUAL TESTE;R$ 18.841,25;A64;COMPRADOR FICTICIO 19;Compras Ágeis;Compras Ágeis;CZXR;Operação Central;10/01/2026;Concluída;USUARIO.FICTICIO;G12 - Mat. Terminais;COMPRADOR FICTICIO 19;WS9100000219;Spot - Concorrência;DADO FICTICIO PARA TESTE DE CONTRATUALIZACAO;Não;Materiais - Spot <=1M;30;18;12. Concluída;Área Teste;Registro sintético para testar conexão, divergência e ambiguidade.;10/01/2026;2;12/01/2026;2;14/01/2026;2;16/01/2026;2;18/01/2026;2;20/01/2026;2;22/01/2026;2;24/01/2026;1;25/01/2026;1;26/01/2026;2;28/01/2026;Não;Sim;5%;0%;R$ 19.783,31;R$ 18.841,25;CW90219;4504000219;FORNECEDOR FICTICIO 19 LTDA;590019;N/A;N/A;NL8219;;;28/01/2026;03/02/2026;5;0,2;10;0,02;1;0,1;10/01/2026;DENTRO;12;CONCLUÍDO;;;
1300022040;13000220;40;Serviço;Contrato;;SERVICO DE CONSULTORIA TESTE;R$ 18.925,00;G29;COMPRADOR FICTICIO 20;Compras Ágeis;Compras Ágeis;CZFB;Operação Norte;11/01/2026;Concluída;USUARIO.FICTICIO;G29 - EPIs;COMPRADOR FICTICIO 20;WS9100000220;Contrato - Concorrência;DADO FICTICIO PARA TESTE DE CONTRATUALIZACAO;Não;Serviços - Contrato <=1M;30;18;12. Concluída;Área Teste;Registro sintético para testar conexão, divergência e ambiguidade.;11/01/2026;2;13/01/2026;2;15/01/2026;2;17/01/2026;2;19/01/2026;2;21/01/2026;2;23/01/2026;2;25/01/2026;1;26/01/2026;1;27/01/2026;2;29/01/2026;Sim;Sim;5%;0%;R$ 19.871,25;R$ 18.925,00;CW90220;4504000220;FORNECEDOR FICTICIO 20 LTDA;590020;12 meses;IPCA;NL8220;;;29/01/2026;04/02/2026;5;0,2;10;0,02;1;0,1;11/01/2026;DENTRO;12;CONCLUÍDO;;;
1300022150;13000221;50;Material;Contrato;180221;OLEO LUBRIFICANTE TESTE;R$ 19.008,75;G32;COMPRADOR FICTICIO 01;Compras Ágeis;Compras Ágeis;CTRD;Operação Sul;12/01/2026;Concluída;USUARIO.FICTICIO;G32 - Mão de Obra;COMPRADOR FICTICIO 01;WS9100000221;Contrato - Concorrência;DADO FICTICIO PARA TESTE DE CONTRATUALIZACAO;Não;Materiais - Contrato <=1M;30;18;12. Concluída;Área Teste;Registro sintético para testar conexão, divergência e ambiguidade.;12/01/2026;2;14/01/2026;2;16/01/2026;2;18/01/2026;2;20/01/2026;2;22/01/2026;2;24/01/2026;2;26/01/2026;1;27/01/2026;1;28/01/2026;2;30/01/2026;Sim;Sim;5%;0%;R$ 19.959,19;R$ 19.008,75;CW90221;4504000221;FORNECEDOR FICTICIO 01 LTDA;590001;12 meses;IPCA;NL8221;;;30/01/2026;05/02/2026;5;0,2;10;0,02;1;0,1;12/01/2026;DENTRO;12;CONCLUÍDO;;;
1300022260;13000222;60;Material;Spot;180222;EPI DE SEGURANCA TESTE;R$ 19.092,50;G33;COMPRADOR FICTICIO 02;Compras Ágeis;Compras Ágeis;CLNC;Operação Central;13/01/2026;Concluída;USUARIO.FICTICIO;G33 - Serv. de Oficinas;COMPRADOR FICTICIO 02;WS9100000222;Spot - Concorrência;DADO FICTICIO PARA TESTE DE CONTRATUALIZACAO;Não;Materiais - Spot <=1M;30;18;12. Concluída;Área Teste;Registro sintético para testar conexão, divergência e ambiguidade.;13/01/2026;2;15/01/2026;2;17/01/2026;2;19/01/2026;2;21/01/2026;2;23/01/2026;2;25/01/2026;2;27/01/2026;1;28/01/2026;1;29/01/2026;2;31/01/2026;Não;Sim;5%;0%;R$ 20.047,12;R$ 19.092,50;CW90222;4504000222;FORNECEDOR FICTICIO 02 LTDA;590002;N/A;N/A;NL8222;;;31/01/2026;06/02/2026;5;0,2;10;0,02;1;0,1;13/01/2026;DENTRO;12;CONCLUÍDO;;;
1300022370;13000223;70;Material;Contrato;180223;PARAFUSO INDUSTRIAL TESTE;R$ 19.176,25;G41;COMPRADOR FICTICIO 03;Compras Ágeis;Compras Ágeis;CT16;Operação Norte;14/01/2026;Concluída;USUARIO.FICTICIO;G41 - Mat. Administrativo;COMPRADOR FICTICIO 03;WS9100000223;Contrato - Concorrência;DADO FICTICIO PARA TESTE DE CONTRATUALIZACAO;Não;Materiais - Contrato <=1M;30;18;12. Concluída;Área Teste;Registro sintético para testar conexão, divergência e ambiguidade.;14/01/2026;2;16/01/2026;2;18/01/2026;2;20/01/2026;2;22/01/2026;2;24/01/2026;2;26/01/2026;2;28/01/2026;1;29/01/2026;1;30/01/2026;2;01/02/2026;Sim;Sim;5%;0%;R$ 20.135,06;R$ 19.176,25;CW90223;4504000223;FORNECEDOR FICTICIO 03 LTDA;590003;12 meses;IPCA;NL8223;;;01/02/2026;07/02/2026;5;0,2;10;0,02;1;0,1;14/01/2026;DENTRO;12;CONCLUÍDO;;;
1300022480;13000224;80;Serviço;Contrato;;SERVICO DE MANUTENCAO TESTE;R$ 19.260,00;A23;COMPRADOR FICTICIO 04;Compras Ágeis;Compras Ágeis;CTRV;Operação Sul;15/01/2026;Concluída;USUARIO.FICTICIO;S15 - MSA - Manut. Loco;COMPRADOR FICTICIO 04;WS9100000224;Contrato - Concorrência;DADO FICTICIO PARA TESTE DE CONTRATUALIZACAO;Não;Serviços - Contrato <=1M;30;18;12. Concluída;Área Teste;Registro sintético para testar conexão, divergência e ambiguidade.;15/01/2026;2;17/01/2026;2;19/01/2026;2;21/01/2026;2;23/01/2026;2;25/01/2026;2;27/01/2026;2;29/01/2026;1;30/01/2026;1;31/01/2026;2;02/02/2026;Sim;Sim;5%;0%;R$ 20.223,00;R$ 19.260,00;CW90224;4504000224;FORNECEDOR FICTICIO 04 LTDA;590004;12 meses;IPCA;NL8224;;;02/02/2026;08/02/2026;5;0,2;10;0,02;1;0,1;15/01/2026;DENTRO;12;CONCLUÍDO;;;
1300022590;13000225;90;Material;Spot;180225;FERRAMENTA MANUAL TESTE;R$ 19.343,75;A33;COMPRADOR FICTICIO 05;Compras Ágeis;Compras Ágeis;CZAR;Operação Central;16/01/2026;Concluída;USUARIO.FICTICIO;R01 - Projetos Especiais;COMPRADOR FICTICIO 05;WS9100000225;Spot - Concorrência;DADO FICTICIO PARA TESTE DE CONTRATUALIZACAO;Não;Materiais - Spot <=1M;30;18;12. Concluída;Área Teste;Registro sintético para testar conexão, divergência e ambiguidade.;16/01/2026;2;18/01/2026;2;20/01/2026;2;22/01/2026;2;24/01/2026;2;26/01/2026;2;28/01/2026;2;30/01/2026;1;31/01/2026;1;01/02/2026;2;03/02/2026;Não;Sim;5%;0%;R$ 20.310,94;R$ 19.343,75;CW90225;4504000225;FORNECEDOR FICTICIO 05 LTDA;590005;N/A;N/A;NL8225;;;03/02/2026;09/02/2026;5;0,2;10;0,02;1;0,1;16/01/2026;DENTRO;12;CONCLUÍDO;;;
13000226100;13000226;100;Serviço;Contrato;;SERVICO DE CONSULTORIA TESTE;R$ 19.427,50;A42;COMPRADOR FICTICIO 06;Compras Ágeis;Compras Ágeis;CZXR;Operação Norte;17/01/2026;Concluída;USUARIO.FICTICIO;G08 - Ferramentas Gerais;COMPRADOR FICTICIO 06;WS9100000226;Contrato - Concorrência;DADO FICTICIO PARA TESTE DE CONTRATUALIZACAO;Não;Serviços - Contrato <=1M;30;18;12. Concluída;Área Teste;Registro sintético para testar conexão, divergência e ambiguidade.;17/01/2026;2;19/01/2026;2;21/01/2026;2;23/01/2026;2;25/01/2026;2;27/01/2026;2;29/01/2026;2;31/01/2026;1;01/02/2026;1;02/02/2026;2;04/02/2026;Sim;Sim;5%;0%;R$ 20.398,88;R$ 19.427,50;CW90226;4504000226;FORNECEDOR FICTICIO 06 LTDA;590006;12 meses;IPCA;NL8226;;;04/02/2026;10/02/2026;5;0,2;10;0,02;1;0,1;17/01/2026;DENTRO;12;CONCLUÍDO;;;
13000227110;13000227;110;Material;Contrato;180227;OLEO LUBRIFICANTE TESTE;R$ 19.511,25;G11;COMPRADOR FICTICIO 07;Compras Ágeis;Compras Ágeis;CZFB;Operação Sul;18/01/2026;Concluída;USUARIO.FICTICIO;G11 - Lub., Óleo e afins;COMPRADOR FICTICIO 07;WS9100000227;Contrato - Concorrência;DADO FICTICIO PARA TESTE DE CONTRATUALIZACAO;Não;Materiais - Contrato <=1M;30;18;12. Concluída;Área Teste;Registro sintético para testar conexão, divergência e ambiguidade.;18/01/2026;2;20/01/2026;2;22/01/2026;2;24/01/2026;2;26/01/2026;2;28/01/2026;2;30/01/2026;2;01/02/2026;1;02/02/2026;1;03/02/2026;2;05/02/2026;Sim;Sim;5%;0%;R$ 20.486,81;R$ 19.511,25;CW90227;4504000227;FORNECEDOR FICTICIO 07 LTDA;590007;12 meses;IPCA;NL8227;;;05/02/2026;11/02/2026;5;0,2;10;0,02;1;0,1;18/01/2026;DENTRO;12;CONCLUÍDO;;;
13000228120;13000228;120;Material;Spot;180228;EPI DE SEGURANCA TESTE;R$ 19.595,00;G12;COMPRADOR FICTICIO 08;Compras Ágeis;Compras Ágeis;CTRD;Operação Central;19/01/2026;Concluída;USUARIO.FICTICIO;G12 - Mat. Terminais;COMPRADOR FICTICIO 08;WS9100000228;Spot - Concorrência;DADO FICTICIO PARA TESTE DE CONTRATUALIZACAO;Não;Materiais - Spot <=1M;30;18;12. Concluída;Área Teste;Registro sintético para testar conexão, divergência e ambiguidade.;19/01/2026;2;21/01/2026;2;23/01/2026;2;25/01/2026;2;27/01/2026;2;29/01/2026;2;31/01/2026;2;02/02/2026;1;03/02/2026;1;04/02/2026;2;06/02/2026;Não;Sim;5%;0%;R$ 20.574,75;R$ 19.595,00;CW90228;4504000228;FORNECEDOR FICTICIO 08 LTDA;590008;N/A;N/A;NL8228;;;06/02/2026;12/02/2026;5;0,2;10;0,02;1;0,1;19/01/2026;DENTRO;12;CONCLUÍDO;;;
1300022810;13000228;10;Material;Contrato;180229;PARAFUSO INDUSTRIAL TESTE;R$ 19.678,75;A62;COMPRADOR FICTICIO 09;Compras Ágeis;Compras Ágeis;CLNC;Operação Norte;20/01/2026;Concluída;USUARIO.FICTICIO;G41 - Mat. Administrativo;COMPRADOR FICTICIO 09;WS9100000229;Contrato - Concorrência;DADO FICTICIO PARA TESTE DE CONTRATUALIZACAO;Não;Materiais - Contrato <=1M;30;18;12. Concluída;Área Teste;Registro sintético para testar conexão, divergência e ambiguidade.;20/01/2026;2;22/01/2026;2;24/01/2026;2;26/01/2026;2;28/01/2026;2;30/01/2026;2;01/02/2026;2;03/02/2026;1;04/02/2026;1;05/02/2026;2;07/02/2026;Sim;Sim;5%;0%;R$ 20.662,69;R$ 19.678,75;CW90229;4504000229;FORNECEDOR FICTICIO 09 LTDA;590009;12 meses;IPCA;NL8229;;;07/02/2026;13/02/2026;5;0,2;10;0,02;1;0,1;20/01/2026;DENTRO;12;CONCLUÍDO;;;
1300023020;13000230;20;Serviço;Contrato;;SERVICO DE MANUTENCAO TESTE;R$ 19.762,50;G32;COMPRADOR FICTICIO 10;Compras Ágeis;Compras Ágeis;CT16;Operação Sul;21/01/2026;Concluída;USUARIO.FICTICIO;G32 - Mão de Obra;COMPRADOR FICTICIO 10;WS9100000230;Contrato - Concorrência;DADO FICTICIO PARA TESTE DE CONTRATUALIZACAO;Não;Serviços - Contrato <=1M;30;18;12. Concluída;Área Teste;Registro sintético para testar conexão, divergência e ambiguidade.;21/01/2026;2;23/01/2026;2;25/01/2026;2;27/01/2026;2;29/01/2026;2;31/01/2026;2;02/02/2026;2;04/02/2026;1;05/02/2026;1;06/02/2026;2;08/02/2026;Sim;Sim;5%;0%;R$ 20.750,62;R$ 19.762,50;CW90230;4504000230;FORNECEDOR FICTICIO 10 LTDA;590010;12 meses;IPCA;NL8230;;;08/02/2026;14/02/2026;5;0,2;10;0,02;1;0,1;21/01/2026;DENTRO;12;CONCLUÍDO;;;
1300023130;13000231;30;Material;Spot;180231;FERRAMENTA MANUAL TESTE;R$ 19.846,25;G33;COMPRADOR FICTICIO 11;Compras Ágeis;Compras Ágeis;CTRV;Operação Central;22/01/2026;Concluída;USUARIO.FICTICIO;G33 - Serv. de Oficinas;COMPRADOR FICTICIO 11;WS9100000231;Spot - Concorrência;DADO FICTICIO PARA TESTE DE CONTRATUALIZACAO;Não;Materiais - Spot <=1M;30;18;12. Concluída;Área Teste;Registro sintético para testar conexão, divergência e ambiguidade.;22/01/2026;2;24/01/2026;2;26/01/2026;2;28/01/2026;2;30/01/2026;2;01/02/2026;2;03/02/2026;2;05/02/2026;1;06/02/2026;1;07/02/2026;2;09/02/2026;Não;Sim;5%;0%;R$ 20.838,56;R$ 19.846,25;CW90231;4504000231;FORNECEDOR FICTICIO 11 LTDA;590011;N/A;N/A;NL8231;;;09/02/2026;15/02/2026;5;0,2;10;0,02;1;0,1;22/01/2026;DENTRO;12;CONCLUÍDO;;;
1300023240;13000232;40;Serviço;Contrato;;SERVICO DE CONSULTORIA TESTE;R$ 19.930,00;G41;COMPRADOR FICTICIO 12;Compras Ágeis;Compras Ágeis;CZAR;Operação Norte;23/01/2026;Concluída;USUARIO.FICTICIO;G41 - Mat. Administrativo;COMPRADOR FICTICIO 12;WS9100000232;Contrato - Concorrência;DADO FICTICIO PARA TESTE DE CONTRATUALIZACAO;Não;Serviços - Contrato <=1M;30;18;12. Concluída;Área Teste;Registro sintético para testar conexão, divergência e ambiguidade.;23/01/2026;2;25/01/2026;2;27/01/2026;2;29/01/2026;2;31/01/2026;2;02/02/2026;2;04/02/2026;2;06/02/2026;1;07/02/2026;1;08/02/2026;2;10/02/2026;Sim;Sim;5%;0%;R$ 20.926,50;R$ 19.930,00;CW90232;4504000232;FORNECEDOR FICTICIO 12 LTDA;590012;12 meses;IPCA;NL8232;;;10/02/2026;16/02/2026;5;0,2;10;0,02;1;0,1;23/01/2026;DENTRO;12;CONCLUÍDO;;;
1300023350;13000233;50;Material;Spot;180233;OLEO LUBRIFICANTE TESTE;R$ 20.013,75;S15;COMPRADOR FICTICIO 13;Compras Ágeis;Compras Ágeis;CZXR;Operação Sul;24/01/2026;Concluída;USUARIO.FICTICIO;S15 - MSA - Manut. Loco;COMPRADOR FICTICIO 13;WS9100000233;Spot - Concorrência;DADO FICTICIO PARA TESTE DE CONTRATUALIZACAO;Não;Materiais - Spot <=1M;30;18;12. Concluída;Área Teste;Registro sintético para testar conexão, divergência e ambiguidade.;24/01/2026;2;26/01/2026;2;28/01/2026;2;30/01/2026;2;01/02/2026;2;03/02/2026;2;05/02/2026;2;07/02/2026;1;08/02/2026;1;09/02/2026;2;11/02/2026;Não;Sim;5%;0%;R$ 21.014,44;R$ 20.013,75;CW90233;4504000233;FORNECEDOR FICTICIO 13 LTDA;590013;N/A;N/A;NL8233;;;11/02/2026;17/02/2026;5;0,2;10;0,02;1;0,1;24/01/2026;DENTRO;12;CONCLUÍDO;;;
1300023460;13000234;60;Material;Spot;180234;EPI DE SEGURANCA TESTE;R$ 20.097,50;A21;COMPRADOR FICTICIO 14;Compras Ágeis;Compras Ágeis;CZFB;Operação Central;25/01/2026;Concluída;USUARIO.FICTICIO;R01 - Projetos Especiais;COMPRADOR FICTICIO 14;WS9100000234;Spot - Concorrência;DADO FICTICIO PARA TESTE DE CONTRATUALIZACAO;Não;Materiais - Spot <=1M;30;18;12. Concluída;Área Teste;Registro sintético para testar conexão, divergência e ambiguidade.;25/01/2026;2;27/01/2026;2;29/01/2026;2;31/01/2026;2;02/02/2026;2;04/02/2026;2;06/02/2026;2;08/02/2026;1;09/02/2026;1;10/02/2026;2;12/02/2026;Não;Sim;5%;0%;R$ 21.102,38;R$ 20.097,50;CW90234;4504000234;FORNECEDOR FICTICIO 14 LTDA;590014;N/A;N/A;NL8234;;;12/02/2026;18/02/2026;5;0,2;10;0,02;1;0,1;25/01/2026;DENTRO;12;CONCLUÍDO;;;
1300023570;13000235;70;Material;Contrato;180235;PARAFUSO INDUSTRIAL TESTE;R$ 20.181,25;G08;COMPRADOR FICTICIO 15;Compras Ágeis;Compras Ágeis;CTRD;Operação Norte;26/01/2026;Concluída;USUARIO.FICTICIO;G08 - Ferramentas Gerais;COMPRADOR FICTICIO 15;WS9100000235;Contrato - Concorrência;DADO FICTICIO PARA TESTE DE CONTRATUALIZACAO;Não;Materiais - Contrato <=1M;30;18;12. Concluída;Área Teste;Registro sintético para testar conexão, divergência e ambiguidade.;26/01/2026;2;28/01/2026;2;30/01/2026;2;01/02/2026;2;03/02/2026;2;05/02/2026;2;07/02/2026;2;09/02/2026;1;10/02/2026;1;11/02/2026;2;13/02/2026;Sim;Sim;5%;0%;R$ 21.190,31;R$ 20.181,25;CW90235;4504000235;FORNECEDOR FICTICIO 15 LTDA;590015;12 meses;IPCA;NL8235;;;13/02/2026;19/02/2026;5;0,2;10;0,02;1;0,1;26/01/2026;DENTRO;12;CONCLUÍDO;;;
1300023680;13000236;80;Serviço;Contrato;;SERVICO DE MANUTENCAO TESTE;R$ 20.265,00;G11;COMPRADOR FICTICIO 16;Compras Ágeis;Compras Ágeis;CLNC;Operação Sul;27/01/2026;Concluída;USUARIO.FICTICIO;G11 - Lub., Óleo e afins;COMPRADOR FICTICIO 16;WS9100000236;Contrato - Concorrência;DADO FICTICIO PARA TESTE DE CONTRATUALIZACAO;Não;Serviços - Contrato <=1M;30;18;12. Concluída;Área Teste;Registro sintético para testar conexão, divergência e ambiguidade.;27/01/2026;2;29/01/2026;2;31/01/2026;2;02/02/2026;2;04/02/2026;2;06/02/2026;2;08/02/2026;2;10/02/2026;1;11/02/2026;1;12/02/2026;2;14/02/2026;Sim;Sim;5%;0%;R$ 21.278,25;R$ 20.265,00;CW90236;4504000236;FORNECEDOR FICTICIO 16 LTDA;590016;12 meses;IPCA;NL8236;;;14/02/2026;20/02/2026;5;0,2;10;0,02;1;0,1;27/01/2026;DENTRO;12;CONCLUÍDO;;;
1300023790;13000237;90;Material;Spot;180237;FERRAMENTA MANUAL TESTE;R$ 20.348,75;G12;COMPRADOR FICTICIO 17;Compras Ágeis;Compras Ágeis;CT16;Operação Central;28/01/2026;Concluída;USUARIO.FICTICIO;G12 - Mat. Terminais;COMPRADOR FICTICIO 17;WS9100000237;Spot - Concorrência;DADO FICTICIO PARA TESTE DE CONTRATUALIZACAO;Não;Materiais - Spot <=1M;30;18;12. Concluída;Área Teste;Registro sintético para testar conexão, divergência e ambiguidade.;28/01/2026;2;30/01/2026;2;01/02/2026;2;03/02/2026;2;05/02/2026;2;07/02/2026;2;09/02/2026;2;11/02/2026;1;12/02/2026;1;13/02/2026;2;15/02/2026;Não;Sim;5%;0%;R$ 21.366,19;R$ 20.348,75;CW90237;4504000237;FORNECEDOR FICTICIO 17 LTDA;590017;N/A;N/A;NL8237;;;15/02/2026;21/02/2026;5;0,2;10;0,02;1;0,1;28/01/2026;DENTRO;12;CONCLUÍDO;;;
13000238100;13000238;100;Serviço;Contrato;;SERVICO DE CONSULTORIA TESTE;R$ 20.432,50;A46;COMPRADOR FICTICIO 18;Compras Ágeis;Compras Ágeis;CTRV;Operação Norte;29/01/2026;Concluída;USUARIO.FICTICIO;G29 - EPIs;COMPRADOR FICTICIO 18;WS9100000238;Contrato - Concorrência;DADO FICTICIO PARA TESTE DE CONTRATUALIZACAO;Não;Serviços - Contrato <=1M;30;18;12. Concluída;Área Teste;Registro sintético para testar conexão, divergência e ambiguidade.;29/01/2026;2;31/01/2026;2;02/02/2026;2;04/02/2026;2;06/02/2026;2;08/02/2026;2;10/02/2026;2;12/02/2026;1;13/02/2026;1;14/02/2026;2;16/02/2026;Sim;Sim;5%;0%;R$ 21.454,12;R$ 20.432,50;CW90238;4504000238;FORNECEDOR FICTICIO 18 LTDA;590018;12 meses;IPCA;NL8238;;;16/02/2026;22/02/2026;5;0,2;10;0,02;1;0,1;29/01/2026;DENTRO;12;CONCLUÍDO;;;
13000239110;13000239;110;Material;Contrato;180239;OLEO LUBRIFICANTE TESTE;R$ 20.516,25;G32;COMPRADOR FICTICIO 19;Compras Ágeis;Compras Ágeis;CZAR;Operação Sul;30/01/2026;Concluída;USUARIO.FICTICIO;G32 - Mão de Obra;COMPRADOR FICTICIO 19;WS9100000239;Contrato - Concorrência;DADO FICTICIO PARA TESTE DE CONTRATUALIZACAO;Não;Materiais - Contrato <=1M;30;18;12. Concluída;Área Teste;Registro sintético para testar conexão, divergência e ambiguidade.;30/01/2026;2;01/02/2026;2;03/02/2026;2;05/02/2026;2;07/02/2026;2;09/02/2026;2;11/02/2026;2;13/02/2026;1;14/02/2026;1;15/02/2026;2;17/02/2026;Sim;Sim;5%;0%;R$ 21.542,06;R$ 20.516,25;CW90239;4504000239;FORNECEDOR FICTICIO 19 LTDA;590019;12 meses;IPCA;NL8239;;;17/02/2026;23/02/2026;5;0,2;10;0,02;1;0,1;30/01/2026;DENTRO;12;CONCLUÍDO;;;
13000240120;13000240;120;Material;Spot;180240;EPI DE SEGURANCA TESTE;R$ 20.600,00;A62;COMPRADOR FICTICIO 20;Compras Ágeis;Compras Ágeis;CZXR;Operação Central;31/01/2026;Concluída;USUARIO.FICTICIO;G33 - Serv. de Oficinas;COMPRADOR FICTICIO 20;WS9100000240;Spot - Concorrência;DADO FICTICIO PARA TESTE DE CONTRATUALIZACAO;Não;Materiais - Spot <=1M;30;18;12. Concluída;Área Teste;Registro sintético para testar conexão, divergência e ambiguidade.;31/01/2026;2;02/02/2026;2;04/02/2026;2;06/02/2026;2;08/02/2026;2;10/02/2026;2;12/02/2026;2;14/02/2026;1;15/02/2026;1;16/02/2026;2;18/02/2026;Não;Sim;5%;0%;R$ 21.630,00;R$ 20.600,00;CW90240;4504000240;FORNECEDOR FICTICIO 20 LTDA;590020;N/A;N/A;NL8240;;;18/02/2026;24/02/2026;5;0,2;10;0,02;1;0,1;31/01/2026;DENTRO;12;CONCLUÍDO;;;
1300024110;13000241;10;Material;Contrato;180241;PARAFUSO INDUSTRIAL TESTE;R$ 20.683,75;G41;COMPRADOR FICTICIO 01;Compras Ágeis;Compras Ágeis;CZFB;Operação Norte;01/02/2026;Concluída;USUARIO.FICTICIO;G41 - Mat. Administrativo;COMPRADOR FICTICIO 01;WS9100000241;Contrato - Concorrência;DADO FICTICIO PARA TESTE DE CONTRATUALIZACAO;Não;Materiais - Contrato <=1M;30;18;12. Concluída;Área Teste;Registro sintético para testar conexão, divergência e ambiguidade.;01/02/2026;2;03/02/2026;2;05/02/2026;2;07/02/2026;2;09/02/2026;2;11/02/2026;2;13/02/2026;2;15/02/2026;1;16/02/2026;1;17/02/2026;2;19/02/2026;Sim;Sim;5%;0%;R$ 21.717,94;R$ 20.683,75;CW90241;4504000241;FORNECEDOR FICTICIO 01 LTDA;590001;12 meses;IPCA;NL8241;;;19/02/2026;25/02/2026;5;0,2;10;0,02;1;0,1;01/02/2026;DENTRO;12;CONCLUÍDO;;;
1300024220;13000242;20;Serviço;Contrato;;SERVICO DE MANUTENCAO TESTE;R$ 20.767,50;A69;COMPRADOR FICTICIO 02;Compras Ágeis;Compras Ágeis;CTRD;Operação Sul;02/02/2026;Concluída;USUARIO.FICTICIO;S15 - MSA - Manut. Loco;COMPRADOR FICTICIO 02;WS9100000242;Contrato - Concorrência;DADO FICTICIO PARA TESTE DE CONTRATUALIZACAO;Não;Serviços - Contrato <=1M;30;18;12. Concluída;Área Teste;Registro sintético para testar conexão, divergência e ambiguidade.;02/02/2026;2;04/02/2026;2;06/02/2026;2;08/02/2026;2;10/02/2026;2;12/02/2026;2;14/02/2026;2;16/02/2026;1;17/02/2026;1;18/02/2026;2;20/02/2026;Sim;Sim;5%;0%;R$ 21.805,88;R$ 20.767,50;CW90242;4504000242;FORNECEDOR FICTICIO 02 LTDA;590002;12 meses;IPCA;NL8242;;;20/02/2026;26/02/2026;5;0,2;10;0,02;1;0,1;02/02/2026;DENTRO;12;CONCLUÍDO;;;
1300024330;13000243;30;Material;Spot;180243;FERRAMENTA MANUAL TESTE;R$ 20.851,25;N/D;COMPRADOR FICTICIO 03;Compras Ágeis;Compras Ágeis;CLNC;Operação Central;03/02/2026;Concluída;USUARIO.FICTICIO;R01 - Projetos Especiais;COMPRADOR FICTICIO 03;WS9100000243;Spot - Concorrência;DADO FICTICIO PARA TESTE DE CONTRATUALIZACAO;Não;Materiais - Spot <=1M;30;18;12. Concluída;Área Teste;Registro sintético para testar conexão, divergência e ambiguidade.;03/02/2026;2;05/02/2026;2;07/02/2026;2;09/02/2026;2;11/02/2026;2;13/02/2026;2;15/02/2026;2;17/02/2026;1;18/02/2026;1;19/02/2026;2;21/02/2026;Não;Sim;5%;0%;R$ 21.893,81;R$ 20.851,25;CW90243;4504000243;FORNECEDOR FICTICIO 03 LTDA;590003;N/A;N/A;NL8243;;;21/02/2026;27/02/2026;5;0,2;10;0,02;1;0,1;03/02/2026;DENTRO;12;CONCLUÍDO;;;
1300024440;13000244;40;Serviço;Contrato;;SERVICO DE CONSULTORIA TESTE;R$ 20.935,00;G08;COMPRADOR FICTICIO 04;Compras Ágeis;Compras Ágeis;CT16;Operação Norte;04/02/2026;Concluída;USUARIO.FICTICIO;G08 - Ferramentas Gerais;COMPRADOR FICTICIO 04;WS9100000244;Contrato - Concorrência;DADO FICTICIO PARA TESTE DE CONTRATUALIZACAO;Não;Serviços - Contrato <=1M;30;18;12. Concluída;Área Teste;Registro sintético para testar conexão, divergência e ambiguidade.;04/02/2026;2;06/02/2026;2;08/02/2026;2;10/02/2026;2;12/02/2026;2;14/02/2026;2;16/02/2026;2;18/02/2026;1;19/02/2026;1;20/02/2026;2;22/02/2026;Sim;Sim;5%;0%;R$ 21.981,75;R$ 20.935,00;CW90244;4504000244;FORNECEDOR FICTICIO 04 LTDA;590004;12 meses;IPCA;NL8244;;;22/02/2026;28/02/2026;5;0,2;10;0,02;1;0,1;04/02/2026;DENTRO;12;CONCLUÍDO;;;
1300024450;13000244;50;Material;Contrato;180245;OLEO LUBRIFICANTE TESTE;R$ 21.018,75;A21;COMPRADOR FICTICIO 05;Compras Ágeis;Compras Ágeis;CTRV;Operação Sul;05/02/2026;Concluída;USUARIO.FICTICIO;G32 - Mão de Obra;COMPRADOR FICTICIO 05;WS9100000245;Contrato - Concorrência;DADO FICTICIO PARA TESTE DE CONTRATUALIZACAO;Não;Materiais - Contrato <=1M;30;18;12. Concluída;Área Teste;Registro sintético para testar conexão, divergência e ambiguidade.;05/02/2026;2;07/02/2026;2;09/02/2026;2;11/02/2026;2;13/02/2026;2;15/02/2026;2;17/02/2026;2;19/02/2026;1;20/02/2026;1;21/02/2026;2;23/02/2026;Sim;Sim;5%;0%;R$ 22.069,69;R$ 21.018,75;CW90245;4504000244;FORNECEDOR FICTICIO 05 LTDA;590005;12 meses;IPCA;NL8245;;;23/02/2026;01/03/2026;5;0,2;10;0,02;1;0,1;05/02/2026;DENTRO;12;CONCLUÍDO;;;
1300024660;13000246;60;Material;Spot;180246;EPI DE SEGURANCA TESTE;R$ 21.102,50;G12;COMPRADOR FICTICIO 06;Compras Ágeis;Compras Ágeis;CZAR;Operação Central;06/02/2026;Concluída;USUARIO.FICTICIO;G12 - Mat. Terminais;COMPRADOR FICTICIO 06;WS9100000246;Spot - Concorrência;DADO FICTICIO PARA TESTE DE CONTRATUALIZACAO;Não;Materiais - Spot <=1M;30;18;12. Concluída;Área Teste;Registro sintético para testar conexão, divergência e ambiguidade.;06/02/2026;2;08/02/2026;2;10/02/2026;2;12/02/2026;2;14/02/2026;2;16/02/2026;2;18/02/2026;2;20/02/2026;1;21/02/2026;1;22/02/2026;2;24/02/2026;Não;Sim;5%;0%;R$ 22.157,62;R$ 21.102,50;CW90246;4504000246;FORNECEDOR FICTICIO 06 LTDA;590006;N/A;N/A;NL8246;;;24/02/2026;02/03/2026;5;0,2;10;0,02;1;0,1;06/02/2026;DENTRO;12;CONCLUÍDO;;;
1300024770;13000247;70;Material;Contrato;180247;PARAFUSO INDUSTRIAL TESTE;R$ 21.186,25;A33;COMPRADOR FICTICIO 07;Compras Ágeis;Compras Ágeis;CZXR;Operação Norte;07/02/2026;Concluída;USUARIO.FICTICIO;G29 - EPIs;COMPRADOR FICTICIO 07;WS9100000247;Contrato - Concorrência;DADO FICTICIO PARA TESTE DE CONTRATUALIZACAO;Não;Materiais - Contrato <=1M;30;18;12. Concluída;Área Teste;Registro sintético para testar conexão, divergência e ambiguidade.;07/02/2026;2;09/02/2026;2;11/02/2026;2;13/02/2026;2;15/02/2026;2;17/02/2026;2;19/02/2026;2;21/02/2026;1;22/02/2026;1;23/02/2026;2;25/02/2026;Sim;Sim;5%;0%;R$ 22.245,56;R$ 21.186,25;CW90247;4504000247;FORNECEDOR FICTICIO 07 LTDA;590007;12 meses;IPCA;NL8247;;;25/02/2026;03/03/2026;5;0,2;10;0,02;1;0,1;07/02/2026;DENTRO;12;CONCLUÍDO;;;
1300024880;13000248;80;Serviço;Contrato;;SERVICO DE MANUTENCAO TESTE;R$ 21.270,00;G32;COMPRADOR FICTICIO 08;Compras Ágeis;Compras Ágeis;CZFB;Operação Sul;08/02/2026;Concluída;USUARIO.FICTICIO;G32 - Mão de Obra;COMPRADOR FICTICIO 08;WS9100000248;Contrato - Concorrência;DADO FICTICIO PARA TESTE DE CONTRATUALIZACAO;Não;Serviços - Contrato <=1M;30;18;12. Concluída;Área Teste;Registro sintético para testar conexão, divergência e ambiguidade.;08/02/2026;2;10/02/2026;2;12/02/2026;2;14/02/2026;2;16/02/2026;2;18/02/2026;2;20/02/2026;2;22/02/2026;1;23/02/2026;1;24/02/2026;2;26/02/2026;Sim;Sim;5%;0%;R$ 22.333,50;R$ 21.270,00;CW90248;4504000248;FORNECEDOR FICTICIO 08 LTDA;590008;12 meses;IPCA;NL8248;;;26/02/2026;04/03/2026;5;0,2;10;0,02;1;0,1;08/02/2026;DENTRO;12;CONCLUÍDO;;;
1300024990;13000249;90;Material;Spot;180249;FERRAMENTA MANUAL TESTE;R$ 21.353,75;A46;COMPRADOR FICTICIO 09;Compras Ágeis;Compras Ágeis;CTRD;Operação Central;09/02/2026;Concluída;USUARIO.FICTICIO;G33 - Serv. de Oficinas;COMPRADOR FICTICIO 09;WS9100000249;Spot - Concorrência;DADO FICTICIO PARA TESTE DE CONTRATUALIZACAO;Não;Materiais - Spot <=1M;30;18;12. Concluída;Área Teste;Registro sintético para testar conexão, divergência e ambiguidade.;09/02/2026;2;11/02/2026;2;13/02/2026;2;15/02/2026;2;17/02/2026;2;19/02/2026;2;21/02/2026;2;23/02/2026;1;24/02/2026;1;25/02/2026;2;27/02/2026;Não;Sim;5%;0%;R$ 22.421,44;R$ 21.353,75;CW90249;4504000249;FORNECEDOR FICTICIO 09 LTDA;590009;N/A;N/A;NL8249;;;27/02/2026;05/03/2026;5;0,2;10;0,02;1;0,1;09/02/2026;DENTRO;12;CONCLUÍDO;;;
13000250100;13000250;100;Serviço;Contrato;;SERVICO DE CONSULTORIA TESTE;R$ 21.437,50;A53;COMPRADOR FICTICIO 10;Compras Ágeis;Compras Ágeis;CLNC;Operação Norte;10/02/2026;Concluída;USUARIO.FICTICIO;G41 - Mat. Administrativo;COMPRADOR FICTICIO 10;WS9100000250;Contrato - Concorrência;DADO FICTICIO PARA TESTE DE CONTRATUALIZACAO;Não;Serviços - Contrato <=1M;30;18;12. Concluída;Área Teste;Registro sintético para testar conexão, divergência e ambiguidade.;10/02/2026;2;12/02/2026;2;14/02/2026;2;16/02/2026;2;18/02/2026;2;20/02/2026;2;22/02/2026;2;24/02/2026;1;25/02/2026;1;26/02/2026;2;28/02/2026;Sim;Sim;5%;0%;R$ 22.509,38;R$ 21.437,50;CW90250;4504000250;FORNECEDOR FICTICIO 10 LTDA;590010;12 meses;IPCA;NL8250;;;28/02/2026;06/03/2026;5;0,2;10;0,02;1;0,1;10/02/2026;DENTRO;12;CONCLUÍDO;;;
13000251110;13000251;110;Material;Spot;180251;OLEO LUBRIFICANTE TESTE;R$ 21.521,25;S15;COMPRADOR FICTICIO 11;Compras Ágeis;Compras Ágeis;CT16;Operação Sul;11/02/2026;Concluída;USUARIO.FICTICIO;S15 - MSA - Manut. Loco;COMPRADOR FICTICIO 11;WS9100000251;Spot - Concorrência;DADO FICTICIO PARA TESTE DE CONTRATUALIZACAO;Não;Materiais - Spot <=1M;30;18;12. Concluída;Área Teste;Registro sintético para testar conexão, divergência e ambiguidade.;11/02/2026;2;13/02/2026;2;15/02/2026;2;17/02/2026;2;19/02/2026;2;21/02/2026;2;23/02/2026;2;25/02/2026;1;26/02/2026;1;27/02/2026;2;01/03/2026;Não;Sim;5%;0%;R$ 22.597,31;R$ 21.521,25;CW90251;4504000251;FORNECEDOR FICTICIO 11 LTDA;590011;N/A;N/A;NL8251;;;01/03/2026;07/03/2026;5;0,2;10;0,02;1;0,1;11/02/2026;DENTRO;12;CONCLUÍDO;;;
13000252120;13000252;120;Material;Spot;180252;EPI DE SEGURANCA TESTE;R$ 21.605,00;A64;COMPRADOR FICTICIO 12;Compras Ágeis;Compras Ágeis;CTRV;Operação Central;12/02/2026;Concluída;USUARIO.FICTICIO;R01 - Projetos Especiais;COMPRADOR FICTICIO 12;WS9100000252;Spot - Concorrência;DADO FICTICIO PARA TESTE DE CONTRATUALIZACAO;Não;Materiais - Spot <=1M;30;18;12. Concluída;Área Teste;Registro sintético para testar conexão, divergência e ambiguidade.;12/02/2026;2;14/02/2026;2;16/02/2026;2;18/02/2026;2;20/02/2026;2;22/02/2026;2;24/02/2026;2;26/02/2026;1;27/02/2026;1;28/02/2026;2;02/03/2026;Não;Sim;5%;0%;R$ 22.685,25;R$ 21.605,00;CW90252;4504000252;FORNECEDOR FICTICIO 12 LTDA;590012;N/A;N/A;NL8252;;;02/03/2026;08/03/2026;5;0,2;10;0,02;1;0,1;12/02/2026;DENTRO;12;CONCLUÍDO;;;
1300025310;13000253;10;Material;Contrato;180253;PARAFUSO INDUSTRIAL TESTE;R$ 21.688,75;A69;COMPRADOR FICTICIO 13;Compras Ágeis;Compras Ágeis;CZAR;Operação Norte;13/02/2026;Concluída;USUARIO.FICTICIO;G08 - Ferramentas Gerais;COMPRADOR FICTICIO 13;WS9100000253;Contrato - Concorrência;DADO FICTICIO PARA TESTE DE CONTRATUALIZACAO;Não;Materiais - Contrato <=1M;30;18;12. Concluída;Área Teste;Registro sintético para testar conexão, divergência e ambiguidade.;13/02/2026;2;15/02/2026;2;17/02/2026;2;19/02/2026;2;21/02/2026;2;23/02/2026;2;25/02/2026;2;27/02/2026;1;28/02/2026;1;01/03/2026;2;03/03/2026;Sim;Sim;5%;0%;R$ 22.773,19;R$ 21.688,75;CW90253;4504000253;FORNECEDOR FICTICIO 13 LTDA;590013;12 meses;IPCA;NL8253;;;03/03/2026;09/03/2026;5;0,2;10;0,02;1;0,1;13/02/2026;DENTRO;12;CONCLUÍDO;;;
1300025420;13000254;20;Serviço;Contrato;;SERVICO DE MANUTENCAO TESTE;R$ 21.772,50;A16;COMPRADOR FICTICIO 14;Compras Ágeis;Compras Ágeis;CZXR;Operação Sul;14/02/2026;Concluída;USUARIO.FICTICIO;G11 - Lub., Óleo e afins;COMPRADOR FICTICIO 14;WS9100000254;Contrato - Concorrência;DADO FICTICIO PARA TESTE DE CONTRATUALIZACAO;Não;Serviços - Contrato <=1M;30;18;12. Concluída;Área Teste;Registro sintético para testar conexão, divergência e ambiguidade.;14/02/2026;2;16/02/2026;2;18/02/2026;2;20/02/2026;2;22/02/2026;2;24/02/2026;2;26/02/2026;2;28/02/2026;1;01/03/2026;1;02/03/2026;2;04/03/2026;Sim;Sim;5%;0%;R$ 22.861,12;R$ 21.772,50;CW90254;4504000254 / 4504900254;FORNECEDOR FICTICIO 14 LTDA;590014;12 meses;IPCA;NL8254;;;04/03/2026;10/03/2026;5;0,2;10;0,02;1;0,1;14/02/2026;DENTRO;12;CONCLUÍDO;;;
1300025530;13000255;30;Material;Contrato;180255;FERRAMENTA MANUAL TESTE;R$ 21.856,25;G12;COMPRADOR FICTICIO 15;Compras Ágeis;Compras Ágeis;CZFB;Operação Central;15/02/2026;Concluída;USUARIO.FICTICIO;G12 - Mat. Terminais;COMPRADOR FICTICIO 15;WS9100000255;Contrato - Concorrência;DADO FICTICIO PARA TESTE DE CONTRATUALIZACAO;Não;Materiais - Contrato <=1M;30;18;12. Concluída;Área Teste;Registro sintético para testar conexão, divergência e ambiguidade.;15/02/2026;2;17/02/2026;2;19/02/2026;2;21/02/2026;2;23/02/2026;2;25/02/2026;2;27/02/2026;2;01/03/2026;1;02/03/2026;1;03/03/2026;2;05/03/2026;Sim;Sim;5%;0%;R$ 22.949,06;R$ 21.856,25;CW90255;4504000255;FORNECEDOR FICTICIO 15 LTDA;590015;12 meses;IPCA;NL8255;;;05/03/2026;11/03/2026;5;0,2;10;0,02;1;0,1;15/02/2026;DENTRO;12;CONCLUÍDO;;;
1300025640;13000256;40;Serviço;Contrato;;SERVICO DE CONSULTORIA TESTE;R$ 21.940,00;G29;COMPRADOR FICTICIO 16;Compras Ágeis;Compras Ágeis;CTRD;Operação Norte;16/02/2026;Concluída;USUARIO.FICTICIO;G29 - EPIs;COMPRADOR FICTICIO 16;WS9100000256;Contrato - Concorrência;DADO FICTICIO PARA TESTE DE CONTRATUALIZACAO;Não;Serviços - Contrato <=1M;30;18;12. Concluída;Área Teste;Registro sintético para testar conexão, divergência e ambiguidade.;16/02/2026;2;18/02/2026;2;20/02/2026;2;22/02/2026;2;24/02/2026;2;26/02/2026;2;28/02/2026;2;02/03/2026;1;03/03/2026;1;04/03/2026;2;06/03/2026;Sim;Sim;5%;0%;R$ 23.037,00;R$ 21.940,00;CW90256;4504000256;FORNECEDOR FICTICIO 16 LTDA;590016;12 meses;IPCA;NL8256;;;06/03/2026;12/03/2026;5;0,2;10;0,02;1;0,1;16/02/2026;DENTRO;12;CONCLUÍDO;;;
1300025750;13000257;50;Material;Contrato;180257;OLEO LUBRIFICANTE TESTE;R$ 22.023,75;A23;COMPRADOR FICTICIO 17;Compras Ágeis;Compras Ágeis;CLNC;Operação Sul;17/02/2026;Concluída;USUARIO.FICTICIO;G32 - Mão de Obra;COMPRADOR FICTICIO 17;WS9100000257;Contrato - Concorrência;DADO FICTICIO PARA TESTE DE CONTRATUALIZACAO;Não;Materiais - Contrato <=1M;30;18;12. Concluída;Área Teste;Registro sintético para testar conexão, divergência e ambiguidade.;17/02/2026;2;19/02/2026;2;21/02/2026;2;23/02/2026;2;25/02/2026;2;27/02/2026;2;01/03/2026;2;03/03/2026;1;04/03/2026;1;05/03/2026;2;07/03/2026;Sim;Sim;5%;0%;R$ 23.124,94;R$ 22.023,75;CW90257;4504000257;FORNECEDOR FICTICIO 17 LTDA;590017;12 meses;IPCA;NL8257;;;07/03/2026;13/03/2026;5;0,2;10;0,02;1;0,1;17/02/2026;DENTRO;12;CONCLUÍDO;;;
1300025860;13000258;60;Material;Spot;180258;EPI DE SEGURANCA TESTE;R$ 22.107,50;A33;COMPRADOR FICTICIO 18;Compras Ágeis;Compras Ágeis;CT16;Operação Central;18/02/2026;Concluída;USUARIO.FICTICIO;G33 - Serv. de Oficinas;COMPRADOR FICTICIO 18;WS9100000258;Spot - Concorrência;DADO FICTICIO PARA TESTE DE CONTRATUALIZACAO;Não;Materiais - Spot <=1M;30;18;12. Concluída;Área Teste;Registro sintético para testar conexão, divergência e ambiguidade.;18/02/2026;2;20/02/2026;2;22/02/2026;2;24/02/2026;2;26/02/2026;2;28/02/2026;2;02/03/2026;2;04/03/2026;1;05/03/2026;1;06/03/2026;2;08/03/2026;Não;Sim;5%;0%;R$ 23.212,88;R$ 22.107,50;CW90258;4504000258;FORNECEDOR FICTICIO 18 LTDA;590018;N/A;N/A;NL8258;;;08/03/2026;14/03/2026;5;0,2;10;0,02;1;0,1;18/02/2026;DENTRO;12;CONCLUÍDO;;;
1300025970;13000259;70;Material;Contrato;180259;PARAFUSO INDUSTRIAL TESTE;R$ 22.191,25;A42;COMPRADOR FICTICIO 19;Compras Ágeis;Compras Ágeis;CTRV;Operação Norte;19/02/2026;Concluída;USUARIO.FICTICIO;G41 - Mat. Administrativo;COMPRADOR FICTICIO 19;WS9100000259;Contrato - Concorrência;DADO FICTICIO PARA TESTE DE CONTRATUALIZACAO;Não;Materiais - Contrato <=1M;30;18;12. Concluída;Área Teste;Registro sintético para testar conexão, divergência e ambiguidade.;19/02/2026;2;21/02/2026;2;23/02/2026;2;25/02/2026;2;27/02/2026;2;01/03/2026;2;03/03/2026;2;05/03/2026;1;06/03/2026;1;07/03/2026;2;09/03/2026;Sim;Sim;5%;0%;R$ 23.300,81;R$ 22.191,25;CW90259;4504000259;FORNECEDOR FICTICIO 19 LTDA;590019;12 meses;IPCA;NL8259;;;09/03/2026;15/03/2026;5;0,2;10;0,02;1;0,1;19/02/2026;DENTRO;12;CONCLUÍDO;;;
1300026080;13000260;80;Serviço;Contrato;;SERVICO DE MANUTENCAO TESTE;R$ 22.275,00;S15;COMPRADOR FICTICIO 20;Compras Ágeis;Compras Ágeis;CZAR;Operação Sul;20/02/2026;Concluída;USUARIO.FICTICIO;S15 - MSA - Manut. Loco;COMPRADOR FICTICIO 20;WS9100000260;Contrato - Concorrência;DADO FICTICIO PARA TESTE DE CONTRATUALIZACAO;Não;Serviços - Contrato <=1M;30;18;12. Concluída;Área Teste;Registro sintético para testar conexão, divergência e ambiguidade.;20/02/2026;2;22/02/2026;2;24/02/2026;2;26/02/2026;2;28/02/2026;2;02/03/2026;2;04/03/2026;2;06/03/2026;1;07/03/2026;1;08/03/2026;2;10/03/2026;Sim;Sim;5%;0%;R$ 23.388,75;R$ 22.275,00;CW90260;4504000260;FORNECEDOR FICTICIO 20 LTDA;590020;12 meses;IPCA;NL8260;;;10/03/2026;16/03/2026;5;0,2;10;0,02;1;0,1;20/02/2026;DENTRO;12;CONCLUÍDO;;;
1300026190;13000261;90;Material;Spot;180261;FERRAMENTA MANUAL TESTE;R$ 22.358,75;A53;COMPRADOR FICTICIO 01;Compras Ágeis;Compras Ágeis;CZXR;Operação Central;21/02/2026;Concluída;USUARIO.FICTICIO;R01 - Projetos Especiais;COMPRADOR FICTICIO 01;WS9100000261;Spot - Concorrência;DADO FICTICIO PARA TESTE DE CONTRATUALIZACAO;Não;Materiais - Spot <=1M;30;18;12. Concluída;Área Teste;Registro sintético para testar conexão, divergência e ambiguidade.;21/02/2026;2;23/02/2026;2;25/02/2026;2;27/02/2026;2;01/03/2026;2;03/03/2026;2;05/03/2026;2;07/03/2026;1;08/03/2026;1;09/03/2026;2;11/03/2026;Não;Sim;5%;0%;R$ 23.476,69;R$ 22.358,75;CW90261;4504000261;FORNECEDOR FICTICIO 01 LTDA;590001;N/A;N/A;NL8261;;;11/03/2026;17/03/2026;5;0,2;10;0,02;1;0,1;21/02/2026;DENTRO;12;CONCLUÍDO;;;
13000262100;13000262;100;Serviço;Contrato;;SERVICO DE CONSULTORIA TESTE;R$ 22.442,50;G08;COMPRADOR FICTICIO 02;Compras Ágeis;Compras Ágeis;CZFB;Operação Norte;22/02/2026;Concluída;USUARIO.FICTICIO;G08 - Ferramentas Gerais;COMPRADOR FICTICIO 02;WS9100000262;Contrato - Concorrência;DADO FICTICIO PARA TESTE DE CONTRATUALIZACAO;Não;Serviços - Contrato <=1M;30;18;12. Concluída;Área Teste;Registro sintético para testar conexão, divergência e ambiguidade.;22/02/2026;2;24/02/2026;2;26/02/2026;2;28/02/2026;2;02/03/2026;2;04/03/2026;2;06/03/2026;2;08/03/2026;1;09/03/2026;1;10/03/2026;2;12/03/2026;Sim;Sim;5%;0%;R$ 23.564,62;R$ 22.442,50;CW90262;4504000262;FORNECEDOR FICTICIO 02 LTDA;590002;12 meses;IPCA;NL8262;;;12/03/2026;18/03/2026;5;0,2;10;0,02;1;0,1;22/02/2026;DENTRO;12;CONCLUÍDO;;;
13000263110;13000263;110;Material;Contrato;180263;OLEO LUBRIFICANTE TESTE;R$ 22.526,25;A64;COMPRADOR FICTICIO 03;Compras Ágeis;Compras Ágeis;CTRD;Operação Sul;23/02/2026;Concluída;USUARIO.FICTICIO;G11 - Lub., Óleo e afins;COMPRADOR FICTICIO 03;WS9100000263;Contrato - Concorrência;DADO FICTICIO PARA TESTE DE CONTRATUALIZACAO;Não;Materiais - Contrato <=1M;30;18;12. Concluída;Área Teste;Registro sintético para testar conexão, divergência e ambiguidade.;23/02/2026;2;25/02/2026;2;27/02/2026;2;01/03/2026;2;03/03/2026;2;05/03/2026;2;07/03/2026;2;09/03/2026;1;10/03/2026;1;11/03/2026;2;13/03/2026;Sim;Sim;5%;0%;R$ 23.652,56;R$ 22.526,25;CW90263;4504000263;FORNECEDOR FICTICIO 03 LTDA;590003;12 meses;IPCA;NL8263;;;13/03/2026;19/03/2026;5;0,2;10;0,02;1;0,1;23/02/2026;DENTRO;12;CONCLUÍDO;;;
13000264120;13000264;120;Material;Spot;180264;EPI DE SEGURANCA TESTE;R$ 22.610,00;G12;COMPRADOR FICTICIO 04;Compras Ágeis;Compras Ágeis;CLNC;Operação Central;24/02/2026;Concluída;USUARIO.FICTICIO;G12 - Mat. Terminais;COMPRADOR FICTICIO 04;WS9100000264;Spot - Concorrência;DADO FICTICIO PARA TESTE DE CONTRATUALIZACAO;Não;Materiais - Spot <=1M;30;18;12. Concluída;Área Teste;Registro sintético para testar conexão, divergência e ambiguidade.;24/02/2026;2;26/02/2026;2;28/02/2026;2;02/03/2026;2;04/03/2026;2;06/03/2026;2;08/03/2026;2;10/03/2026;1;11/03/2026;1;12/03/2026;2;14/03/2026;Não;Sim;5%;0%;R$ 23.740,50;R$ 22.610,00;CW90264;4504000264;FORNECEDOR FICTICIO 04 LTDA;590004;N/A;N/A;NL8264;;;14/03/2026;20/03/2026;5;0,2;10;0,02;1;0,1;24/02/2026;DENTRO;12;CONCLUÍDO;;;
1300026510;13000265;10;Material;Contrato;180265;PARAFUSO INDUSTRIAL TESTE;R$ 22.693,75;G29;COMPRADOR FICTICIO 05;Compras Ágeis;Compras Ágeis;CT16;Operação Norte;25/02/2026;Concluída;USUARIO.FICTICIO;G29 - EPIs;COMPRADOR FICTICIO 05;WS9100000265;Contrato - Concorrência;DADO FICTICIO PARA TESTE DE CONTRATUALIZACAO;Não;Materiais - Contrato <=1M;30;18;12. Concluída;Área Teste;Registro sintético para testar conexão, divergência e ambiguidade.;25/02/2026;2;27/02/2026;2;01/03/2026;2;03/03/2026;2;05/03/2026;2;07/03/2026;2;09/03/2026;2;11/03/2026;1;12/03/2026;1;13/03/2026;2;15/03/2026;Sim;Sim;5%;0%;R$ 23.828,44;R$ 22.693,75;CW90265;4504000265;FORNECEDOR FICTICIO 05 LTDA;590005;12 meses;IPCA;NL8265;;;15/03/2026;21/03/2026;5;0,2;10;0,02;1;0,1;25/02/2026;DENTRO;12;CONCLUÍDO;;;
1300026620;13000266;20;Serviço;Contrato;;SERVICO DE MANUTENCAO TESTE;R$ 22.777,50;G32;COMPRADOR FICTICIO 06;Compras Ágeis;Compras Ágeis;CTRV;Operação Sul;26/02/2026;Concluída;USUARIO.FICTICIO;G32 - Mão de Obra;COMPRADOR FICTICIO 06;WS9100000266;Contrato - Concorrência;DADO FICTICIO PARA TESTE DE CONTRATUALIZACAO;Não;Serviços - Contrato <=1M;30;18;12. Concluída;Área Teste;Registro sintético para testar conexão, divergência e ambiguidade.;26/02/2026;2;28/02/2026;2;02/03/2026;2;04/03/2026;2;06/03/2026;2;08/03/2026;2;10/03/2026;2;12/03/2026;1;13/03/2026;1;14/03/2026;2;16/03/2026;Sim;Sim;5%;0%;R$ 23.916,38;R$ 22.777,50;CW90266;4504000266;FORNECEDOR FICTICIO 06 LTDA;590006;12 meses;IPCA;NL8266;;;16/03/2026;22/03/2026;5;0,2;10;0,02;1;0,1;26/02/2026;DENTRO;12;CONCLUÍDO;;;
1300026730;13000267;30;Material;Spot;180267;FERRAMENTA MANUAL TESTE;R$ 22.861,25;G33;COMPRADOR FICTICIO 07;Compras Ágeis;Compras Ágeis;CZAR;Operação Central;27/02/2026;Concluída;USUARIO.FICTICIO;G33 - Serv. de Oficinas;COMPRADOR FICTICIO 07;WS9100000267;Spot - Concorrência;DADO FICTICIO PARA TESTE DE CONTRATUALIZACAO;Não;Materiais - Spot <=1M;30;18;12. Concluída;Área Teste;Registro sintético para testar conexão, divergência e ambiguidade.;27/02/2026;2;01/03/2026;2;03/03/2026;2;05/03/2026;2;07/03/2026;2;09/03/2026;2;11/03/2026;2;13/03/2026;1;14/03/2026;1;15/03/2026;2;17/03/2026;Não;Sim;5%;0%;R$ 24.004,31;R$ 22.861,25;CW90267;4504000267;FORNECEDOR FICTICIO 07 LTDA;590007;N/A;N/A;NL8267;;;17/03/2026;23/03/2026;5;0,2;10;0,02;1;0,1;27/02/2026;DENTRO;12;CONCLUÍDO;;;
1300026840;13000268;40;Serviço;Contrato;;SERVICO DE CONSULTORIA TESTE;R$ 22.945,00;G41;COMPRADOR FICTICIO 08;Compras Ágeis;Compras Ágeis;CZXR;Operação Norte;28/02/2026;Concluída;USUARIO.FICTICIO;G41 - Mat. Administrativo;COMPRADOR FICTICIO 08;WS9100000268;Contrato - Concorrência;DADO FICTICIO PARA TESTE DE CONTRATUALIZACAO;Não;Serviços - Contrato <=1M;30;18;12. Concluída;Área Teste;Registro sintético para testar conexão, divergência e ambiguidade.;28/02/2026;2;02/03/2026;2;04/03/2026;2;06/03/2026;2;08/03/2026;2;10/03/2026;2;12/03/2026;2;14/03/2026;1;15/03/2026;1;16/03/2026;2;18/03/2026;Sim;Sim;5%;0%;R$ 24.092,25;R$ 22.945,00;CW90268;4504000268;FORNECEDOR FICTICIO 08 LTDA;590008;12 meses;IPCA;NL8268;;;18/03/2026;24/03/2026;5;0,2;10;0,02;1;0,1;28/02/2026;DENTRO;12;CONCLUÍDO;;;
1300026950;13000269;50;Material;Contrato;180269;OLEO LUBRIFICANTE TESTE;R$ 23.028,75;A33;COMPRADOR FICTICIO 09;Compras Ágeis;Compras Ágeis;CZFB;Operação Sul;01/03/2026;Concluída;USUARIO.FICTICIO;S15 - MSA - Manut. Loco;COMPRADOR FICTICIO 09;WS9100000269;Contrato - Concorrência;DADO FICTICIO PARA TESTE DE CONTRATUALIZACAO;Não;Materiais - Contrato <=1M;30;18;12. Concluída;Área Teste;Registro sintético para testar conexão, divergência e ambiguidade.;01/03/2026;2;03/03/2026;2;05/03/2026;2;07/03/2026;2;09/03/2026;2;11/03/2026;2;13/03/2026;2;15/03/2026;1;16/03/2026;1;17/03/2026;2;19/03/2026;Sim;Sim;5%;0%;R$ 24.180,19;R$ 23.028,75;CW90269;4504000269;FORNECEDOR FICTICIO 09 LTDA;590009;12 meses;IPCA;NL8269;;;19/03/2026;25/03/2026;5;0,2;10;0,02;1;0,1;01/03/2026;DENTRO;12;CONCLUÍDO;;;
1300027060;13000270;60;Material;Spot;180270;EPI DE SEGURANCA TESTE;R$ 23.112,50;R01;COMPRADOR FICTICIO 10;Compras Ágeis;Compras Ágeis;CTRD;Operação Central;02/03/2026;Concluída;USUARIO.FICTICIO;R01 - Projetos Especiais;COMPRADOR FICTICIO 10;WS9100000270;Spot - Concorrência;DADO FICTICIO PARA TESTE DE CONTRATUALIZACAO;Não;Materiais - Spot <=1M;30;18;12. Concluída;Área Teste;Registro sintético para testar conexão, divergência e ambiguidade.;02/03/2026;2;04/03/2026;2;06/03/2026;2;08/03/2026;2;10/03/2026;2;12/03/2026;2;14/03/2026;2;16/03/2026;1;17/03/2026;1;18/03/2026;2;20/03/2026;Não;Sim;5%;0%;R$ 24.268,12;R$ 23.112,50;CW90270;4504000270;FORNECEDOR FICTICIO 10 LTDA;590010;N/A;N/A;NL8270;;;20/03/2026;26/03/2026;5;0,2;10;0,02;1;0,1;02/03/2026;DENTRO;12;CONCLUÍDO;;;
1300027170;13000271;70;Material;Contrato;180271;PARAFUSO INDUSTRIAL TESTE;R$ 23.196,25;A46;COMPRADOR FICTICIO 11;Compras Ágeis;Compras Ágeis;CLNC;Operação Norte;03/03/2026;Concluída;USUARIO.FICTICIO;G08 - Ferramentas Gerais;COMPRADOR FICTICIO 11;WS9100000271;Contrato - Concorrência;DADO FICTICIO PARA TESTE DE CONTRATUALIZACAO;Não;Materiais - Contrato <=1M;30;18;12. Concluída;Área Teste;Registro sintético para testar conexão, divergência e ambiguidade.;03/03/2026;2;05/03/2026;2;07/03/2026;2;09/03/2026;2;11/03/2026;2;13/03/2026;2;15/03/2026;2;17/03/2026;1;18/03/2026;1;19/03/2026;2;21/03/2026;Sim;Sim;5%;0%;R$ 24.356,06;R$ 23.196,25;CW90271;4504000271;FORNECEDOR FICTICIO 11 LTDA;590011;12 meses;IPCA;NL8271;;;21/03/2026;27/03/2026;5;0,2;10;0,02;1;0,1;03/03/2026;DENTRO;12;CONCLUÍDO;;;
1300027280;13000272;80;Serviço;Spot;;SERVICO DE MANUTENCAO TESTE;R$ 23.280,00;G11;COMPRADOR FICTICIO 12;Compras Ágeis;Compras Ágeis;CT16;Operação Sul;04/03/2026;Concluída;USUARIO.FICTICIO;G11 - Lub., Óleo e afins;COMPRADOR FICTICIO 12;WS9100000272;Spot - Concorrência;DADO FICTICIO PARA TESTE DE CONTRATUALIZACAO;Não;Serviços - Spot <=1M;30;18;12. Concluída;Área Teste;Registro sintético para testar conexão, divergência e ambiguidade.;04/03/2026;2;06/03/2026;2;08/03/2026;2;10/03/2026;2;12/03/2026;2;14/03/2026;2;16/03/2026;2;18/03/2026;1;19/03/2026;1;20/03/2026;2;22/03/2026;Não;Sim;5%;0%;R$ 24.444,00;R$ 23.280,00;CW90272;4504000272;FORNECEDOR FICTICIO 12 LTDA;590012;N/A;N/A;NL8272;;;22/03/2026;28/03/2026;5;0,2;10;0,02;1;0,1;04/03/2026;DENTRO;12;CONCLUÍDO;;;
1300027390;13000273;90;Material;Spot;180273;FERRAMENTA MANUAL TESTE;R$ 23.363,75;N/D;COMPRADOR FICTICIO 13;Compras Ágeis;Compras Ágeis;CTRV;Operação Central;05/03/2026;Concluída;USUARIO.FICTICIO;G12 - Mat. Terminais;COMPRADOR FICTICIO 13;WS9100000273;Spot - Concorrência;DADO FICTICIO PARA TESTE DE CONTRATUALIZACAO;Não;Materiais - Spot <=1M;30;18;12. Concluída;Área Teste;Registro sintético para testar conexão, divergência e ambiguidade.;05/03/2026;2;07/03/2026;2;09/03/2026;2;11/03/2026;2;13/03/2026;2;15/03/2026;2;17/03/2026;2;19/03/2026;1;20/03/2026;1;21/03/2026;2;23/03/2026;Não;Sim;5%;0%;R$ 24.531,94;R$ 23.363,75;CW90273;4504000273;FORNECEDOR FICTICIO 13 LTDA;590013;N/A;N/A;NL8273;;;23/03/2026;29/03/2026;5;0,2;10;0,02;1;0,1;05/03/2026;DENTRO;12;CONCLUÍDO;;;
13000274100;13000274;100;Serviço;Contrato;;SERVICO DE CONSULTORIA TESTE;R$ 23.447,50;G29;COMPRADOR FICTICIO 14;Compras Ágeis;Compras Ágeis;CZAR;Operação Norte;06/03/2026;Concluída;USUARIO.FICTICIO;G41 - Mat. Administrativo;COMPRADOR FICTICIO 14;WS9100000274;Contrato - Concorrência;DADO FICTICIO PARA TESTE DE CONTRATUALIZACAO;Não;Serviços - Contrato <=1M;30;18;12. Concluída;Área Teste;Registro sintético para testar conexão, divergência e ambiguidade.;06/03/2026;2;08/03/2026;2;10/03/2026;2;12/03/2026;2;14/03/2026;2;16/03/2026;2;18/03/2026;2;20/03/2026;1;21/03/2026;1;22/03/2026;2;24/03/2026;Sim;Sim;5%;0%;R$ 24.619,88;R$ 23.447,50;CW90274;4504000274;FORNECEDOR FICTICIO 14 LTDA;590014;12 meses;IPCA;NL8274;;;24/03/2026;30/03/2026;5;0,2;10;0,02;1;0,1;06/03/2026;DENTRO;12;CONCLUÍDO;;;
13000275110;13000275;110;Material;Contrato;180275;OLEO LUBRIFICANTE TESTE;R$ 23.531,25;G32;COMPRADOR FICTICIO 15;Compras Ágeis;Compras Ágeis;CZXR;Operação Sul;07/03/2026;Concluída;USUARIO.FICTICIO;G32 - Mão de Obra;COMPRADOR FICTICIO 15;WS9100000275;Contrato - Concorrência;DADO FICTICIO PARA TESTE DE CONTRATUALIZACAO;Não;Materiais - Contrato <=1M;30;18;12. Concluída;Área Teste;Registro sintético para testar conexão, divergência e ambiguidade.;07/03/2026;2;09/03/2026;2;11/03/2026;2;13/03/2026;2;15/03/2026;2;17/03/2026;2;19/03/2026;2;21/03/2026;1;22/03/2026;1;23/03/2026;2;25/03/2026;Sim;Sim;5%;0%;R$ 24.707,81;R$ 23.531,25;CW90275;4504000275;FORNECEDOR FICTICIO 15 LTDA;590015;12 meses;IPCA;NL8275;;;25/03/2026;31/03/2026;5;0,2;10;0,02;1;0,1;07/03/2026;DENTRO;12;CONCLUÍDO;;;
13000276120;13000276;120;Material;Spot;180276;EPI DE SEGURANCA TESTE;R$ 23.615,00;G33;COMPRADOR FICTICIO 16;Compras Ágeis;Compras Ágeis;CZFB;Operação Central;08/03/2026;Concluída;USUARIO.FICTICIO;G33 - Serv. de Oficinas;COMPRADOR FICTICIO 16;WS9100000276;Spot - Concorrência;DADO FICTICIO PARA TESTE DE CONTRATUALIZACAO;Não;Materiais - Spot <=1M;30;18;12. Concluída;Área Teste;Registro sintético para testar conexão, divergência e ambiguidade.;08/03/2026;2;10/03/2026;2;12/03/2026;2;14/03/2026;2;16/03/2026;2;18/03/2026;2;20/03/2026;2;22/03/2026;1;23/03/2026;1;24/03/2026;2;26/03/2026;Não;Sim;5%;0%;R$ 24.795,75;R$ 23.615,00;CW90276;4504000276;FORNECEDOR FICTICIO 16 LTDA;590016;N/A;N/A;NL8276;;;26/03/2026;01/04/2026;5;0,2;10;0,02;1;0,1;08/03/2026;DENTRO;12;CONCLUÍDO;;;
1300027710;13000277;10;Material;Contrato;180277;PARAFUSO INDUSTRIAL TESTE;R$ 23.698,75;A19;COMPRADOR FICTICIO 17;Compras Ágeis;Compras Ágeis;CTRD;Operação Norte;09/03/2026;Concluída;USUARIO.FICTICIO;G41 - Mat. Administrativo;COMPRADOR FICTICIO 17;WS9100000277;Contrato - Concorrência;DADO FICTICIO PARA TESTE DE CONTRATUALIZACAO;Não;Materiais - Contrato <=1M;30;18;12. Concluída;Área Teste;Registro sintético para testar conexão, divergência e ambiguidade.;09/03/2026;2;11/03/2026;2;13/03/2026;2;15/03/2026;2;17/03/2026;2;19/03/2026;2;21/03/2026;2;23/03/2026;1;24/03/2026;1;25/03/2026;2;27/03/2026;Sim;Sim;5%;0%;R$ 24.883,69;R$ 23.698,75;CW90277;4504000277;FORNECEDOR FICTICIO 17 LTDA;590017;12 meses;IPCA;NL8277;;;27/03/2026;02/04/2026;5;0,2;10;0,02;1;0,1;09/03/2026;DENTRO;12;CONCLUÍDO;;;
1300027820;13000278;20;Serviço;Contrato;;SERVICO DE MANUTENCAO TESTE;R$ 23.782,50;S15;COMPRADOR FICTICIO 18;Compras Ágeis;Compras Ágeis;CLNC;Operação Sul;10/03/2026;Concluída;USUARIO.FICTICIO;S15 - MSA - Manut. Loco;COMPRADOR FICTICIO 18;WS9100000278;Contrato - Concorrência;DADO FICTICIO PARA TESTE DE CONTRATUALIZACAO;Não;Serviços - Contrato <=1M;30;18;12. Concluída;Área Teste;Registro sintético para testar conexão, divergência e ambiguidade.;10/03/2026;2;12/03/2026;2;14/03/2026;2;16/03/2026;2;18/03/2026;2;20/03/2026;2;22/03/2026;2;24/03/2026;1;25/03/2026;1;26/03/2026;2;28/03/2026;Sim;Sim;5%;0%;R$ 24.971,62;R$ 23.782,50;CW90278;4504000278;FORNECEDOR FICTICIO 18 LTDA;590018;12 meses;IPCA;NL8278;;;28/03/2026;03/04/2026;5;0,2;10;0,02;1;0,1;10/03/2026;DENTRO;12;CONCLUÍDO;;;
1300027930;13000279;30;Material;Spot;180279;FERRAMENTA MANUAL TESTE;R$ 23.866,25;A23;COMPRADOR FICTICIO 19;Compras Ágeis;Compras Ágeis;CT16;Operação Central;11/03/2026;Concluída;USUARIO.FICTICIO;R01 - Projetos Especiais;COMPRADOR FICTICIO 19;WS9100000279;Spot - Concorrência;DADO FICTICIO PARA TESTE DE CONTRATUALIZACAO;Não;Materiais - Spot <=1M;30;18;12. Concluída;Área Teste;Registro sintético para testar conexão, divergência e ambiguidade.;11/03/2026;2;13/03/2026;2;15/03/2026;2;17/03/2026;2;19/03/2026;2;21/03/2026;2;23/03/2026;2;25/03/2026;1;26/03/2026;1;27/03/2026;2;29/03/2026;Não;Sim;5%;0%;R$ 25.059,56;R$ 23.866,25;CW90279;4504000279;FORNECEDOR FICTICIO 19 LTDA;590019;N/A;N/A;NL8279;;;29/03/2026;04/04/2026;5;0,2;10;0,02;1;0,1;11/03/2026;DENTRO;12;CONCLUÍDO;;;
1300028040;13000280;40;Serviço;Contrato;;SERVICO DE CONSULTORIA TESTE;R$ 23.950,00;A33;COMPRADOR FICTICIO 20;Compras Ágeis;Compras Ágeis;CTRV;Operação Norte;12/03/2026;Concluída;USUARIO.FICTICIO;G08 - Ferramentas Gerais;COMPRADOR FICTICIO 20;WS9100000280;Contrato - Concorrência;DADO FICTICIO PARA TESTE DE CONTRATUALIZACAO;Não;Serviços - Contrato <=1M;30;18;12. Concluída;Área Teste;Registro sintético para testar conexão, divergência e ambiguidade.;12/03/2026;2;14/03/2026;2;16/03/2026;2;18/03/2026;2;20/03/2026;2;22/03/2026;2;24/03/2026;2;26/03/2026;1;27/03/2026;1;28/03/2026;2;30/03/2026;Sim;Sim;5%;0%;R$ 25.147,50;R$ 23.950,00;CW90280;4504000280;FORNECEDOR FICTICIO 20 LTDA;590020;12 meses;IPCA;NL8280;;;30/03/2026;05/04/2026;5;0,2;10;0,02;1;0,1;12/03/2026;DENTRO;12;CONCLUÍDO;;;
1300028150;13000281;50;Material;Contrato;180281;OLEO LUBRIFICANTE TESTE;R$ 24.033,75;G11;COMPRADOR FICTICIO 01;Compras Ágeis;Compras Ágeis;CZAR;Operação Sul;13/03/2026;Concluída;USUARIO.FICTICIO;G32 - Mão de Obra;COMPRADOR FICTICIO 01;WS9100000281;Contrato - Concorrência;DADO FICTICIO PARA TESTE DE CONTRATUALIZACAO;Não;Materiais - Contrato <=1M;30;18;12. Concluída;Área Teste;Registro sintético para testar conexão, divergência e ambiguidade.;13/03/2026;2;15/03/2026;2;17/03/2026;2;19/03/2026;2;21/03/2026;2;23/03/2026;2;25/03/2026;2;27/03/2026;1;28/03/2026;1;29/03/2026;2;31/03/2026;Sim;Sim;5%;0%;R$ 25.235,44;R$ 24.033,75;CW90281;4504000281;FORNECEDOR FICTICIO 01 LTDA;590001;12 meses;IPCA;NL8281;;;31/03/2026;06/04/2026;5;0,2;10;0,02;1;0,1;13/03/2026;DENTRO;12;CONCLUÍDO;;;
1300028260;13000282;60;Material;Spot;180282;EPI DE SEGURANCA TESTE;R$ 24.117,50;G12;COMPRADOR FICTICIO 02;Compras Ágeis;Compras Ágeis;CZXR;Operação Central;14/03/2026;Concluída;USUARIO.FICTICIO;G12 - Mat. Terminais;COMPRADOR FICTICIO 02;WS9100000282;Spot - Concorrência;DADO FICTICIO PARA TESTE DE CONTRATUALIZACAO;Não;Materiais - Spot <=1M;30;18;12. Concluída;Área Teste;Registro sintético para testar conexão, divergência e ambiguidade.;14/03/2026;2;16/03/2026;2;18/03/2026;2;20/03/2026;2;22/03/2026;2;24/03/2026;2;26/03/2026;2;28/03/2026;1;29/03/2026;1;30/03/2026;2;01/04/2026;Não;Sim;5%;0%;R$ 25.323,38;R$ 24.117,50;CW90282;4504000282;FORNECEDOR FICTICIO 02 LTDA;590002;N/A;N/A;NL8282;;;01/04/2026;07/04/2026;5;0,2;10;0,02;1;0,1;14/03/2026;DENTRO;12;CONCLUÍDO;;;
1300028270;13000282;70;Material;Contrato;180283;PARAFUSO INDUSTRIAL TESTE;R$ 24.201,25;A53;COMPRADOR FICTICIO 03;Compras Ágeis;Compras Ágeis;CZFB;Operação Norte;15/03/2026;Concluída;USUARIO.FICTICIO;G41 - Mat. Administrativo;COMPRADOR FICTICIO 03;WS9100000283;Contrato - Concorrência;DADO FICTICIO PARA TESTE DE CONTRATUALIZACAO;Não;Materiais - Contrato <=1M;30;18;12. Concluída;Área Teste;Registro sintético para testar conexão, divergência e ambiguidade.;15/03/2026;2;17/03/2026;2;19/03/2026;2;21/03/2026;2;23/03/2026;2;25/03/2026;2;27/03/2026;2;29/03/2026;1;30/03/2026;1;31/03/2026;2;02/04/2026;Sim;Sim;5%;0%;R$ 25.411,31;R$ 24.201,25;CW90283;4504000283;FORNECEDOR FICTICIO 03 LTDA;590003;12 meses;IPCA;NL8283;;;02/04/2026;08/04/2026;5;0,2;10;0,02;1;0,1;15/03/2026;DENTRO;12;CONCLUÍDO;;;
1300028480;13000284;80;Serviço;Contrato;;SERVICO DE MANUTENCAO TESTE;R$ 24.285,00;G32;COMPRADOR FICTICIO 04;Compras Ágeis;Compras Ágeis;CTRD;Operação Sul;16/03/2026;Concluída;USUARIO.FICTICIO;G32 - Mão de Obra;COMPRADOR FICTICIO 04;WS9100000284;Contrato - Concorrência;DADO FICTICIO PARA TESTE DE CONTRATUALIZACAO;Não;Serviços - Contrato <=1M;30;18;12. Concluída;Área Teste;Registro sintético para testar conexão, divergência e ambiguidade.;16/03/2026;2;18/03/2026;2;20/03/2026;2;22/03/2026;2;24/03/2026;2;26/03/2026;2;28/03/2026;2;30/03/2026;1;31/03/2026;1;01/04/2026;2;03/04/2026;Sim;Sim;5%;0%;R$ 25.499,25;R$ 24.285,00;CW90284;4504000284;FORNECEDOR FICTICIO 04 LTDA;590004;12 meses;IPCA;NL8284;;;03/04/2026;09/04/2026;5;0,2;10;0,02;1;0,1;16/03/2026;DENTRO;12;CONCLUÍDO;;;
1300028590;13000285;90;Material;Spot;180285;FERRAMENTA MANUAL TESTE;R$ 24.368,75;A64;COMPRADOR FICTICIO 05;Compras Ágeis;Compras Ágeis;CLNC;Operação Central;17/03/2026;Concluída;USUARIO.FICTICIO;G33 - Serv. de Oficinas;COMPRADOR FICTICIO 05;WS9100000285;Spot - Concorrência;DADO FICTICIO PARA TESTE DE CONTRATUALIZACAO;Não;Materiais - Spot <=1M;30;18;12. Concluída;Área Teste;Registro sintético para testar conexão, divergência e ambiguidade.;17/03/2026;2;19/03/2026;2;21/03/2026;2;23/03/2026;2;25/03/2026;2;27/03/2026;2;29/03/2026;2;31/03/2026;1;01/04/2026;1;02/04/2026;2;04/04/2026;Não;Sim;5%;0%;R$ 25.587,19;R$ 24.368,75;CW90285;4504000285;FORNECEDOR FICTICIO 05 LTDA;590005;N/A;N/A;NL8285;;;04/04/2026;10/04/2026;5;0,2;10;0,02;1;0,1;17/03/2026;DENTRO;12;CONCLUÍDO;;;
13000286100;13000286;100;Serviço;Contrato;;SERVICO DE CONSULTORIA TESTE;R$ 24.452,50;A69;COMPRADOR FICTICIO 06;Compras Ágeis;Compras Ágeis;CT16;Operação Norte;18/03/2026;Concluída;USUARIO.FICTICIO;G41 - Mat. Administrativo;COMPRADOR FICTICIO 06;WS9100000286;Contrato - Concorrência;DADO FICTICIO PARA TESTE DE CONTRATUALIZACAO;Não;Serviços - Contrato <=1M;30;18;12. Concluída;Área Teste;Registro sintético para testar conexão, divergência e ambiguidade.;18/03/2026;2;20/03/2026;2;22/03/2026;2;24/03/2026;2;26/03/2026;2;28/03/2026;2;30/03/2026;2;01/04/2026;1;02/04/2026;1;03/04/2026;2;05/04/2026;Sim;Sim;5%;0%;R$ 25.675,12;R$ 24.452,50;CW90286;4504000286;FORNECEDOR FICTICIO 06 LTDA;590006;12 meses;IPCA;NL8286;;;05/04/2026;11/04/2026;5;0,2;10;0,02;1;0,1;18/03/2026;DENTRO;12;CONCLUÍDO;;;
13000287110;13000287;110;Material;Contrato;180287;OLEO LUBRIFICANTE TESTE;R$ 24.536,25;N/D;COMPRADOR FICTICIO 07;Compras Ágeis;Compras Ágeis;CTRV;Operação Sul;19/03/2026;Concluída;USUARIO.FICTICIO;S15 - MSA - Manut. Loco;COMPRADOR FICTICIO 07;WS9100000287;Contrato - Concorrência;DADO FICTICIO PARA TESTE DE CONTRATUALIZACAO;Não;Materiais - Contrato <=1M;30;18;12. Concluída;Área Teste;Registro sintético para testar conexão, divergência e ambiguidade.;19/03/2026;2;21/03/2026;2;23/03/2026;2;25/03/2026;2;27/03/2026;2;29/03/2026;2;31/03/2026;2;02/04/2026;1;03/04/2026;1;04/04/2026;2;06/04/2026;Sim;Sim;5%;0%;R$ 25.763,06;R$ 24.536,25;CW90287;4504000287;FORNECEDOR FICTICIO 07 LTDA;590007;12 meses;IPCA;NL8287;;;06/04/2026;12/04/2026;5;0,2;10;0,02;1;0,1;19/03/2026;DENTRO;12;CONCLUÍDO;;;
13000288120;13000288;120;Material;Spot;180288;EPI DE SEGURANCA TESTE;R$ 24.620,00;R01;COMPRADOR FICTICIO 08;Compras Ágeis;Compras Ágeis;CZAR;Operação Central;20/03/2026;Concluída;USUARIO.FICTICIO;G12 - Mat. Terminais;COMPRADOR FICTICIO 08;WS9100000288;Spot - Concorrência;DADO FICTICIO PARA TESTE DE CONTRATUALIZACAO;Não;Materiais - Spot <=1M;30;18;12. Concluída;Área Teste;Registro sintético para testar conexão, divergência e ambiguidade.;20/03/2026;2;22/03/2026;2;24/03/2026;2;26/03/2026;2;28/03/2026;2;30/03/2026;2;01/04/2026;2;03/04/2026;1;04/04/2026;1;05/04/2026;2;07/04/2026;Não;Sim;5%;0%;R$ 25.851,00;R$ 24.620,00;CW90288;4504000288;FORNECEDOR FICTICIO 08 LTDA;590008;N/A;N/A;NL8288;;;07/04/2026;13/04/2026;5;0,2;10;0,02;1;0,1;20/03/2026;DENTRO;12;CONCLUÍDO;;;
1300028910;13000289;10;Material;Contrato;180289;PARAFUSO INDUSTRIAL TESTE;R$ 24.703,75;G08;COMPRADOR FICTICIO 09;Compras Ágeis;Compras Ágeis;CZXR;Operação Norte;21/03/2026;Concluída;USUARIO.FICTICIO;G08 - Ferramentas Gerais;COMPRADOR FICTICIO 09;WS9100000289;Contrato - Concorrência;DADO FICTICIO PARA TESTE DE CONTRATUALIZACAO;Não;Materiais - Contrato <=1M;30;18;12. Concluída;Área Teste;Registro sintético para testar conexão, divergência e ambiguidade.;21/03/2026;2;23/03/2026;2;25/03/2026;2;27/03/2026;2;29/03/2026;2;31/03/2026;2;02/04/2026;2;04/04/2026;1;05/04/2026;1;06/04/2026;2;08/04/2026;Sim;Sim;5%;0%;R$ 25.938,94;R$ 24.703,75;CW90289;4504000289;FORNECEDOR FICTICIO 09 LTDA;590009;12 meses;IPCA;NL8289;;;08/04/2026;14/04/2026;5;0,2;10;0,02;1;0,1;21/03/2026;DENTRO;12;CONCLUÍDO;;;
1300029020;13000290;20;Serviço;Contrato;;SERVICO DE MANUTENCAO TESTE;R$ 24.787,50;G11;COMPRADOR FICTICIO 10;Compras Ágeis;Compras Ágeis;CZFB;Operação Sul;22/03/2026;Concluída;USUARIO.FICTICIO;G11 - Lub., Óleo e afins;COMPRADOR FICTICIO 10;WS9100000290;Contrato - Concorrência;DADO FICTICIO PARA TESTE DE CONTRATUALIZACAO;Não;Serviços - Contrato <=1M;30;18;12. Concluída;Área Teste;Registro sintético para testar conexão, divergência e ambiguidade.;22/03/2026;2;24/03/2026;2;26/03/2026;2;28/03/2026;2;30/03/2026;2;01/04/2026;2;03/04/2026;2;05/04/2026;1;06/04/2026;1;07/04/2026;2;09/04/2026;Sim;Sim;5%;0%;R$ 26.026,88;R$ 24.787,50;CW90290;4504000290;FORNECEDOR FICTICIO 10 LTDA;590010;12 meses;IPCA;NL8290;;;09/04/2026;15/04/2026;5;0,2;10;0,02;1;0,1;22/03/2026;DENTRO;12;CONCLUÍDO;;;
1300029130;13000291;30;Material;Spot;180291;FERRAMENTA MANUAL TESTE;R$ 24.871,25;G12;COMPRADOR FICTICIO 11;Compras Ágeis;Compras Ágeis;CTRD;Operação Central;23/03/2026;Concluída;USUARIO.FICTICIO;G12 - Mat. Terminais;COMPRADOR FICTICIO 11;WS9100000291;Spot - Concorrência;DADO FICTICIO PARA TESTE DE CONTRATUALIZACAO;Não;Materiais - Spot <=1M;30;18;12. Concluída;Área Teste;Registro sintético para testar conexão, divergência e ambiguidade.;23/03/2026;2;25/03/2026;2;27/03/2026;2;29/03/2026;2;31/03/2026;2;02/04/2026;2;04/04/2026;2;06/04/2026;1;07/04/2026;1;08/04/2026;2;10/04/2026;Não;Sim;5%;0%;R$ 26.114,81;R$ 24.871,25;CW90291;4504000291;FORNECEDOR FICTICIO 11 LTDA;590011;N/A;N/A;NL8291;;;10/04/2026;16/04/2026;5;0,2;10;0,02;1;0,1;23/03/2026;DENTRO;12;CONCLUÍDO;;;
1300029240;13000292;40;Serviço;Contrato;;SERVICO DE CONSULTORIA TESTE;R$ 24.955,00;N/D;COMPRADOR FICTICIO 12;Compras Ágeis;Compras Ágeis;CLNC;Operação Norte;24/03/2026;Concluída;USUARIO.FICTICIO;G29 - EPIs;COMPRADOR FICTICIO 12;WS9100000292;Contrato - Concorrência;DADO FICTICIO PARA TESTE DE CONTRATUALIZACAO;Não;Serviços - Contrato <=1M;30;18;12. Concluída;Área Teste;Registro sintético para testar conexão, divergência e ambiguidade.;24/03/2026;2;26/03/2026;2;28/03/2026;2;30/03/2026;2;01/04/2026;2;03/04/2026;2;05/04/2026;2;07/04/2026;1;08/04/2026;1;09/04/2026;2;11/04/2026;Sim;Sim;5%;0%;R$ 26.202,75;R$ 24.955,00;CW90292;4504000292;FORNECEDOR FICTICIO 12 LTDA;590012;12 meses;IPCA;NL8292;;;11/04/2026;17/04/2026;5;0,2;10;0,02;1;0,1;24/03/2026;DENTRO;12;CONCLUÍDO;;;
1300029350;13000293;50;Material;Contrato;180293;OLEO LUBRIFICANTE TESTE;R$ 25.038,75;G32;COMPRADOR FICTICIO 13;Compras Ágeis;Compras Ágeis;CT16;Operação Sul;25/03/2026;Concluída;USUARIO.FICTICIO;G32 - Mão de Obra;COMPRADOR FICTICIO 13;WS9100000293;Contrato - Concorrência;DADO FICTICIO PARA TESTE DE CONTRATUALIZACAO;Não;Materiais - Contrato <=1M;30;18;12. Concluída;Área Teste;Registro sintético para testar conexão, divergência e ambiguidade.;25/03/2026;2;27/03/2026;2;29/03/2026;2;31/03/2026;2;02/04/2026;2;04/04/2026;2;06/04/2026;2;08/04/2026;1;09/04/2026;1;10/04/2026;2;12/04/2026;Sim;Sim;5%;0%;R$ 26.290,69;R$ 25.038,75;CW90293;4504000293;FORNECEDOR FICTICIO 13 LTDA;590013;12 meses;IPCA;NL8293;;;12/04/2026;18/04/2026;5;0,2;10;0,02;1;0,1;25/03/2026;DENTRO;12;CONCLUÍDO;;;
1300029460;13000294;60;Material;Spot;180294;EPI DE SEGURANCA TESTE;R$ 25.122,50;G33;COMPRADOR FICTICIO 14;Compras Ágeis;Compras Ágeis;CTRV;Operação Central;26/03/2026;Concluída;USUARIO.FICTICIO;G33 - Serv. de Oficinas;COMPRADOR FICTICIO 14;WS9100000294;Spot - Concorrência;DADO FICTICIO PARA TESTE DE CONTRATUALIZACAO;Não;Materiais - Spot <=1M;30;18;12. Concluída;Área Teste;Registro sintético para testar conexão, divergência e ambiguidade.;26/03/2026;2;28/03/2026;2;30/03/2026;2;01/04/2026;2;03/04/2026;2;05/04/2026;2;07/04/2026;2;09/04/2026;1;10/04/2026;1;11/04/2026;2;13/04/2026;Não;Sim;5%;0%;R$ 26.378,62;R$ 25.122,50;CW90294;4504000294;FORNECEDOR FICTICIO 14 LTDA;590014;N/A;N/A;NL8294;;;13/04/2026;19/04/2026;5;0,2;10;0,02;1;0,1;26/03/2026;DENTRO;12;CONCLUÍDO;;;
1300029570;13000295;70;Material;Contrato;180295;PARAFUSO INDUSTRIAL TESTE;R$ 25.206,25;G41;COMPRADOR FICTICIO 15;Compras Ágeis;Compras Ágeis;CZAR;Operação Norte;27/03/2026;Concluída;USUARIO.FICTICIO;G41 - Mat. Administrativo;COMPRADOR FICTICIO 15;WS9100000295;Contrato - Concorrência;DADO FICTICIO PARA TESTE DE CONTRATUALIZACAO;Não;Materiais - Contrato <=1M;30;18;12. Concluída;Área Teste;Registro sintético para testar conexão, divergência e ambiguidade.;27/03/2026;2;29/03/2026;2;31/03/2026;2;02/04/2026;2;04/04/2026;2;06/04/2026;2;08/04/2026;2;10/04/2026;1;11/04/2026;1;12/04/2026;2;14/04/2026;Sim;Sim;5%;0%;R$ 26.466,56;R$ 25.206,25;CW90295;4504000295;FORNECEDOR FICTICIO 15 LTDA;590015;12 meses;IPCA;NL8295;;;14/04/2026;20/04/2026;5;0,2;10;0,02;1;0,1;27/03/2026;DENTRO;12;CONCLUÍDO;;;
1300029680;13000296;80;Serviço;Contrato;;SERVICO DE MANUTENCAO TESTE;R$ 25.290,00;N/D;COMPRADOR FICTICIO 16;Compras Ágeis;Compras Ágeis;CZXR;Operação Sul;28/03/2026;Concluída;USUARIO.FICTICIO;S15 - MSA - Manut. Loco;COMPRADOR FICTICIO 16;WS9100000296;Contrato - Concorrência;DADO FICTICIO PARA TESTE DE CONTRATUALIZACAO;Não;Serviços - Contrato <=1M;30;18;12. Concluída;Área Teste;Registro sintético para testar conexão, divergência e ambiguidade.;28/03/2026;2;30/03/2026;2;01/04/2026;2;03/04/2026;2;05/04/2026;2;07/04/2026;2;09/04/2026;2;11/04/2026;1;12/04/2026;1;13/04/2026;2;15/04/2026;Sim;Sim;5%;0%;R$ 26.554,50;R$ 25.290,00;CW90296;4504000296;FORNECEDOR FICTICIO 16 LTDA;590016;12 meses;IPCA;NL8296;;;15/04/2026;21/04/2026;5;0,2;10;0,02;1;0,1;28/03/2026;DENTRO;12;CONCLUÍDO;;;
1300029790;13000297;90;Material;Spot;180297;FERRAMENTA MANUAL TESTE;R$ 25.373,75;R01;COMPRADOR FICTICIO 17;Compras Ágeis;Compras Ágeis;CZFB;Operação Central;29/03/2026;Concluída;USUARIO.FICTICIO;R01 - Projetos Especiais;COMPRADOR FICTICIO 17;WS9100000297;Spot - Concorrência;DADO FICTICIO PARA TESTE DE CONTRATUALIZACAO;Não;Materiais - Spot <=1M;30;18;12. Concluída;Área Teste;Registro sintético para testar conexão, divergência e ambiguidade.;29/03/2026;2;31/03/2026;2;02/04/2026;2;04/04/2026;2;06/04/2026;2;08/04/2026;2;10/04/2026;2;12/04/2026;1;13/04/2026;1;14/04/2026;2;16/04/2026;Não;Sim;5%;0%;R$ 26.642,44;R$ 25.373,75;CW90297;4504000297;FORNECEDOR FICTICIO 17 LTDA;590017;N/A;N/A;NL8297;;;16/04/2026;22/04/2026;5;0,2;10;0,02;1;0,1;29/03/2026;DENTRO;12;CONCLUÍDO;;;
13000298100;13000298;100;Serviço;Contrato;;SERVICO DE CONSULTORIA TESTE;R$ 25.457,50;A16;COMPRADOR FICTICIO 18;Compras Ágeis;Compras Ágeis;CTRD;Operação Norte;30/03/2026;Concluída;USUARIO.FICTICIO;G08 - Ferramentas Gerais;COMPRADOR FICTICIO 18;WS9100000298;Contrato - Concorrência;DADO FICTICIO PARA TESTE DE CONTRATUALIZACAO;Não;Serviços - Contrato <=1M;30;18;12. Concluída;Área Teste;Registro sintético para testar conexão, divergência e ambiguidade.;30/03/2026;2;01/04/2026;2;03/04/2026;2;05/04/2026;2;07/04/2026;2;09/04/2026;2;11/04/2026;2;13/04/2026;1;14/04/2026;1;15/04/2026;2;17/04/2026;Sim;Sim;5%;0%;R$ 26.730,38;R$ 25.457,50;CW90298;4504000298;FORNECEDOR FICTICIO 18 LTDA;590018;12 meses;IPCA;NL8298;;;17/04/2026;23/04/2026;5;0,2;10;0,02;1;0,1;30/03/2026;DENTRO;12;CONCLUÍDO;;;
13000299110;13000299;110;Material;Contrato;180299;OLEO LUBRIFICANTE TESTE;R$ 25.541,25;A19;COMPRADOR FICTICIO 19;Compras Ágeis;Compras Ágeis;CLNC;Operação Sul;31/03/2026;Concluída;USUARIO.FICTICIO;G11 - Lub., Óleo e afins;COMPRADOR FICTICIO 19;WS9100000299;Contrato - Concorrência;DADO FICTICIO PARA TESTE DE CONTRATUALIZACAO;Não;Materiais - Contrato <=1M;30;18;12. Concluída;Área Teste;Registro sintético para testar conexão, divergência e ambiguidade.;31/03/2026;2;02/04/2026;2;04/04/2026;2;06/04/2026;2;08/04/2026;2;10/04/2026;2;12/04/2026;2;14/04/2026;1;15/04/2026;1;16/04/2026;2;18/04/2026;Sim;Sim;5%;0%;R$ 26.818,31;R$ 25.541,25;CW90299;4504000299;FORNECEDOR FICTICIO 19 LTDA;590019;12 meses;IPCA;NL8299;;;18/04/2026;24/04/2026;5;0,2;10;0,02;1;0,1;31/03/2026;DENTRO;12;CONCLUÍDO;;;
13000300120;13000300;120;Material;Spot;180300;EPI DE SEGURANCA TESTE;R$ 25.625,00;A21;COMPRADOR FICTICIO 20;Compras Ágeis;Compras Ágeis;CT16;Operação Central;01/04/2026;Concluída;USUARIO.FICTICIO;G12 - Mat. Terminais;COMPRADOR FICTICIO 20;WS9100000300;Spot - Concorrência;DADO FICTICIO PARA TESTE DE CONTRATUALIZACAO;Não;Materiais - Spot <=1M;30;18;12. Concluída;Área Teste;Registro sintético para testar conexão, divergência e ambiguidade.;01/04/2026;2;03/04/2026;2;05/04/2026;2;07/04/2026;2;09/04/2026;2;11/04/2026;2;13/04/2026;2;15/04/2026;1;16/04/2026;1;17/04/2026;2;19/04/2026;Não;Sim;5%;0%;R$ 26.906,25;R$ 25.625,00;CW90300;4504000300;FORNECEDOR FICTICIO 20 LTDA;590020;N/A;N/A;NL8300;;;19/04/2026;25/04/2026;5;0,2;10;0,02;1;0,1;01/04/2026;DENTRO;12;CONCLUÍDO;;;
1300030110;13000301;10;Material;Contrato;180301;PARAFUSO INDUSTRIAL TESTE;R$ 25.708,75;A23;COMPRADOR FICTICIO 01;Compras Ágeis;Compras Ágeis;CTRV;Operação Norte;02/04/2026;Concluída;USUARIO.FICTICIO;G29 - EPIs;COMPRADOR FICTICIO 01;WS9100000301;Contrato - Concorrência;DADO FICTICIO PARA TESTE DE CONTRATUALIZACAO;Não;Materiais - Contrato <=1M;30;18;12. Concluída;Área Teste;Registro sintético para testar conexão, divergência e ambiguidade.;02/04/2026;2;04/04/2026;2;06/04/2026;2;08/04/2026;2;10/04/2026;2;12/04/2026;2;14/04/2026;2;16/04/2026;1;17/04/2026;1;18/04/2026;2;20/04/2026;Sim;Sim;5%;0%;R$ 26.994,19;R$ 25.708,75;CW90301;4504000301;FORNECEDOR FICTICIO 01 LTDA;590001;12 meses;IPCA;NL8301;;;20/04/2026;26/04/2026;5;0,2;10;0,02;1;0,1;02/04/2026;DENTRO;12;CONCLUÍDO;;;
1300030220;13000302;20;Serviço;Contrato;;SERVICO DE MANUTENCAO TESTE;R$ 25.792,50;G32;COMPRADOR FICTICIO 02;Compras Ágeis;Compras Ágeis;CZAR;Operação Sul;03/04/2026;Concluída;USUARIO.FICTICIO;G32 - Mão de Obra;COMPRADOR FICTICIO 02;WS9100000302;Contrato - Concorrência;DADO FICTICIO PARA TESTE DE CONTRATUALIZACAO;Não;Serviços - Contrato <=1M;30;18;12. Concluída;Área Teste;Registro sintético para testar conexão, divergência e ambiguidade.;03/04/2026;2;05/04/2026;2;07/04/2026;2;09/04/2026;2;11/04/2026;2;13/04/2026;2;15/04/2026;2;17/04/2026;1;18/04/2026;1;19/04/2026;2;21/04/2026;Sim;Sim;5%;0%;R$ 27.082,12;R$ 25.792,50;CW90302;4504000302;FORNECEDOR FICTICIO 02 LTDA;590002;12 meses;IPCA;NL8302;;;21/04/2026;27/04/2026;5;0,2;10;0,02;1;0,1;03/04/2026;DENTRO;12;CONCLUÍDO;;;
1300030330;13000303;30;Material;Spot;180303;FERRAMENTA MANUAL TESTE;R$ 25.876,25;A42;COMPRADOR FICTICIO 03;Compras Ágeis;Compras Ágeis;CZXR;Operação Central;04/04/2026;Concluída;USUARIO.FICTICIO;G33 - Serv. de Oficinas;COMPRADOR FICTICIO 03;WS9100000303;Spot - Concorrência;DADO FICTICIO PARA TESTE DE CONTRATUALIZACAO;Não;Materiais - Spot <=1M;30;18;12. Concluída;Área Teste;Registro sintético para testar conexão, divergência e ambiguidade.;04/04/2026;2;06/04/2026;2;08/04/2026;2;10/04/2026;2;12/04/2026;2;14/04/2026;2;16/04/2026;2;18/04/2026;1;19/04/2026;1;20/04/2026;2;22/04/2026;Não;Sim;5%;0%;R$ 27.170,06;R$ 25.876,25;CW90303;4504000303;FORNECEDOR FICTICIO 03 LTDA;590003;N/A;N/A;NL8303;;;22/04/2026;28/04/2026;5;0,2;10;0,02;1;0,1;04/04/2026;DENTRO;12;CONCLUÍDO;;;
1300030440;13000304;40;Serviço;Contrato;;SERVICO DE CONSULTORIA TESTE;R$ 25.960,00;A46;COMPRADOR FICTICIO 04;Compras Ágeis;Compras Ágeis;CZFB;Operação Norte;05/04/2026;Concluída;USUARIO.FICTICIO;G41 - Mat. Administrativo;COMPRADOR FICTICIO 04;WS9100000304;Contrato - Concorrência;DADO FICTICIO PARA TESTE DE CONTRATUALIZACAO;Não;Serviços - Contrato <=1M;30;18;12. Concluída;Área Teste;Registro sintético para testar conexão, divergência e ambiguidade.;05/04/2026;2;07/04/2026;2;09/04/2026;2;11/04/2026;2;13/04/2026;2;15/04/2026;2;17/04/2026;2;19/04/2026;1;20/04/2026;1;21/04/2026;2;23/04/2026;Sim;Sim;5%;0%;R$ 27.258,00;R$ 25.960,00;CW90304;4504000304;FORNECEDOR FICTICIO 04 LTDA;590004;12 meses;IPCA;NL8304;;;23/04/2026;29/04/2026;5;0,2;10;0,02;1;0,1;05/04/2026;DENTRO;12;CONCLUÍDO;;;
1300030550;13000305;50;Material;Contrato;180305;OLEO LUBRIFICANTE TESTE;R$ 26.043,75;S15;COMPRADOR FICTICIO 05;Compras Ágeis;Compras Ágeis;CTRD;Operação Sul;06/04/2026;Concluída;USUARIO.FICTICIO;S15 - MSA - Manut. Loco;COMPRADOR FICTICIO 05;WS9100000305;Contrato - Concorrência;DADO FICTICIO PARA TESTE DE CONTRATUALIZACAO;Não;Materiais - Contrato <=1M;30;18;12. Concluída;Área Teste;Registro sintético para testar conexão, divergência e ambiguidade.;06/04/2026;2;08/04/2026;2;10/04/2026;2;12/04/2026;2;14/04/2026;2;16/04/2026;2;18/04/2026;2;20/04/2026;1;21/04/2026;1;22/04/2026;2;24/04/2026;Sim;Sim;5%;0%;R$ 27.345,94;R$ 26.043,75;CW90305;4504000305;FORNECEDOR FICTICIO 05 LTDA;590005;12 meses;IPCA;NL8305;;;24/04/2026;30/04/2026;5;0,2;10;0,02;1;0,1;06/04/2026;DENTRO;12;CONCLUÍDO;;;
1300030660;13000306;60;Material;Contrato;180306;EPI DE SEGURANCA TESTE;R$ 26.127,50;R01;COMPRADOR FICTICIO 06;Compras Ágeis;Compras Ágeis;CLNC;Operação Central;07/04/2026;Concluída;USUARIO.FICTICIO;R01 - Projetos Especiais;COMPRADOR FICTICIO 06;WS9100000306;Contrato - Concorrência;DADO FICTICIO PARA TESTE DE CONTRATUALIZACAO;Não;Materiais - Contrato <=1M;30;18;12. Concluída;Área Teste;Registro sintético para testar conexão, divergência e ambiguidade.;07/04/2026;2;09/04/2026;2;11/04/2026;2;13/04/2026;2;15/04/2026;2;17/04/2026;2;19/04/2026;2;21/04/2026;1;22/04/2026;1;23/04/2026;2;25/04/2026;Sim;Sim;5%;0%;R$ 27.433,88;R$ 26.127,50;CW90306;4504000306;FORNECEDOR FICTICIO 06 LTDA;590006;12 meses;IPCA;NL8306;;;25/04/2026;01/05/2026;5;0,2;10;0,02;1;0,1;07/04/2026;DENTRO;12;CONCLUÍDO;;;
1300030770;13000307;70;Material;Contrato;180307;PARAFUSO INDUSTRIAL TESTE;R$ 26.211,25;A64;COMPRADOR FICTICIO 07;Compras Ágeis;Compras Ágeis;CT16;Operação Norte;08/04/2026;Concluída;USUARIO.FICTICIO;G08 - Ferramentas Gerais;COMPRADOR FICTICIO 07;WS9100000307;Contrato - Concorrência;DADO FICTICIO PARA TESTE DE CONTRATUALIZACAO;Não;Materiais - Contrato <=1M;30;18;12. Concluída;Área Teste;Registro sintético para testar conexão, divergência e ambiguidade.;08/04/2026;2;10/04/2026;2;12/04/2026;2;14/04/2026;2;16/04/2026;2;18/04/2026;2;20/04/2026;2;22/04/2026;1;23/04/2026;1;24/04/2026;2;26/04/2026;Sim;Sim;5%;0%;R$ 27.521,81;R$ 26.211,25;CW90307;4504000307;FORNECEDOR FICTICIO 07 LTDA;590007;12 meses;IPCA;NL8307;;;26/04/2026;02/05/2026;5;0,2;10;0,02;1;0,1;08/04/2026;DENTRO;12;CONCLUÍDO;;;
1300030880;13000308;80;Serviço;Contrato;;SERVICO DE MANUTENCAO TESTE;R$ 26.295,00;G11;COMPRADOR FICTICIO 08;Compras Ágeis;Compras Ágeis;CTRV;Operação Sul;09/04/2026;Concluída;USUARIO.FICTICIO;G32 - Mão de Obra;COMPRADOR FICTICIO 08;WS9100000308;Contrato - Concorrência;DADO FICTICIO PARA TESTE DE CONTRATUALIZACAO;Não;Serviços - Contrato <=1M;30;18;12. Concluída;Área Teste;Registro sintético para testar conexão, divergência e ambiguidade.;09/04/2026;2;11/04/2026;2;13/04/2026;2;15/04/2026;2;17/04/2026;2;19/04/2026;2;21/04/2026;2;23/04/2026;1;24/04/2026;1;25/04/2026;2;27/04/2026;Sim;Sim;5%;0%;R$ 27.609,75;R$ 26.295,00;CW90308;4504000308;FORNECEDOR FICTICIO 08 LTDA;590008;12 meses;IPCA;NL8308;;;27/04/2026;03/05/2026;5;0,2;10;0,02;1;0,1;09/04/2026;DENTRO;12;CONCLUÍDO;;;
1300030990;13000309;90;Material;Spot;180309;FERRAMENTA MANUAL TESTE;R$ 26.378,75;A16;COMPRADOR FICTICIO 09;Compras Ágeis;Compras Ágeis;CZAR;Operação Central;10/04/2026;Concluída;USUARIO.FICTICIO;G12 - Mat. Terminais;COMPRADOR FICTICIO 09;WS9100000309;Spot - Concorrência;DADO FICTICIO PARA TESTE DE CONTRATUALIZACAO;Não;Materiais - Spot <=1M;30;18;12. Concluída;Área Teste;Registro sintético para testar conexão, divergência e ambiguidade.;10/04/2026;2;12/04/2026;2;14/04/2026;2;16/04/2026;2;18/04/2026;2;20/04/2026;2;22/04/2026;2;24/04/2026;1;25/04/2026;1;26/04/2026;2;28/04/2026;Não;Sim;5%;0%;R$ 27.697,69;R$ 26.378,75;CW90309;4504000309;FORNECEDOR FICTICIO 09 LTDA;590009;N/A;N/A;NL8309;;;28/04/2026;04/05/2026;5;0,2;10;0,02;1;0,1;10/04/2026;DENTRO;12;CONCLUÍDO;;;
13000310100;13000310;100;Serviço;Contrato;;SERVICO DE CONSULTORIA TESTE;R$ 26.462,50;G29;COMPRADOR FICTICIO 10;Compras Ágeis;Compras Ágeis;CZXR;Operação Norte;11/04/2026;Concluída;USUARIO.FICTICIO;G29 - EPIs;COMPRADOR FICTICIO 10;WS9100000310;Contrato - Concorrência;DADO FICTICIO PARA TESTE DE CONTRATUALIZACAO;Não;Serviços - Contrato <=1M;30;18;12. Concluída;Área Teste;Registro sintético para testar conexão, divergência e ambiguidade.;11/04/2026;2;13/04/2026;2;15/04/2026;2;17/04/2026;2;19/04/2026;2;21/04/2026;2;23/04/2026;2;25/04/2026;1;26/04/2026;1;27/04/2026;2;29/04/2026;Sim;Sim;5%;0%;R$ 27.785,62;R$ 26.462,50;CW90310;4504000310;FORNECEDOR FICTICIO 10 LTDA;590010;12 meses;IPCA;NL8310;;;29/04/2026;05/05/2026;5;0,2;10;0,02;1;0,1;11/04/2026;DENTRO;12;CONCLUÍDO;;;
13000311110;13000311;110;Material;Contrato;180311;OLEO LUBRIFICANTE TESTE;R$ 26.546,25;A21;COMPRADOR FICTICIO 11;Compras Ágeis;Compras Ágeis;CZFB;Operação Sul;12/04/2026;Concluída;USUARIO.FICTICIO;G32 - Mão de Obra;COMPRADOR FICTICIO 11;WS9100000311;Contrato - Concorrência;DADO FICTICIO PARA TESTE DE CONTRATUALIZACAO;Não;Materiais - Contrato <=1M;30;18;12. Concluída;Área Teste;Registro sintético para testar conexão, divergência e ambiguidade.;12/04/2026;2;14/04/2026;2;16/04/2026;2;18/04/2026;2;20/04/2026;2;22/04/2026;2;24/04/2026;2;26/04/2026;1;27/04/2026;1;28/04/2026;2;30/04/2026;Sim;Sim;5%;0%;R$ 27.873,56;R$ 26.546,25;CW90311;4504000311;FORNECEDOR FICTICIO 11 LTDA;590011;12 meses;IPCA;NL8311;;;30/04/2026;06/05/2026;5;0,2;10;0,02;1;0,1;12/04/2026;DENTRO;12;CONCLUÍDO;;;
13000312120;13000312;120;Material;Spot;180312;EPI DE SEGURANCA TESTE;R$ 26.630,00;G33;COMPRADOR FICTICIO 12;Compras Ágeis;Compras Ágeis;CTRD;Operação Central;13/04/2026;Concluída;USUARIO.FICTICIO;G33 - Serv. de Oficinas;COMPRADOR FICTICIO 12;WS9100000312;Spot - Concorrência;DADO FICTICIO PARA TESTE DE CONTRATUALIZACAO;Não;Materiais - Spot <=1M;30;18;12. Concluída;Área Teste;Registro sintético para testar conexão, divergência e ambiguidade.;13/04/2026;2;15/04/2026;2;17/04/2026;2;19/04/2026;2;21/04/2026;2;23/04/2026;2;25/04/2026;2;27/04/2026;1;28/04/2026;1;29/04/2026;2;01/05/2026;Não;Sim;5%;0%;R$ 27.961,50;R$ 26.630,00;CW90312;4504000312;FORNECEDOR FICTICIO 12 LTDA;590012;N/A;N/A;NL8312;;;01/05/2026;07/05/2026;5;0,2;10;0,02;1;0,1;13/04/2026;DENTRO;12;CONCLUÍDO;;;
1300031310;13000313;10;Material;Contrato;180313;PARAFUSO INDUSTRIAL TESTE;R$ 26.713,75;G41;COMPRADOR FICTICIO 13;Compras Ágeis;Compras Ágeis;CLNC;Operação Norte;14/04/2026;Concluída;USUARIO.FICTICIO;G41 - Mat. Administrativo;COMPRADOR FICTICIO 13;WS9100000313;Contrato - Concorrência;DADO FICTICIO PARA TESTE DE CONTRATUALIZACAO;Não;Materiais - Contrato <=1M;30;18;12. Concluída;Área Teste;Registro sintético para testar conexão, divergência e ambiguidade.;14/04/2026;2;16/04/2026;2;18/04/2026;2;20/04/2026;2;22/04/2026;2;24/04/2026;2;26/04/2026;2;28/04/2026;1;29/04/2026;1;30/04/2026;2;02/05/2026;Sim;Sim;5%;0%;R$ 28.049,44;R$ 26.713,75;CW90313;4504000313;FORNECEDOR FICTICIO 13 LTDA;590013;12 meses;IPCA;NL8313;;;02/05/2026;08/05/2026;5;0,2;10;0,02;1;0,1;14/04/2026;DENTRO;12;CONCLUÍDO;;;
1300031420;13000314;20;Serviço;Contrato;;SERVICO DE MANUTENCAO TESTE;R$ 26.797,50;S15;COMPRADOR FICTICIO 14;Compras Ágeis;Compras Ágeis;CT16;Operação Sul;15/04/2026;Concluída;USUARIO.FICTICIO;S15 - MSA - Manut. Loco;COMPRADOR FICTICIO 14;WS9100000314;Contrato - Concorrência;DADO FICTICIO PARA TESTE DE CONTRATUALIZACAO;Não;Serviços - Contrato <=1M;30;18;12. Concluída;Área Teste;Registro sintético para testar conexão, divergência e ambiguidade.;15/04/2026;2;17/04/2026;2;19/04/2026;2;21/04/2026;2;23/04/2026;2;25/04/2026;2;27/04/2026;2;29/04/2026;1;30/04/2026;1;01/05/2026;2;03/05/2026;Sim;Sim;5%;0%;R$ 28.137,38;R$ 26.797,50;CW90314;4504000314;FORNECEDOR FICTICIO 14 LTDA;590014;12 meses;IPCA;NL8314;;;03/05/2026;09/05/2026;5;0,2;10;0,02;1;0,1;15/04/2026;DENTRO;12;CONCLUÍDO;;;
1300031530;13000315;30;Material;Spot;180315;FERRAMENTA MANUAL TESTE;R$ 26.881,25;A46;COMPRADOR FICTICIO 15;Compras Ágeis;Compras Ágeis;CTRV;Operação Central;16/04/2026;Concluída;USUARIO.FICTICIO;R01 - Projetos Especiais;COMPRADOR FICTICIO 15;WS9100000315;Spot - Concorrência;DADO FICTICIO PARA TESTE DE CONTRATUALIZACAO;Não;Materiais - Spot <=1M;30;18;12. Concluída;Área Teste;Registro sintético para testar conexão, divergência e ambiguidade.;16/04/2026;2;18/04/2026;2;20/04/2026;2;22/04/2026;2;24/04/2026;2;26/04/2026;2;28/04/2026;2;30/04/2026;1;01/05/2026;1;02/05/2026;2;04/05/2026;Não;Sim;5%;0%;R$ 28.225,31;R$ 26.881,25;CW90315;4504000315;FORNECEDOR FICTICIO 15 LTDA;590015;N/A;N/A;NL8315;;;04/05/2026;10/05/2026;5;0,2;10;0,02;1;0,1;16/04/2026;DENTRO;12;CONCLUÍDO;;;
1300031640;13000316;40;Serviço;Spot;;SERVICO DE CONSULTORIA TESTE;R$ 26.965,00;G08;COMPRADOR FICTICIO 16;Compras Ágeis;Compras Ágeis;CZAR;Operação Norte;17/04/2026;Concluída;USUARIO.FICTICIO;G08 - Ferramentas Gerais;COMPRADOR FICTICIO 16;WS9100000316;Spot - Concorrência;DADO FICTICIO PARA TESTE DE CONTRATUALIZACAO;Não;Serviços - Spot <=1M;30;18;12. Concluída;Área Teste;Registro sintético para testar conexão, divergência e ambiguidade.;17/04/2026;2;19/04/2026;2;21/04/2026;2;23/04/2026;2;25/04/2026;2;27/04/2026;2;29/04/2026;2;01/05/2026;1;02/05/2026;1;03/05/2026;2;05/05/2026;Não;Sim;5%;0%;R$ 28.313,25;R$ 26.965,00;CW90316;4504000316;FORNECEDOR FICTICIO 16 LTDA;590016;N/A;N/A;NL8316;;;05/05/2026;11/05/2026;5;0,2;10;0,02;1;0,1;17/04/2026;DENTRO;12;CONCLUÍDO;;;
1300031750;13000317;50;Material;Contrato;180317;OLEO LUBRIFICANTE TESTE;R$ 27.048,75;G11;COMPRADOR FICTICIO 17;Compras Ágeis;Compras Ágeis;CZXR;Operação Sul;18/04/2026;Concluída;USUARIO.FICTICIO;G11 - Lub., Óleo e afins;COMPRADOR FICTICIO 17;WS9100000317;Contrato - Concorrência;DADO FICTICIO PARA TESTE DE CONTRATUALIZACAO;Não;Materiais - Contrato <=1M;30;18;12. Concluída;Área Teste;Registro sintético para testar conexão, divergência e ambiguidade.;18/04/2026;2;20/04/2026;2;22/04/2026;2;24/04/2026;2;26/04/2026;2;28/04/2026;2;30/04/2026;2;02/05/2026;1;03/05/2026;1;04/05/2026;2;06/05/2026;Sim;Sim;5%;0%;R$ 28.401,19;R$ 27.048,75;CW90317;4504000317;FORNECEDOR FICTICIO 17 LTDA;590017;12 meses;IPCA;NL8317;;;06/05/2026;12/05/2026;5;0,2;10;0,02;1;0,1;18/04/2026;DENTRO;12;CONCLUÍDO;;;
1300031860;13000318;60;Material;Spot;180318;EPI DE SEGURANCA TESTE;R$ 27.132,50;G12;COMPRADOR FICTICIO 18;Compras Ágeis;Compras Ágeis;CZFB;Operação Central;19/04/2026;Concluída;USUARIO.FICTICIO;G12 - Mat. Terminais;COMPRADOR FICTICIO 18;WS9100000318;Spot - Concorrência;DADO FICTICIO PARA TESTE DE CONTRATUALIZACAO;Não;Materiais - Spot <=1M;30;18;12. Concluída;Área Teste;Registro sintético para testar conexão, divergência e ambiguidade.;19/04/2026;2;21/04/2026;2;23/04/2026;2;25/04/2026;2;27/04/2026;2;29/04/2026;2;01/05/2026;2;03/05/2026;1;04/05/2026;1;05/05/2026;2;07/05/2026;Não;Sim;5%;0%;R$ 28.489,12;R$ 27.132,50;CW90318;4504000318;FORNECEDOR FICTICIO 18 LTDA;590018;N/A;N/A;NL8318;;;07/05/2026;13/05/2026;5;0,2;10;0,02;1;0,1;19/04/2026;DENTRO;12;CONCLUÍDO;;;
1300031970;13000319;70;Material;Contrato;180319;PARAFUSO INDUSTRIAL TESTE;R$ 27.216,25;G29;COMPRADOR FICTICIO 19;Compras Ágeis;Compras Ágeis;CTRD;Operação Norte;20/04/2026;Concluída;USUARIO.FICTICIO;G29 - EPIs;COMPRADOR FICTICIO 19;WS9100000319;Contrato - Concorrência;DADO FICTICIO PARA TESTE DE CONTRATUALIZACAO;Não;Materiais - Contrato <=1M;30;18;12. Concluída;Área Teste;Registro sintético para testar conexão, divergência e ambiguidade.;20/04/2026;2;22/04/2026;2;24/04/2026;2;26/04/2026;2;28/04/2026;2;30/04/2026;2;02/05/2026;2;04/05/2026;1;05/05/2026;1;06/05/2026;2;08/05/2026;Sim;Sim;5%;0%;R$ 28.577,06;R$ 27.216,25;CW90319;4504000319;FORNECEDOR FICTICIO 19 LTDA;590019;12 meses;IPCA;NL8319;;;08/05/2026;14/05/2026;5;0,2;10;0,02;1;0,1;20/04/2026;DENTRO;12;CONCLUÍDO;;;
1300032080;13000320;80;Serviço;Contrato;;SERVICO DE MANUTENCAO TESTE;R$ 27.300,00;A16;COMPRADOR FICTICIO 20;Compras Ágeis;Compras Ágeis;CLNC;Operação Sul;21/04/2026;Concluída;USUARIO.FICTICIO;G32 - Mão de Obra;COMPRADOR FICTICIO 20;WS9100000320;Contrato - Concorrência;DADO FICTICIO PARA TESTE DE CONTRATUALIZACAO;Não;Serviços - Contrato <=1M;30;18;12. Concluída;Área Teste;Registro sintético para testar conexão, divergência e ambiguidade.;21/04/2026;2;23/04/2026;2;25/04/2026;2;27/04/2026;2;29/04/2026;2;01/05/2026;2;03/05/2026;2;05/05/2026;1;06/05/2026;1;07/05/2026;2;09/05/2026;Sim;Sim;5%;0%;R$ 28.665,00;R$ 27.300,00;CW90320;4504000320;FORNECEDOR FICTICIO 20 LTDA;590020;12 meses;IPCA;NL8320;;;09/05/2026;15/05/2026;5;0,2;10;0,02;1;0,1;21/04/2026;DENTRO;12;CONCLUÍDO;;;
1300032190;13000321;90;Material;Spot;180321;FERRAMENTA MANUAL TESTE;R$ 27.383,75;N/D;COMPRADOR FICTICIO 01;Compras Ágeis;Compras Ágeis;CT16;Operação Central;22/04/2026;Concluída;USUARIO.FICTICIO;G33 - Serv. de Oficinas;COMPRADOR FICTICIO 01;WS9100000321;Spot - Concorrência;DADO FICTICIO PARA TESTE DE CONTRATUALIZACAO;Não;Materiais - Spot <=1M;30;18;12. Concluída;Área Teste;Registro sintético para testar conexão, divergência e ambiguidade.;22/04/2026;2;24/04/2026;2;26/04/2026;2;28/04/2026;2;30/04/2026;2;02/05/2026;2;04/05/2026;2;06/05/2026;1;07/05/2026;1;08/05/2026;2;10/05/2026;Não;Sim;5%;0%;R$ 28.752,94;R$ 27.383,75;CW90321;4504000321;FORNECEDOR FICTICIO 01 LTDA;590001;N/A;N/A;NL8321;;;10/05/2026;16/05/2026;5;0,2;10;0,02;1;0,1;22/04/2026;DENTRO;12;CONCLUÍDO;;;
13000322100;13000322;100;Serviço;Contrato;;SERVICO DE CONSULTORIA TESTE;R$ 27.467,50;A21;COMPRADOR FICTICIO 02;Compras Ágeis;Compras Ágeis;CTRV;Operação Norte;23/04/2026;Concluída;USUARIO.FICTICIO;G41 - Mat. Administrativo;COMPRADOR FICTICIO 02;WS9100000322;Contrato - Concorrência;DADO FICTICIO PARA TESTE DE CONTRATUALIZACAO;Não;Serviços - Contrato <=1M;30;18;12. Concluída;Área Teste;Registro sintético para testar conexão, divergência e ambiguidade.;23/04/2026;2;25/04/2026;2;27/04/2026;2;29/04/2026;2;01/05/2026;2;03/05/2026;2;05/05/2026;2;07/05/2026;1;08/05/2026;1;09/05/2026;2;11/05/2026;Sim;Sim;5%;0%;R$ 28.840,88;R$ 27.467,50;CW90322;4504000322;FORNECEDOR FICTICIO 02 LTDA;590002;12 meses;IPCA;NL8322;;;11/05/2026;17/05/2026;5;0,2;10;0,02;1;0,1;23/04/2026;DENTRO;12;CONCLUÍDO;;;
13000323110;13000323;110;Material;Contrato;180323;OLEO LUBRIFICANTE TESTE;R$ 27.551,25;A23;COMPRADOR FICTICIO 03;Compras Ágeis;Compras Ágeis;CZAR;Operação Sul;24/04/2026;Concluída;USUARIO.FICTICIO;S15 - MSA - Manut. Loco;COMPRADOR FICTICIO 03;WS9100000323;Contrato - Concorrência;DADO FICTICIO PARA TESTE DE CONTRATUALIZACAO;Não;Materiais - Contrato <=1M;30;18;12. Concluída;Área Teste;Registro sintético para testar conexão, divergência e ambiguidade.;24/04/2026;2;26/04/2026;2;28/04/2026;2;30/04/2026;2;02/05/2026;2;04/05/2026;2;06/05/2026;2;08/05/2026;1;09/05/2026;1;10/05/2026;2;12/05/2026;Sim;Sim;5%;0%;R$ 28.928,81;R$ 27.551,25;CW90323;4504000323;FORNECEDOR FICTICIO 03 LTDA;590003;12 meses;IPCA;NL8323;;;12/05/2026;18/05/2026;5;0,2;10;0,02;1;0,1;24/04/2026;DENTRO;12;CONCLUÍDO;;;
13000324120;13000324;120;Material;Spot;180324;EPI DE SEGURANCA TESTE;R$ 27.635,00;R01;COMPRADOR FICTICIO 04;Compras Ágeis;Compras Ágeis;CZXR;Operação Central;25/04/2026;Concluída;USUARIO.FICTICIO;R01 - Projetos Especiais;COMPRADOR FICTICIO 04;WS9100000324;Spot - Concorrência;DADO FICTICIO PARA TESTE DE CONTRATUALIZACAO;Não;Materiais - Spot <=1M;30;18;12. Concluída;Área Teste;Registro sintético para testar conexão, divergência e ambiguidade.;25/04/2026;2;27/04/2026;2;29/04/2026;2;01/05/2026;2;03/05/2026;2;05/05/2026;2;07/05/2026;2;09/05/2026;1;10/05/2026;1;11/05/2026;2;13/05/2026;Não;Sim;5%;0%;R$ 29.016,75;R$ 27.635,00;CW90324;4504000324;FORNECEDOR FICTICIO 04 LTDA;590004;N/A;N/A;NL8324;;;13/05/2026;19/05/2026;5;0,2;10;0,02;1;0,1;25/04/2026;DENTRO;12;CONCLUÍDO;;;
1300032510;13000325;10;Material;Contrato;180325;PARAFUSO INDUSTRIAL TESTE;R$ 27.718,75;G08;COMPRADOR FICTICIO 05;Compras Ágeis;Compras Ágeis;CZFB;Operação Norte;26/04/2026;Concluída;USUARIO.FICTICIO;G08 - Ferramentas Gerais;COMPRADOR FICTICIO 05;WS9100000325;Contrato - Concorrência;DADO FICTICIO PARA TESTE DE CONTRATUALIZACAO;Não;Materiais - Contrato <=1M;30;18;12. Concluída;Área Teste;Registro sintético para testar conexão, divergência e ambiguidade.;26/04/2026;2;28/04/2026;2;30/04/2026;2;02/05/2026;2;04/05/2026;2;06/05/2026;2;08/05/2026;2;10/05/2026;1;11/05/2026;1;12/05/2026;2;14/05/2026;Sim;Sim;5%;0%;R$ 29.104,69;R$ 27.718,75;CW90325;4504000325;FORNECEDOR FICTICIO 05 LTDA;590005;12 meses;IPCA;NL8325;;;14/05/2026;20/05/2026;5;0,2;10;0,02;1;0,1;26/04/2026;DENTRO;12;CONCLUÍDO;;;
1300032620;13000326;20;Serviço;Contrato;;SERVICO DE MANUTENCAO TESTE;R$ 27.802,50;G11;COMPRADOR FICTICIO 06;Compras Ágeis;Compras Ágeis;CTRD;Operação Sul;27/04/2026;Concluída;USUARIO.FICTICIO;G11 - Lub., Óleo e afins;COMPRADOR FICTICIO 06;WS9100000326;Contrato - Concorrência;DADO FICTICIO PARA TESTE DE CONTRATUALIZACAO;Não;Serviços - Contrato <=1M;30;18;12. Concluída;Área Teste;Registro sintético para testar conexão, divergência e ambiguidade.;27/04/2026;2;29/04/2026;2;01/05/2026;2;03/05/2026;2;05/05/2026;2;07/05/2026;2;09/05/2026;2;11/05/2026;1;12/05/2026;1;13/05/2026;2;15/05/2026;Sim;Sim;5%;0%;R$ 29.192,62;R$ 27.802,50;CW90326;4504000326;FORNECEDOR FICTICIO 06 LTDA;590006;12 meses;IPCA;NL8326;;;15/05/2026;21/05/2026;5;0,2;10;0,02;1;0,1;27/04/2026;DENTRO;12;CONCLUÍDO;;;
1300032730;13000327;30;Material;Spot;180327;FERRAMENTA MANUAL TESTE;R$ 27.886,25;A53;COMPRADOR FICTICIO 07;Compras Ágeis;Compras Ágeis;CLNC;Operação Central;28/04/2026;Concluída;USUARIO.FICTICIO;G12 - Mat. Terminais;COMPRADOR FICTICIO 07;WS9100000327;Spot - Concorrência;DADO FICTICIO PARA TESTE DE CONTRATUALIZACAO;Não;Materiais - Spot <=1M;30;18;12. Concluída;Área Teste;Registro sintético para testar conexão, divergência e ambiguidade.;28/04/2026;2;30/04/2026;2;02/05/2026;2;04/05/2026;2;06/05/2026;2;08/05/2026;2;10/05/2026;2;12/05/2026;1;13/05/2026;1;14/05/2026;2;16/05/2026;Não;Sim;5%;0%;R$ 29.280,56;R$ 27.886,25;CW90327;4504000327;FORNECEDOR FICTICIO 07 LTDA;590007;N/A;N/A;NL8327;;;16/05/2026;22/05/2026;5;0,2;10;0,02;1;0,1;28/04/2026;DENTRO;12;CONCLUÍDO;;;
1300032840;13000328;40;Serviço;Contrato;;SERVICO DE CONSULTORIA TESTE;R$ 27.970,00;G29;COMPRADOR FICTICIO 08;Compras Ágeis;Compras Ágeis;CT16;Operação Norte;29/04/2026;Concluída;USUARIO.FICTICIO;G29 - EPIs;COMPRADOR FICTICIO 08;WS9100000328;Contrato - Concorrência;DADO FICTICIO PARA TESTE DE CONTRATUALIZACAO;Não;Serviços - Contrato <=1M;30;18;12. Concluída;Área Teste;Registro sintético para testar conexão, divergência e ambiguidade.;29/04/2026;2;01/05/2026;2;03/05/2026;2;05/05/2026;2;07/05/2026;2;09/05/2026;2;11/05/2026;2;13/05/2026;1;14/05/2026;1;15/05/2026;2;17/05/2026;Sim;Sim;5%;0%;R$ 29.368,50;R$ 27.970,00;CW90328;4504000328;FORNECEDOR FICTICIO 08 LTDA;590008;12 meses;IPCA;NL8328;;;17/05/2026;23/05/2026;5;0,2;10;0,02;1;0,1;29/04/2026;DENTRO;12;CONCLUÍDO;;;
1300032950;13000329;50;Material;Contrato;180329;OLEO LUBRIFICANTE TESTE;R$ 28.053,75;G32;COMPRADOR FICTICIO 09;Compras Ágeis;Compras Ágeis;CTRV;Operação Sul;30/04/2026;Concluída;USUARIO.FICTICIO;G32 - Mão de Obra;COMPRADOR FICTICIO 09;WS9100000329;Contrato - Concorrência;DADO FICTICIO PARA TESTE DE CONTRATUALIZACAO;Não;Materiais - Contrato <=1M;30;18;12. Concluída;Área Teste;Registro sintético para testar conexão, divergência e ambiguidade.;30/04/2026;2;02/05/2026;2;04/05/2026;2;06/05/2026;2;08/05/2026;2;10/05/2026;2;12/05/2026;2;14/05/2026;1;15/05/2026;1;16/05/2026;2;18/05/2026;Sim;Sim;5%;0%;R$ 29.456,44;R$ 28.053,75;CW90329;4504000329;FORNECEDOR FICTICIO 09 LTDA;590009;12 meses;IPCA;NL8329;;;18/05/2026;24/05/2026;5;0,2;10;0,02;1;0,1;30/04/2026;DENTRO;12;CONCLUÍDO;;;
1300033060;13000330;60;Material;Spot;180330;EPI DE SEGURANCA TESTE;R$ 28.137,50;G33;COMPRADOR FICTICIO 10;Compras Ágeis;Compras Ágeis;CZAR;Operação Central;01/05/2026;Concluída;USUARIO.FICTICIO;G33 - Serv. de Oficinas;COMPRADOR FICTICIO 10;WS9100000330;Spot - Concorrência;DADO FICTICIO PARA TESTE DE CONTRATUALIZACAO;Não;Materiais - Spot <=1M;30;18;12. Concluída;Área Teste;Registro sintético para testar conexão, divergência e ambiguidade.;01/05/2026;2;03/05/2026;2;05/05/2026;2;07/05/2026;2;09/05/2026;2;11/05/2026;2;13/05/2026;2;15/05/2026;1;16/05/2026;1;17/05/2026;2;19/05/2026;Não;Sim;5%;0%;R$ 29.544,38;R$ 28.137,50;CW90330;4504000330;FORNECEDOR FICTICIO 10 LTDA;590010;N/A;N/A;NL8330;;;19/05/2026;25/05/2026;5;0,2;10;0,02;1;0,1;01/05/2026;DENTRO;12;CONCLUÍDO;;;
1300033170;13000331;70;Material;Contrato;180331;PARAFUSO INDUSTRIAL TESTE;R$ 28.221,25;G41;COMPRADOR FICTICIO 11;Compras Ágeis;Compras Ágeis;CZXR;Operação Norte;02/05/2026;Concluída;USUARIO.FICTICIO;G08 - Ferramentas Gerais;COMPRADOR FICTICIO 11;WS9100000331;Contrato - Concorrência;DADO FICTICIO PARA TESTE DE CONTRATUALIZACAO;Não;Materiais - Contrato <=1M;30;18;12. Concluída;Área Teste;Registro sintético para testar conexão, divergência e ambiguidade.;02/05/2026;2;04/05/2026;2;06/05/2026;2;08/05/2026;2;10/05/2026;2;12/05/2026;2;14/05/2026;2;16/05/2026;1;17/05/2026;1;18/05/2026;2;20/05/2026;Sim;Sim;5%;0%;R$ 29.632,31;R$ 28.221,25;CW90331;4504000331;FORNECEDOR FICTICIO 11 LTDA;590011;12 meses;IPCA;NL8331;;;20/05/2026;26/05/2026;5;0,2;10;0,02;1;0,1;02/05/2026;DENTRO;12;CONCLUÍDO;;;
1300033280;13000332;80;Serviço;Contrato;;SERVICO DE MANUTENCAO TESTE;R$ 28.305,00;S15;COMPRADOR FICTICIO 12;Compras Ágeis;Compras Ágeis;CZFB;Operação Sul;03/05/2026;Concluída;USUARIO.FICTICIO;S15 - MSA - Manut. Loco;COMPRADOR FICTICIO 12;WS9100000332;Contrato - Concorrência;DADO FICTICIO PARA TESTE DE CONTRATUALIZACAO;Não;Serviços - Contrato <=1M;30;18;12. Concluída;Área Teste;Registro sintético para testar conexão, divergência e ambiguidade.;03/05/2026;2;05/05/2026;2;07/05/2026;2;09/05/2026;2;11/05/2026;2;13/05/2026;2;15/05/2026;2;17/05/2026;1;18/05/2026;1;19/05/2026;2;21/05/2026;Sim;Sim;5%;0%;R$ 29.720,25;R$ 28.305,00;CW90332;4504000332;FORNECEDOR FICTICIO 12 LTDA;590012;12 meses;IPCA;NL8332;;;21/05/2026;27/05/2026;5;0,2;10;0,02;1;0,1;03/05/2026;DENTRO;12;CONCLUÍDO;;;
1300033390;13000333;90;Material;Spot;180333;FERRAMENTA MANUAL TESTE;R$ 28.388,75;R01;COMPRADOR FICTICIO 13;Compras Ágeis;Compras Ágeis;CTRD;Operação Central;04/05/2026;Concluída;USUARIO.FICTICIO;R01 - Projetos Especiais;COMPRADOR FICTICIO 13;WS9100000333;Spot - Concorrência;DADO FICTICIO PARA TESTE DE CONTRATUALIZACAO;Não;Materiais - Spot <=1M;30;18;12. Concluída;Área Teste;Registro sintético para testar conexão, divergência e ambiguidade.;04/05/2026;2;06/05/2026;2;08/05/2026;2;10/05/2026;2;12/05/2026;2;14/05/2026;2;16/05/2026;2;18/05/2026;1;19/05/2026;1;20/05/2026;2;22/05/2026;Não;Sim;5%;0%;R$ 29.808,19;R$ 28.388,75;CW90333;4504000333;FORNECEDOR FICTICIO 13 LTDA;590013;N/A;N/A;NL8333;;;22/05/2026;28/05/2026;5;0,2;10;0,02;1;0,1;04/05/2026;DENTRO;12;CONCLUÍDO;;;
13000334100;13000334;100;Serviço;Contrato;;SERVICO DE CONSULTORIA TESTE;R$ 28.472,50;G08;COMPRADOR FICTICIO 14;Compras Ágeis;Compras Ágeis;CLNC;Operação Norte;05/05/2026;Concluída;USUARIO.FICTICIO;G08 - Ferramentas Gerais;COMPRADOR FICTICIO 14;WS9100000334;Contrato - Concorrência;DADO FICTICIO PARA TESTE DE CONTRATUALIZACAO;Não;Serviços - Contrato <=1M;30;18;12. Concluída;Área Teste;Registro sintético para testar conexão, divergência e ambiguidade.;05/05/2026;2;07/05/2026;2;09/05/2026;2;11/05/2026;2;13/05/2026;2;15/05/2026;2;17/05/2026;2;19/05/2026;1;20/05/2026;1;21/05/2026;2;23/05/2026;Sim;Sim;5%;0%;R$ 29.896,12;R$ 28.472,50;CW90334;4504000334;FORNECEDOR FICTICIO 14 LTDA;590014;12 meses;IPCA;NL8334;;;23/05/2026;29/05/2026;5;0,2;10;0,02;1;0,1;05/05/2026;DENTRO;12;CONCLUÍDO;;;
13000335110;13000335;110;Material;Contrato;180335;OLEO LUBRIFICANTE TESTE;R$ 28.556,25;G11;COMPRADOR FICTICIO 15;Compras Ágeis;Compras Ágeis;CT16;Operação Sul;06/05/2026;Concluída;USUARIO.FICTICIO;G32 - Mão de Obra;COMPRADOR FICTICIO 15;WS9100000335;Contrato - Concorrência;DADO FICTICIO PARA TESTE DE CONTRATUALIZACAO;Não;Materiais - Contrato <=1M;30;18;12. Concluída;Área Teste;Registro sintético para testar conexão, divergência e ambiguidade.;06/05/2026;2;08/05/2026;2;10/05/2026;2;12/05/2026;2;14/05/2026;2;16/05/2026;2;18/05/2026;2;20/05/2026;1;21/05/2026;1;22/05/2026;2;24/05/2026;Sim;Sim;5%;0%;R$ 29.984,06;R$ 28.556,25;CW90335;4504000335;FORNECEDOR FICTICIO 15 LTDA;590015;12 meses;IPCA;NL8335;;;24/05/2026;30/05/2026;5;0,2;10;0,02;1;0,1;06/05/2026;DENTRO;12;CONCLUÍDO;;;
13000336120;13000336;120;Material;Spot;180336;EPI DE SEGURANCA TESTE;R$ 28.640,00;G12;COMPRADOR FICTICIO 16;Compras Ágeis;Compras Ágeis;CTRV;Operação Central;07/05/2026;Concluída;USUARIO.FICTICIO;G12 - Mat. Terminais;COMPRADOR FICTICIO 16;WS9100000336;Spot - Concorrência;DADO FICTICIO PARA TESTE DE CONTRATUALIZACAO;Não;Materiais - Spot <=1M;30;18;12. Concluída;Área Teste;Registro sintético para testar conexão, divergência e ambiguidade.;07/05/2026;2;09/05/2026;2;11/05/2026;2;13/05/2026;2;15/05/2026;2;17/05/2026;2;19/05/2026;2;21/05/2026;1;22/05/2026;1;23/05/2026;2;25/05/2026;Não;Sim;5%;0%;R$ 30.072,00;R$ 28.640,00;CW90336;4504000336;FORNECEDOR FICTICIO 16 LTDA;590016;N/A;N/A;NL8336;;;25/05/2026;31/05/2026;5;0,2;10;0,02;1;0,1;07/05/2026;DENTRO;12;CONCLUÍDO;;;
1300033610;13000336;10;Material;Contrato;180337;PARAFUSO INDUSTRIAL TESTE;R$ 28.723,75;A46;COMPRADOR FICTICIO 17;Compras Ágeis;Compras Ágeis;CZAR;Operação Norte;08/05/2026;Concluída;USUARIO.FICTICIO;G41 - Mat. Administrativo;COMPRADOR FICTICIO 17;WS9100000337;Contrato - Concorrência;DADO FICTICIO PARA TESTE DE CONTRATUALIZACAO;Não;Materiais - Contrato <=1M;30;18;12. Concluída;Área Teste;Registro sintético para testar conexão, divergência e ambiguidade.;08/05/2026;2;10/05/2026;2;12/05/2026;2;14/05/2026;2;16/05/2026;2;18/05/2026;2;20/05/2026;2;22/05/2026;1;23/05/2026;1;24/05/2026;2;26/05/2026;Sim;Sim;5%;0%;R$ 30.159,94;R$ 28.723,75;CW90337;4504000337;FORNECEDOR FICTICIO 17 LTDA;590017;12 meses;IPCA;NL8337;;;26/05/2026;01/06/2026;5;0,2;10;0,02;1;0,1;08/05/2026;DENTRO;12;CONCLUÍDO;;;
1300033820;13000338;20;Serviço;Contrato;;SERVICO DE MANUTENCAO TESTE;R$ 28.807,50;A53;COMPRADOR FICTICIO 18;Compras Ágeis;Compras Ágeis;CZXR;Operação Sul;09/05/2026;Concluída;USUARIO.FICTICIO;G32 - Mão de Obra;COMPRADOR FICTICIO 18;WS9100000338;Contrato - Concorrência;DADO FICTICIO PARA TESTE DE CONTRATUALIZACAO;Não;Serviços - Contrato <=1M;30;18;12. Concluída;Área Teste;Registro sintético para testar conexão, divergência e ambiguidade.;09/05/2026;2;11/05/2026;2;13/05/2026;2;15/05/2026;2;17/05/2026;2;19/05/2026;2;21/05/2026;2;23/05/2026;1;24/05/2026;1;25/05/2026;2;27/05/2026;Sim;Sim;5%;0%;R$ 30.247,88;R$ 28.807,50;CW90338;4504000338;FORNECEDOR FICTICIO 18 LTDA;590018;12 meses;IPCA;NL8338;;;27/05/2026;02/06/2026;5;0,2;10;0,02;1;0,1;09/05/2026;DENTRO;12;CONCLUÍDO;;;
1300033830;13000338;30;Material;Spot;180339;FERRAMENTA MANUAL TESTE;R$ 28.891,25;A62;COMPRADOR FICTICIO 19;Compras Ágeis;Compras Ágeis;CZFB;Operação Central;10/05/2026;Concluída;USUARIO.FICTICIO;R01 - Projetos Especiais;COMPRADOR FICTICIO 19;WS9100000339;Spot - Concorrência;DADO FICTICIO PARA TESTE DE CONTRATUALIZACAO;Não;Materiais - Spot <=1M;30;18;12. Concluída;Área Teste;Registro sintético para testar conexão, divergência e ambiguidade.;10/05/2026;2;12/05/2026;2;14/05/2026;2;16/05/2026;2;18/05/2026;2;20/05/2026;2;22/05/2026;2;24/05/2026;1;25/05/2026;1;26/05/2026;2;28/05/2026;Não;Sim;5%;0%;R$ 30.335,81;R$ 28.891,25;CW90339;4504000338;FORNECEDOR FICTICIO 19 LTDA;590019;N/A;N/A;NL8339;;;28/05/2026;03/06/2026;5;0,2;10;0,02;1;0,1;10/05/2026;DENTRO;12;CONCLUÍDO;;;
1300034040;13000340;40;Serviço;Contrato;;SERVICO DE CONSULTORIA TESTE;R$ 28.975,00;A64;COMPRADOR FICTICIO 20;Compras Ágeis;Compras Ágeis;CTRD;Operação Norte;11/05/2026;Concluída;USUARIO.FICTICIO;G41 - Mat. Administrativo;COMPRADOR FICTICIO 20;WS9100000340;Contrato - Concorrência;DADO FICTICIO PARA TESTE DE CONTRATUALIZACAO;Não;Serviços - Contrato <=1M;30;18;12. Concluída;Área Teste;Registro sintético para testar conexão, divergência e ambiguidade.;11/05/2026;2;13/05/2026;2;15/05/2026;2;17/05/2026;2;19/05/2026;2;21/05/2026;2;23/05/2026;2;25/05/2026;1;26/05/2026;1;27/05/2026;2;29/05/2026;Sim;Sim;5%;0%;R$ 30.423,75;R$ 28.975,00;CW90340;4504000340;FORNECEDOR FICTICIO 20 LTDA;590020;12 meses;IPCA;NL8340;;;29/05/2026;04/06/2026;5;0,2;10;0,02;1;0,1;11/05/2026;DENTRO;12;CONCLUÍDO;;;
1300034150;13000341;50;Material;Contrato;180341;OLEO LUBRIFICANTE TESTE;R$ 29.058,75;A69;COMPRADOR FICTICIO 01;Compras Ágeis;Compras Ágeis;CLNC;Operação Sul;12/05/2026;Concluída;USUARIO.FICTICIO;S15 - MSA - Manut. Loco;COMPRADOR FICTICIO 01;WS9100000341;Contrato - Concorrência;DADO FICTICIO PARA TESTE DE CONTRATUALIZACAO;Não;Materiais - Contrato <=1M;30;18;12. Concluída;Área Teste;Registro sintético para testar conexão, divergência e ambiguidade.;12/05/2026;2;14/05/2026;2;16/05/2026;2;18/05/2026;2;20/05/2026;2;22/05/2026;2;24/05/2026;2;26/05/2026;1;27/05/2026;1;28/05/2026;2;30/05/2026;Sim;Sim;5%;0%;R$ 30.511,69;R$ 29.058,75;CW90341;4504000341;FORNECEDOR FICTICIO 01 LTDA;590001;12 meses;IPCA;NL8341;;;30/05/2026;05/06/2026;5;0,2;10;0,02;1;0,1;12/05/2026;DENTRO;12;CONCLUÍDO;;;
1300034260;13000342;60;Material;Spot;180342;EPI DE SEGURANCA TESTE;R$ 29.142,50;R01;COMPRADOR FICTICIO 02;Compras Ágeis;Compras Ágeis;CT16;Operação Central;13/05/2026;Concluída;USUARIO.FICTICIO;R01 - Projetos Especiais;COMPRADOR FICTICIO 02;WS9100000342;Spot - Concorrência;DADO FICTICIO PARA TESTE DE CONTRATUALIZACAO;Não;Materiais - Spot <=1M;30;18;12. Concluída;Área Teste;Registro sintético para testar conexão, divergência e ambiguidade.;13/05/2026;2;15/05/2026;2;17/05/2026;2;19/05/2026;2;21/05/2026;2;23/05/2026;2;25/05/2026;2;27/05/2026;1;28/05/2026;1;29/05/2026;2;31/05/2026;Não;Sim;5%;0%;R$ 30.599,62;R$ 29.142,50;CW90342;4504000342;FORNECEDOR FICTICIO 02 LTDA;590002;N/A;N/A;NL8342;;;31/05/2026;06/06/2026;5;0,2;10;0,02;1;0,1;13/05/2026;DENTRO;12;CONCLUÍDO;;;
1300034370;13000343;70;Material;Contrato;180343;PARAFUSO INDUSTRIAL TESTE;R$ 29.226,25;G08;COMPRADOR FICTICIO 03;Compras Ágeis;Compras Ágeis;CTRV;Operação Norte;14/05/2026;Concluída;USUARIO.FICTICIO;G08 - Ferramentas Gerais;COMPRADOR FICTICIO 03;WS9100000343;Contrato - Concorrência;DADO FICTICIO PARA TESTE DE CONTRATUALIZACAO;Não;Materiais - Contrato <=1M;30;18;12. Concluída;Área Teste;Registro sintético para testar conexão, divergência e ambiguidade.;14/05/2026;2;16/05/2026;2;18/05/2026;2;20/05/2026;2;22/05/2026;2;24/05/2026;2;26/05/2026;2;28/05/2026;1;29/05/2026;1;30/05/2026;2;01/06/2026;Sim;Sim;5%;0%;R$ 30.687,56;R$ 29.226,25;CW90343;4504000343;FORNECEDOR FICTICIO 03 LTDA;590003;12 meses;IPCA;NL8343;;;01/06/2026;07/06/2026;5;0,2;10;0,02;1;0,1;14/05/2026;DENTRO;12;CONCLUÍDO;;;
1300034480;13000344;80;Serviço;Contrato;;SERVICO DE MANUTENCAO TESTE;R$ 29.310,00;G11;COMPRADOR FICTICIO 04;Compras Ágeis;Compras Ágeis;CZAR;Operação Sul;15/05/2026;Concluída;USUARIO.FICTICIO;G11 - Lub., Óleo e afins;COMPRADOR FICTICIO 04;WS9100000344;Contrato - Concorrência;DADO FICTICIO PARA TESTE DE CONTRATUALIZACAO;Não;Serviços - Contrato <=1M;30;18;12. Concluída;Área Teste;Registro sintético para testar conexão, divergência e ambiguidade.;15/05/2026;2;17/05/2026;2;19/05/2026;2;21/05/2026;2;23/05/2026;2;25/05/2026;2;27/05/2026;2;29/05/2026;1;30/05/2026;1;31/05/2026;2;02/06/2026;Sim;Sim;5%;0%;R$ 30.775,50;R$ 29.310,00;CW90344;4504000344;FORNECEDOR FICTICIO 04 LTDA;590004;12 meses;IPCA;NL8344;;;02/06/2026;08/06/2026;5;0,2;10;0,02;1;0,1;15/05/2026;DENTRO;12;CONCLUÍDO;;;
1300034590;13000345;90;Material;Spot;180345;FERRAMENTA MANUAL TESTE;R$ 29.393,75;G12;COMPRADOR FICTICIO 05;Compras Ágeis;Compras Ágeis;CZXR;Operação Central;16/05/2026;Concluída;USUARIO.FICTICIO;G12 - Mat. Terminais;COMPRADOR FICTICIO 05;WS9100000345;Spot - Concorrência;DADO FICTICIO PARA TESTE DE CONTRATUALIZACAO;Não;Materiais - Spot <=1M;30;18;12. Concluída;Área Teste;Registro sintético para testar conexão, divergência e ambiguidade.;16/05/2026;2;18/05/2026;2;20/05/2026;2;22/05/2026;2;24/05/2026;2;26/05/2026;2;28/05/2026;2;30/05/2026;1;31/05/2026;1;01/06/2026;2;03/06/2026;Não;Sim;5%;0%;R$ 30.863,44;R$ 29.393,75;CW90345;4504000345;FORNECEDOR FICTICIO 05 LTDA;590005;N/A;N/A;NL8345;;;03/06/2026;09/06/2026;5;0,2;10;0,02;1;0,1;16/05/2026;DENTRO;12;CONCLUÍDO;;;
13000346100;13000346;100;Serviço;Contrato;;SERVICO DE CONSULTORIA TESTE;R$ 29.477,50;G29;COMPRADOR FICTICIO 06;Compras Ágeis;Compras Ágeis;CZFB;Operação Norte;17/05/2026;Concluída;USUARIO.FICTICIO;G29 - EPIs;COMPRADOR FICTICIO 06;WS9100000346;Contrato - Concorrência;DADO FICTICIO PARA TESTE DE CONTRATUALIZACAO;Não;Serviços - Contrato <=1M;30;18;12. Concluída;Área Teste;Registro sintético para testar conexão, divergência e ambiguidade.;17/05/2026;2;19/05/2026;2;21/05/2026;2;23/05/2026;2;25/05/2026;2;27/05/2026;2;29/05/2026;2;31/05/2026;1;01/06/2026;1;02/06/2026;2;04/06/2026;Sim;Sim;5%;0%;R$ 30.951,38;R$ 29.477,50;CW90346;4504000346;FORNECEDOR FICTICIO 06 LTDA;590006;12 meses;IPCA;NL8346;;;04/06/2026;10/06/2026;5;0,2;10;0,02;1;0,1;17/05/2026;DENTRO;12;CONCLUÍDO;;;
13000347110;13000347;110;Material;Spot;180347;OLEO LUBRIFICANTE TESTE;R$ 29.561,25;G32;COMPRADOR FICTICIO 07;Compras Ágeis;Compras Ágeis;CTRD;Operação Sul;18/05/2026;Concluída;USUARIO.FICTICIO;G32 - Mão de Obra;COMPRADOR FICTICIO 07;WS9100000347;Spot - Concorrência;DADO FICTICIO PARA TESTE DE CONTRATUALIZACAO;Não;Materiais - Spot <=1M;30;18;12. Concluída;Área Teste;Registro sintético para testar conexão, divergência e ambiguidade.;18/05/2026;2;20/05/2026;2;22/05/2026;2;24/05/2026;2;26/05/2026;2;28/05/2026;2;30/05/2026;2;01/06/2026;1;02/06/2026;1;03/06/2026;2;05/06/2026;Não;Sim;5%;0%;R$ 31.039,31;R$ 29.561,25;CW90347;4504000347;FORNECEDOR FICTICIO 07 LTDA;590007;N/A;N/A;NL8347;;;05/06/2026;11/06/2026;5;0,2;10;0,02;1;0,1;18/05/2026;DENTRO;12;CONCLUÍDO;;;
13000348120;13000348;120;Material;Spot;180348;EPI DE SEGURANCA TESTE;R$ 29.645,00;A46;COMPRADOR FICTICIO 08;Compras Ágeis;Compras Ágeis;CLNC;Operação Central;19/05/2026;Concluída;USUARIO.FICTICIO;G33 - Serv. de Oficinas;COMPRADOR FICTICIO 08;WS9100000348;Spot - Concorrência;DADO FICTICIO PARA TESTE DE CONTRATUALIZACAO;Não;Materiais - Spot <=1M;30;18;12. Concluída;Área Teste;Registro sintético para testar conexão, divergência e ambiguidade.;19/05/2026;2;21/05/2026;2;23/05/2026;2;25/05/2026;2;27/05/2026;2;29/05/2026;2;31/05/2026;2;02/06/2026;1;03/06/2026;1;04/06/2026;2;06/06/2026;Não;Sim;5%;0%;R$ 31.127,25;R$ 29.645,00;CW90348;4504000348;FORNECEDOR FICTICIO 08 LTDA;590008;N/A;N/A;NL8348;;;06/06/2026;12/06/2026;5;0,2;10;0,02;1;0,1;19/05/2026;DENTRO;12;CONCLUÍDO;;;
1300034910;13000349;10;Material;Contrato;180349;PARAFUSO INDUSTRIAL TESTE;R$ 29.728,75;G41;COMPRADOR FICTICIO 09;Compras Ágeis;Compras Ágeis;CT16;Operação Norte;20/05/2026;Concluída;USUARIO.FICTICIO;G41 - Mat. Administrativo;COMPRADOR FICTICIO 09;WS9100000349;Contrato - Concorrência;DADO FICTICIO PARA TESTE DE CONTRATUALIZACAO;Não;Materiais - Contrato <=1M;30;18;12. Concluída;Área Teste;Registro sintético para testar conexão, divergência e ambiguidade.;20/05/2026;2;22/05/2026;2;24/05/2026;2;26/05/2026;2;28/05/2026;2;30/05/2026;2;01/06/2026;2;03/06/2026;1;04/06/2026;1;05/06/2026;2;07/06/2026;Sim;Sim;5%;0%;R$ 31.215,19;R$ 29.728,75;CW90349;4504000349;FORNECEDOR FICTICIO 09 LTDA;590009;12 meses;IPCA;NL8349;;;07/06/2026;13/06/2026;5;0,2;10;0,02;1;0,1;20/05/2026;DENTRO;12;CONCLUÍDO;;;
1300035020;13000350;20;Serviço;Contrato;;SERVICO DE MANUTENCAO TESTE;R$ 29.812,50;A62;COMPRADOR FICTICIO 10;Compras Ágeis;Compras Ágeis;CTRV;Operação Sul;21/05/2026;Concluída;USUARIO.FICTICIO;S15 - MSA - Manut. Loco;COMPRADOR FICTICIO 10;WS9100000350;Contrato - Concorrência;DADO FICTICIO PARA TESTE DE CONTRATUALIZACAO;Não;Serviços - Contrato <=1M;30;18;12. Concluída;Área Teste;Registro sintético para testar conexão, divergência e ambiguidade.;21/05/2026;2;23/05/2026;2;25/05/2026;2;27/05/2026;2;29/05/2026;2;31/05/2026;2;02/06/2026;2;04/06/2026;1;05/06/2026;1;06/06/2026;2;08/06/2026;Sim;Sim;5%;0%;R$ 31.303,12;R$ 29.812,50;CW90350;4504000350;FORNECEDOR FICTICIO 10 LTDA;590010;12 meses;IPCA;NL8350;;;08/06/2026;14/06/2026;5;0,2;10;0,02;1;0,1;21/05/2026;DENTRO;12;CONCLUÍDO;;;
1300035130;13000351;30;Material;Contrato;180351;FERRAMENTA MANUAL TESTE;R$ 29.896,25;R01;COMPRADOR FICTICIO 11;Compras Ágeis;Compras Ágeis;CZAR;Operação Central;22/05/2026;Concluída;USUARIO.FICTICIO;R01 - Projetos Especiais;COMPRADOR FICTICIO 11;WS9100000351;Contrato - Concorrência;DADO FICTICIO PARA TESTE DE CONTRATUALIZACAO;Não;Materiais - Contrato <=1M;30;18;12. Concluída;Área Teste;Registro sintético para testar conexão, divergência e ambiguidade.;22/05/2026;2;24/05/2026;2;26/05/2026;2;28/05/2026;2;30/05/2026;2;01/06/2026;2;03/06/2026;2;05/06/2026;1;06/06/2026;1;07/06/2026;2;09/06/2026;Sim;Sim;5%;0%;R$ 31.391,06;R$ 29.896,25;CW90351;4504000351;FORNECEDOR FICTICIO 11 LTDA;590011;12 meses;IPCA;NL8351;;;09/06/2026;15/06/2026;5;0,2;10;0,02;1;0,1;22/05/2026;DENTRO;12;CONCLUÍDO;;;
1300035240;13000352;40;Serviço;Contrato;;SERVICO DE CONSULTORIA TESTE;R$ 29.980,00;A69;COMPRADOR FICTICIO 12;Compras Ágeis;Compras Ágeis;CZXR;Operação Norte;23/05/2026;Concluída;USUARIO.FICTICIO;G08 - Ferramentas Gerais;COMPRADOR FICTICIO 12;WS9100000352;Contrato - Concorrência;DADO FICTICIO PARA TESTE DE CONTRATUALIZACAO;Não;Serviços - Contrato <=1M;30;18;12. Concluída;Área Teste;Registro sintético para testar conexão, divergência e ambiguidade.;23/05/2026;2;25/05/2026;2;27/05/2026;2;29/05/2026;2;31/05/2026;2;02/06/2026;2;04/06/2026;2;06/06/2026;1;07/06/2026;1;08/06/2026;2;10/06/2026;Sim;Sim;5%;0%;R$ 31.479,00;R$ 29.980,00;CW90352;4504000352;FORNECEDOR FICTICIO 12 LTDA;590012;12 meses;IPCA;NL8352;;;10/06/2026;16/06/2026;5;0,2;10;0,02;1;0,1;23/05/2026;DENTRO;12;CONCLUÍDO;;;
1300035350;13000353;50;Material;Contrato;180353;OLEO LUBRIFICANTE TESTE;R$ 30.063,75;G11;COMPRADOR FICTICIO 13;Compras Ágeis;Compras Ágeis;CZFB;Operação Sul;24/05/2026;Concluída;USUARIO.FICTICIO;G11 - Lub., Óleo e afins;COMPRADOR FICTICIO 13;WS9100000353;Contrato - Concorrência;DADO FICTICIO PARA TESTE DE CONTRATUALIZACAO;Não;Materiais - Contrato <=1M;30;18;12. Concluída;Área Teste;Registro sintético para testar conexão, divergência e ambiguidade.;24/05/2026;2;26/05/2026;2;28/05/2026;2;30/05/2026;2;01/06/2026;2;03/06/2026;2;05/06/2026;2;07/06/2026;1;08/06/2026;1;09/06/2026;2;11/06/2026;Sim;Sim;5%;0%;R$ 31.566,94;R$ 30.063,75;CW90353;4504000353;FORNECEDOR FICTICIO 13 LTDA;590013;12 meses;IPCA;NL8353;;;11/06/2026;17/06/2026;5;0,2;10;0,02;1;0,1;24/05/2026;DENTRO;12;CONCLUÍDO;;;
1300035460;13000354;60;Material;Spot;180354;EPI DE SEGURANCA TESTE;R$ 30.147,50;G12;COMPRADOR FICTICIO 14;Compras Ágeis;Compras Ágeis;CTRD;Operação Central;25/05/2026;Concluída;USUARIO.FICTICIO;G12 - Mat. Terminais;COMPRADOR FICTICIO 14;WS9100000354;Spot - Concorrência;DADO FICTICIO PARA TESTE DE CONTRATUALIZACAO;Não;Materiais - Spot <=1M;30;18;12. Concluída;Área Teste;Registro sintético para testar conexão, divergência e ambiguidade.;25/05/2026;2;27/05/2026;2;29/05/2026;2;31/05/2026;2;02/06/2026;2;04/06/2026;2;06/06/2026;2;08/06/2026;1;09/06/2026;1;10/06/2026;2;12/06/2026;Não;Sim;5%;0%;R$ 31.654,88;R$ 30.147,50;CW90354;4504000354;FORNECEDOR FICTICIO 14 LTDA;590014;N/A;N/A;NL8354;;;12/06/2026;18/06/2026;5;0,2;10;0,02;1;0,1;25/05/2026;DENTRO;12;CONCLUÍDO;;;
1300035570;13000355;70;Material;Contrato;180355;PARAFUSO INDUSTRIAL TESTE;R$ 30.231,25;A21;COMPRADOR FICTICIO 15;Compras Ágeis;Compras Ágeis;CLNC;Operação Norte;26/05/2026;Concluída;USUARIO.FICTICIO;G29 - EPIs;COMPRADOR FICTICIO 15;WS9100000355;Contrato - Concorrência;DADO FICTICIO PARA TESTE DE CONTRATUALIZACAO;Não;Materiais - Contrato <=1M;30;18;12. Concluída;Área Teste;Registro sintético para testar conexão, divergência e ambiguidade.;26/05/2026;2;28/05/2026;2;30/05/2026;2;01/06/2026;2;03/06/2026;2;05/06/2026;2;07/06/2026;2;09/06/2026;1;10/06/2026;1;11/06/2026;2;13/06/2026;Sim;Sim;5%;0%;R$ 31.742,81;R$ 30.231,25;CW90355;4504000355;FORNECEDOR FICTICIO 15 LTDA;590015;12 meses;IPCA;NL8355;;;13/06/2026;19/06/2026;5;0,2;10;0,02;1;0,1;26/05/2026;DENTRO;12;CONCLUÍDO;;;
1300035680;13000356;80;Serviço;Contrato;;SERVICO DE MANUTENCAO TESTE;R$ 30.315,00;G32;COMPRADOR FICTICIO 16;Compras Ágeis;Compras Ágeis;CT16;Operação Sul;27/05/2026;Concluída;USUARIO.FICTICIO;G32 - Mão de Obra;COMPRADOR FICTICIO 16;WS9100000356;Contrato - Concorrência;DADO FICTICIO PARA TESTE DE CONTRATUALIZACAO;Não;Serviços - Contrato <=1M;30;18;12. Concluída;Área Teste;Registro sintético para testar conexão, divergência e ambiguidade.;27/05/2026;2;29/05/2026;2;31/05/2026;2;02/06/2026;2;04/06/2026;2;06/06/2026;2;08/06/2026;2;10/06/2026;1;11/06/2026;1;12/06/2026;2;14/06/2026;Sim;Sim;5%;0%;R$ 31.830,75;R$ 30.315,00;CW90356;4504000356;FORNECEDOR FICTICIO 16 LTDA;590016;12 meses;IPCA;NL8356;;;14/06/2026;20/06/2026;5;0,2;10;0,02;1;0,1;27/05/2026;DENTRO;12;CONCLUÍDO;;;
1300035690;13000356;90;Material;Spot;180357;FERRAMENTA MANUAL TESTE;R$ 30.398,75;A33;COMPRADOR FICTICIO 17;Compras Ágeis;Compras Ágeis;CTRV;Operação Central;28/05/2026;Concluída;USUARIO.FICTICIO;R01 - Projetos Especiais;COMPRADOR FICTICIO 17;WS9100000357;Spot - Concorrência;DADO FICTICIO PARA TESTE DE CONTRATUALIZACAO;Não;Materiais - Spot <=1M;30;18;12. Concluída;Área Teste;Registro sintético para testar conexão, divergência e ambiguidade.;28/05/2026;2;30/05/2026;2;01/06/2026;2;03/06/2026;2;05/06/2026;2;07/06/2026;2;09/06/2026;2;11/06/2026;1;12/06/2026;1;13/06/2026;2;15/06/2026;Não;Sim;5%;0%;R$ 31.918,69;R$ 30.398,75;CW90357;4504000356;FORNECEDOR FICTICIO 17 LTDA;590017;N/A;N/A;NL8357;;;15/06/2026;21/06/2026;5;0,2;10;0,02;1;0,1;28/05/2026;DENTRO;12;CONCLUÍDO;;;
13000358100;13000358;100;Serviço;Contrato;;SERVICO DE CONSULTORIA TESTE;R$ 30.482,50;A42;COMPRADOR FICTICIO 18;Compras Ágeis;Compras Ágeis;CZAR;Operação Norte;29/05/2026;Concluída;USUARIO.FICTICIO;G41 - Mat. Administrativo;COMPRADOR FICTICIO 18;WS9100000358;Contrato - Concorrência;DADO FICTICIO PARA TESTE DE CONTRATUALIZACAO;Não;Serviços - Contrato <=1M;30;18;12. Concluída;Área Teste;Registro sintético para testar conexão, divergência e ambiguidade.;29/05/2026;2;31/05/2026;2;02/06/2026;2;04/06/2026;2;06/06/2026;2;08/06/2026;2;10/06/2026;2;12/06/2026;1;13/06/2026;1;14/06/2026;2;16/06/2026;Sim;Sim;5%;0%;R$ 32.006,62;R$ 30.482,50;CW90358;4504000358;FORNECEDOR FICTICIO 18 LTDA;590018;12 meses;IPCA;NL8358;;;16/06/2026;22/06/2026;5;0,2;10;0,02;1;0,1;29/05/2026;DENTRO;12;CONCLUÍDO;;;
13000359110;13000359;110;Material;Contrato;180359;OLEO LUBRIFICANTE TESTE;R$ 30.566,25;S15;COMPRADOR FICTICIO 19;Compras Ágeis;Compras Ágeis;CZXR;Operação Sul;30/05/2026;Concluída;USUARIO.FICTICIO;G11 - Lub., Óleo e afins;COMPRADOR FICTICIO 19;WS9100000359;Contrato - Concorrência;DADO FICTICIO PARA TESTE DE CONTRATUALIZACAO;Não;Materiais - Contrato <=1M;30;18;12. Concluída;Área Teste;Registro sintético para testar conexão, divergência e ambiguidade.;30/05/2026;2;01/06/2026;2;03/06/2026;2;05/06/2026;2;07/06/2026;2;09/06/2026;2;11/06/2026;2;13/06/2026;1;14/06/2026;1;15/06/2026;2;17/06/2026;Sim;Sim;5%;0%;R$ 32.094,56;R$ 30.566,25;CW90359;4504000359;FORNECEDOR FICTICIO 19 LTDA;590019;12 meses;IPCA;NL8359;;;17/06/2026;23/06/2026;5;0,2;10;0,02;1;0,1;30/05/2026;DENTRO;12;CONCLUÍDO;;;
13000360120;13000360;120;Material;Spot;180360;EPI DE SEGURANCA TESTE;R$ 30.650,00;A53;COMPRADOR FICTICIO 20;Compras Ágeis;Compras Ágeis;CZFB;Operação Central;31/05/2026;Concluída;USUARIO.FICTICIO;R01 - Projetos Especiais;COMPRADOR FICTICIO 20;WS9100000360;Spot - Concorrência;DADO FICTICIO PARA TESTE DE CONTRATUALIZACAO;Não;Materiais - Spot <=1M;30;18;12. Concluída;Área Teste;Registro sintético para testar conexão, divergência e ambiguidade.;31/05/2026;2;02/06/2026;2;04/06/2026;2;06/06/2026;2;08/06/2026;2;10/06/2026;2;12/06/2026;2;14/06/2026;1;15/06/2026;1;16/06/2026;2;18/06/2026;Não;Sim;5%;0%;R$ 32.182,50;R$ 30.650,00;CW90360;4504000360 / 4504900360;FORNECEDOR FICTICIO 20 LTDA;590020;N/A;N/A;NL8360;;;18/06/2026;24/06/2026;5;0,2;10;0,02;1;0,1;31/05/2026;DENTRO;12;CONCLUÍDO;;;
1300036110;13000361;10;Material;Spot;180361;PARAFUSO INDUSTRIAL TESTE;R$ 30.733,75;G08;COMPRADOR FICTICIO 01;Compras Ágeis;Compras Ágeis;CTRD;Operação Norte;01/06/2026;Concluída;USUARIO.FICTICIO;G08 - Ferramentas Gerais;COMPRADOR FICTICIO 01;WS9100000361;Spot - Concorrência;DADO FICTICIO PARA TESTE DE CONTRATUALIZACAO;Não;Materiais - Spot <=1M;30;18;12. Concluída;Área Teste;Registro sintético para testar conexão, divergência e ambiguidade.;01/06/2026;2;03/06/2026;2;05/06/2026;2;07/06/2026;2;09/06/2026;2;11/06/2026;2;13/06/2026;2;15/06/2026;1;16/06/2026;1;17/06/2026;2;19/06/2026;Não;Sim;5%;0%;R$ 32.270,44;R$ 30.733,75;CW90361;4504000361;FORNECEDOR FICTICIO 01 LTDA;590001;N/A;N/A;NL8361;;;19/06/2026;25/06/2026;5;0,2;10;0,02;1;0,1;01/06/2026;DENTRO;12;CONCLUÍDO;;;
1300036120;13000361;20;Serviço;Contrato;;SERVICO DE MANUTENCAO TESTE;R$ 30.817,50;A64;COMPRADOR FICTICIO 02;Compras Ágeis;Compras Ágeis;CLNC;Operação Sul;02/06/2026;Concluída;USUARIO.FICTICIO;G32 - Mão de Obra;COMPRADOR FICTICIO 02;WS9100000362;Contrato - Concorrência;DADO FICTICIO PARA TESTE DE CONTRATUALIZACAO;Não;Serviços - Contrato <=1M;30;18;12. Concluída;Área Teste;Registro sintético para testar conexão, divergência e ambiguidade.;02/06/2026;2;04/06/2026;2;06/06/2026;2;08/06/2026;2;10/06/2026;2;12/06/2026;2;14/06/2026;2;16/06/2026;1;17/06/2026;1;18/06/2026;2;20/06/2026;Sim;Sim;5%;0%;R$ 32.358,38;R$ 30.817,50;CW90362;4504000362;FORNECEDOR FICTICIO 02 LTDA;590002;12 meses;IPCA;NL8362;;;20/06/2026;26/06/2026;5;0,2;10;0,02;1;0,1;02/06/2026;DENTRO;12;CONCLUÍDO;;;
1300036330;13000363;30;Material;Contrato;180363;FERRAMENTA MANUAL TESTE;R$ 30.901,25;G12;COMPRADOR FICTICIO 03;Compras Ágeis;Compras Ágeis;CT16;Operação Central;03/06/2026;Concluída;USUARIO.FICTICIO;G12 - Mat. Terminais;COMPRADOR FICTICIO 03;WS9100000363;Contrato - Concorrência;DADO FICTICIO PARA TESTE DE CONTRATUALIZACAO;Não;Materiais - Contrato <=1M;30;18;12. Concluída;Área Teste;Registro sintético para testar conexão, divergência e ambiguidade.;03/06/2026;2;05/06/2026;2;07/06/2026;2;09/06/2026;2;11/06/2026;2;13/06/2026;2;15/06/2026;2;17/06/2026;1;18/06/2026;1;19/06/2026;2;21/06/2026;Sim;Sim;5%;0%;R$ 32.446,31;R$ 30.901,25;CW90363;4504000363;FORNECEDOR FICTICIO 03 LTDA;590003;12 meses;IPCA;NL8363;;;21/06/2026;27/06/2026;5;0,2;10;0,02;1;0,1;03/06/2026;DENTRO;12;CONCLUÍDO;;;
1300036440;13000364;40;Serviço;Contrato;;SERVICO DE CONSULTORIA TESTE;R$ 30.985,00;G29;COMPRADOR FICTICIO 04;Compras Ágeis;Compras Ágeis;CTRV;Operação Norte;04/06/2026;Concluída;USUARIO.FICTICIO;G29 - EPIs;COMPRADOR FICTICIO 04;WS9100000364;Contrato - Concorrência;DADO FICTICIO PARA TESTE DE CONTRATUALIZACAO;Não;Serviços - Contrato <=1M;30;18;12. Concluída;Área Teste;Registro sintético para testar conexão, divergência e ambiguidade.;04/06/2026;2;06/06/2026;2;08/06/2026;2;10/06/2026;2;12/06/2026;2;14/06/2026;2;16/06/2026;2;18/06/2026;1;19/06/2026;1;20/06/2026;2;22/06/2026;Sim;Sim;5%;0%;R$ 32.534,25;R$ 30.985,00;CW90364;4504000364;FORNECEDOR FICTICIO 04 LTDA;590004;12 meses;IPCA;NL8364;;;22/06/2026;28/06/2026;5;0,2;10;0,02;1;0,1;04/06/2026;DENTRO;12;CONCLUÍDO;;;
1300036550;13000365;50;Material;Contrato;180365;OLEO LUBRIFICANTE TESTE;R$ 31.068,75;G32;COMPRADOR FICTICIO 05;Compras Ágeis;Compras Ágeis;CZAR;Operação Sul;05/06/2026;Concluída;USUARIO.FICTICIO;G32 - Mão de Obra;COMPRADOR FICTICIO 05;WS9100000365;Contrato - Concorrência;DADO FICTICIO PARA TESTE DE CONTRATUALIZACAO;Não;Materiais - Contrato <=1M;30;18;12. Concluída;Área Teste;Registro sintético para testar conexão, divergência e ambiguidade.;05/06/2026;2;07/06/2026;2;09/06/2026;2;11/06/2026;2;13/06/2026;2;15/06/2026;2;17/06/2026;2;19/06/2026;1;20/06/2026;1;21/06/2026;2;23/06/2026;Sim;Sim;5%;0%;R$ 32.622,19;R$ 31.068,75;CW90365;4504000365;FORNECEDOR FICTICIO 05 LTDA;590005;12 meses;IPCA;NL8365;;;23/06/2026;29/06/2026;5;0,2;10;0,02;1;0,1;05/06/2026;DENTRO;12;CONCLUÍDO;;;
1300036660;13000366;60;Material;Spot;180366;EPI DE SEGURANCA TESTE;R$ 31.152,50;G33;COMPRADOR FICTICIO 06;Compras Ágeis;Compras Ágeis;CZXR;Operação Central;06/06/2026;Concluída;USUARIO.FICTICIO;G33 - Serv. de Oficinas;COMPRADOR FICTICIO 06;WS9100000366;Spot - Concorrência;DADO FICTICIO PARA TESTE DE CONTRATUALIZACAO;Não;Materiais - Spot <=1M;30;18;12. Concluída;Área Teste;Registro sintético para testar conexão, divergência e ambiguidade.;06/06/2026;2;08/06/2026;2;10/06/2026;2;12/06/2026;2;14/06/2026;2;16/06/2026;2;18/06/2026;2;20/06/2026;1;21/06/2026;1;22/06/2026;2;24/06/2026;Não;Sim;5%;0%;R$ 32.710,12;R$ 31.152,50;CW90366;4504000366;FORNECEDOR FICTICIO 06 LTDA;590006;N/A;N/A;NL8366;;;24/06/2026;30/06/2026;5;0,2;10;0,02;1;0,1;06/06/2026;DENTRO;12;CONCLUÍDO;;;
1300036770;13000367;70;Material;Contrato;180367;PARAFUSO INDUSTRIAL TESTE;R$ 31.236,25;G41;COMPRADOR FICTICIO 07;Compras Ágeis;Compras Ágeis;CZFB;Operação Norte;07/06/2026;Concluída;USUARIO.FICTICIO;G08 - Ferramentas Gerais;COMPRADOR FICTICIO 07;WS9100000367;Contrato - Concorrência;DADO FICTICIO PARA TESTE DE CONTRATUALIZACAO;Não;Materiais - Contrato <=1M;30;18;12. Concluída;Área Teste;Registro sintético para testar conexão, divergência e ambiguidade.;07/06/2026;2;09/06/2026;2;11/06/2026;2;13/06/2026;2;15/06/2026;2;17/06/2026;2;19/06/2026;2;21/06/2026;1;22/06/2026;1;23/06/2026;2;25/06/2026;Sim;Sim;5%;0%;R$ 32.798,06;R$ 31.236,25;CW90367;4504000367;FORNECEDOR FICTICIO 07 LTDA;590007;12 meses;IPCA;NL8367;;;25/06/2026;01/07/2026;5;0,2;10;0,02;1;0,1;07/06/2026;DENTRO;12;CONCLUÍDO;;;
1300036880;13000368;80;Serviço;Contrato;;SERVICO DE MANUTENCAO TESTE;R$ 31.320,00;S15;COMPRADOR FICTICIO 08;Compras Ágeis;Compras Ágeis;CTRD;Operação Sul;08/06/2026;Concluída;USUARIO.FICTICIO;G11 - Lub., Óleo e afins;COMPRADOR FICTICIO 08;WS9100000368;Contrato - Concorrência;DADO FICTICIO PARA TESTE DE CONTRATUALIZACAO;Não;Serviços - Contrato <=1M;30;18;12. Concluída;Área Teste;Registro sintético para testar conexão, divergência e ambiguidade.;08/06/2026;2;10/06/2026;2;12/06/2026;2;14/06/2026;2;16/06/2026;2;18/06/2026;2;20/06/2026;2;22/06/2026;1;23/06/2026;1;24/06/2026;2;26/06/2026;Sim;Sim;5%;0%;R$ 32.886,00;R$ 31.320,00;CW90368;4504000368;FORNECEDOR FICTICIO 08 LTDA;590008;12 meses;IPCA;NL8368;;;26/06/2026;02/07/2026;5;0,2;10;0,02;1;0,1;08/06/2026;DENTRO;12;CONCLUÍDO;;;
1300036990;13000369;90;Material;Spot;180369;FERRAMENTA MANUAL TESTE;R$ 31.403,75;A42;COMPRADOR FICTICIO 09;Compras Ágeis;Compras Ágeis;CLNC;Operação Central;09/06/2026;Concluída;USUARIO.FICTICIO;R01 - Projetos Especiais;COMPRADOR FICTICIO 09;WS9100000369;Spot - Concorrência;DADO FICTICIO PARA TESTE DE CONTRATUALIZACAO;Não;Materiais - Spot <=1M;30;18;12. Concluída;Área Teste;Registro sintético para testar conexão, divergência e ambiguidade.;09/06/2026;2;11/06/2026;2;13/06/2026;2;15/06/2026;2;17/06/2026;2;19/06/2026;2;21/06/2026;2;23/06/2026;1;24/06/2026;1;25/06/2026;2;27/06/2026;Não;Sim;5%;0%;R$ 32.973,94;R$ 31.403,75;CW90369;4504000369;FORNECEDOR FICTICIO 09 LTDA;590009;N/A;N/A;NL8369;;;27/06/2026;03/07/2026;5;0,2;10;0,02;1;0,1;09/06/2026;DENTRO;12;CONCLUÍDO;;;
13000370100;13000370;100;Serviço;Contrato;;SERVICO DE CONSULTORIA TESTE;R$ 31.487,50;A46;COMPRADOR FICTICIO 10;Compras Ágeis;Compras Ágeis;CT16;Operação Norte;10/06/2026;Concluída;USUARIO.FICTICIO;G08 - Ferramentas Gerais;COMPRADOR FICTICIO 10;WS9100000370;Contrato - Concorrência;DADO FICTICIO PARA TESTE DE CONTRATUALIZACAO;Não;Serviços - Contrato <=1M;30;18;12. Concluída;Área Teste;Registro sintético para testar conexão, divergência e ambiguidade.;10/06/2026;2;12/06/2026;2;14/06/2026;2;16/06/2026;2;18/06/2026;2;20/06/2026;2;22/06/2026;2;24/06/2026;1;25/06/2026;1;26/06/2026;2;28/06/2026;Sim;Sim;5%;0%;R$ 33.061,88;R$ 31.487,50;CW90370;4504000370;FORNECEDOR FICTICIO 10 LTDA;590010;12 meses;IPCA;NL8370;;;28/06/2026;04/07/2026;5;0,2;10;0,02;1;0,1;10/06/2026;DENTRO;12;CONCLUÍDO;;;
13000371110;13000371;110;Material;Contrato;180371;OLEO LUBRIFICANTE TESTE;R$ 31.571,25;G11;COMPRADOR FICTICIO 11;Compras Ágeis;Compras Ágeis;CTRV;Operação Sul;11/06/2026;Concluída;USUARIO.FICTICIO;G11 - Lub., Óleo e afins;COMPRADOR FICTICIO 11;WS9100000371;Contrato - Concorrência;DADO FICTICIO PARA TESTE DE CONTRATUALIZACAO;Não;Materiais - Contrato <=1M;30;18;12. Concluída;Área Teste;Registro sintético para testar conexão, divergência e ambiguidade.;11/06/2026;2;13/06/2026;2;15/06/2026;2;17/06/2026;2;19/06/2026;2;21/06/2026;2;23/06/2026;2;25/06/2026;1;26/06/2026;1;27/06/2026;2;29/06/2026;Sim;Sim;5%;0%;R$ 33.149,81;R$ 31.571,25;CW90371;4504000371;FORNECEDOR FICTICIO 11 LTDA;590011;12 meses;IPCA;NL8371;;;29/06/2026;05/07/2026;5;0,2;10;0,02;1;0,1;11/06/2026;DENTRO;12;CONCLUÍDO;;;
13000372120;13000372;120;Material;Spot;180372;EPI DE SEGURANCA TESTE;R$ 31.655,00;G12;COMPRADOR FICTICIO 12;Compras Ágeis;Compras Ágeis;CZAR;Operação Central;12/06/2026;Concluída;USUARIO.FICTICIO;G12 - Mat. Terminais;COMPRADOR FICTICIO 12;WS9100000372;Spot - Concorrência;DADO FICTICIO PARA TESTE DE CONTRATUALIZACAO;Não;Materiais - Spot <=1M;30;18;12. Concluída;Área Teste;Registro sintético para testar conexão, divergência e ambiguidade.;12/06/2026;2;14/06/2026;2;16/06/2026;2;18/06/2026;2;20/06/2026;2;22/06/2026;2;24/06/2026;2;26/06/2026;1;27/06/2026;1;28/06/2026;2;30/06/2026;Não;Sim;5%;0%;R$ 33.237,75;R$ 31.655,00;CW90372;4504000372;FORNECEDOR FICTICIO 12 LTDA;590012;N/A;N/A;NL8372;;;30/06/2026;06/07/2026;5;0,2;10;0,02;1;0,1;12/06/2026;DENTRO;12;CONCLUÍDO;;;
1300037310;13000373;10;Material;Contrato;180373;PARAFUSO INDUSTRIAL TESTE;R$ 31.738,75;G29;COMPRADOR FICTICIO 13;Compras Ágeis;Compras Ágeis;CZXR;Operação Norte;13/06/2026;Concluída;USUARIO.FICTICIO;G29 - EPIs;COMPRADOR FICTICIO 13;WS9100000373;Contrato - Concorrência;DADO FICTICIO PARA TESTE DE CONTRATUALIZACAO;Não;Materiais - Contrato <=1M;30;18;12. Concluída;Área Teste;Registro sintético para testar conexão, divergência e ambiguidade.;13/06/2026;2;15/06/2026;2;17/06/2026;2;19/06/2026;2;21/06/2026;2;23/06/2026;2;25/06/2026;2;27/06/2026;1;28/06/2026;1;29/06/2026;2;01/07/2026;Sim;Sim;5%;0%;R$ 33.325,69;R$ 31.738,75;CW90373;4504000373;FORNECEDOR FICTICIO 13 LTDA;590013;12 meses;IPCA;NL8373;;;01/07/2026;07/07/2026;5;0,2;10;0,02;1;0,1;13/06/2026;DENTRO;12;CONCLUÍDO;;;
1300037420;13000374;20;Serviço;Contrato;;SERVICO DE MANUTENCAO TESTE;R$ 31.822,50;A69;COMPRADOR FICTICIO 14;Compras Ágeis;Compras Ágeis;CZFB;Operação Sul;14/06/2026;Concluída;USUARIO.FICTICIO;G32 - Mão de Obra;COMPRADOR FICTICIO 14;WS9100000374;Contrato - Concorrência;DADO FICTICIO PARA TESTE DE CONTRATUALIZACAO;Não;Serviços - Contrato <=1M;30;18;12. Concluída;Área Teste;Registro sintético para testar conexão, divergência e ambiguidade.;14/06/2026;2;16/06/2026;2;18/06/2026;2;20/06/2026;2;22/06/2026;2;24/06/2026;2;26/06/2026;2;28/06/2026;1;29/06/2026;1;30/06/2026;2;02/07/2026;Sim;Sim;5%;0%;R$ 33.413,62;R$ 31.822,50;CW90374;4504000374;FORNECEDOR FICTICIO 14 LTDA;590014;12 meses;IPCA;NL8374;;;02/07/2026;08/07/2026;5;0,2;10;0,02;1;0,1;14/06/2026;DENTRO;12;CONCLUÍDO;;;
1300037530;13000375;30;Material;Spot;180375;FERRAMENTA MANUAL TESTE;R$ 31.906,25;G33;COMPRADOR FICTICIO 15;Compras Ágeis;Compras Ágeis;CTRD;Operação Central;15/06/2026;Concluída;USUARIO.FICTICIO;G33 - Serv. de Oficinas;COMPRADOR FICTICIO 15;WS9100000375;Spot - Concorrência;DADO FICTICIO PARA TESTE DE CONTRATUALIZACAO;Não;Materiais - Spot <=1M;30;18;12. Concluída;Área Teste;Registro sintético para testar conexão, divergência e ambiguidade.;15/06/2026;2;17/06/2026;2;19/06/2026;2;21/06/2026;2;23/06/2026;2;25/06/2026;2;27/06/2026;2;29/06/2026;1;30/06/2026;1;01/07/2026;2;03/07/2026;Não;Sim;5%;0%;R$ 33.501,56;R$ 31.906,25;CW90375;4504000375;FORNECEDOR FICTICIO 15 LTDA;590015;N/A;N/A;NL8375;;;03/07/2026;09/07/2026;5;0,2;10;0,02;1;0,1;15/06/2026;DENTRO;12;CONCLUÍDO;;;
1300037640;13000376;40;Serviço;Contrato;;SERVICO DE CONSULTORIA TESTE;R$ 31.990,00;G41;COMPRADOR FICTICIO 16;Compras Ágeis;Compras Ágeis;CLNC;Operação Norte;16/06/2026;Concluída;USUARIO.FICTICIO;G41 - Mat. Administrativo;COMPRADOR FICTICIO 16;WS9100000376;Contrato - Concorrência;DADO FICTICIO PARA TESTE DE CONTRATUALIZACAO;Não;Serviços - Contrato <=1M;30;18;12. Concluída;Área Teste;Registro sintético para testar conexão, divergência e ambiguidade.;16/06/2026;2;18/06/2026;2;20/06/2026;2;22/06/2026;2;24/06/2026;2;26/06/2026;2;28/06/2026;2;30/06/2026;1;01/07/2026;1;02/07/2026;2;04/07/2026;Sim;Sim;5%;0%;R$ 33.589,50;R$ 31.990,00;CW90376;4504000376;FORNECEDOR FICTICIO 16 LTDA;590016;12 meses;IPCA;NL8376;;;04/07/2026;10/07/2026;5;0,2;10;0,02;1;0,1;16/06/2026;DENTRO;12;CONCLUÍDO;;;
1300037750;13000377;50;Material;Contrato;180377;OLEO LUBRIFICANTE TESTE;R$ 32.073,75;S15;COMPRADOR FICTICIO 17;Compras Ágeis;Compras Ágeis;CT16;Operação Sul;17/06/2026;Concluída;USUARIO.FICTICIO;S15 - MSA - Manut. Loco;COMPRADOR FICTICIO 17;WS9100000377;Contrato - Concorrência;DADO FICTICIO PARA TESTE DE CONTRATUALIZACAO;Não;Materiais - Contrato <=1M;30;18;12. Concluída;Área Teste;Registro sintético para testar conexão, divergência e ambiguidade.;17/06/2026;2;19/06/2026;2;21/06/2026;2;23/06/2026;2;25/06/2026;2;27/06/2026;2;29/06/2026;2;01/07/2026;1;02/07/2026;1;03/07/2026;2;05/07/2026;Sim;Sim;5%;0%;R$ 33.677,44;R$ 32.073,75;CW90377;4504000377;FORNECEDOR FICTICIO 17 LTDA;590017;12 meses;IPCA;NL8377;;;05/07/2026;11/07/2026;5;0,2;10;0,02;1;0,1;17/06/2026;DENTRO;12;CONCLUÍDO;;;
1300037860;13000378;60;Material;Spot;180378;EPI DE SEGURANCA TESTE;R$ 32.157,50;R01;COMPRADOR FICTICIO 18;Compras Ágeis;Compras Ágeis;CTRV;Operação Central;18/06/2026;Concluída;USUARIO.FICTICIO;R01 - Projetos Especiais;COMPRADOR FICTICIO 18;WS9100000378;Spot - Concorrência;DADO FICTICIO PARA TESTE DE CONTRATUALIZACAO;Não;Materiais - Spot <=1M;30;18;12. Concluída;Área Teste;Registro sintético para testar conexão, divergência e ambiguidade.;18/06/2026;2;20/06/2026;2;22/06/2026;2;24/06/2026;2;26/06/2026;2;28/06/2026;2;30/06/2026;2;02/07/2026;1;03/07/2026;1;04/07/2026;2;06/07/2026;Não;Sim;5%;0%;R$ 33.765,38;R$ 32.157,50;CW90378;4504000378;FORNECEDOR FICTICIO 18 LTDA;590018;N/A;N/A;NL8378;;;06/07/2026;12/07/2026;5;0,2;10;0,02;1;0,1;18/06/2026;DENTRO;12;CONCLUÍDO;;;
1300037970;13000379;70;Material;Contrato;180379;PARAFUSO INDUSTRIAL TESTE;R$ 32.241,25;G08;COMPRADOR FICTICIO 19;Compras Ágeis;Compras Ágeis;CZAR;Operação Norte;19/06/2026;Concluída;USUARIO.FICTICIO;G08 - Ferramentas Gerais;COMPRADOR FICTICIO 19;WS9100000379;Contrato - Concorrência;DADO FICTICIO PARA TESTE DE CONTRATUALIZACAO;Não;Materiais - Contrato <=1M;30;18;12. Concluída;Área Teste;Registro sintético para testar conexão, divergência e ambiguidade.;19/06/2026;2;21/06/2026;2;23/06/2026;2;25/06/2026;2;27/06/2026;2;29/06/2026;2;01/07/2026;2;03/07/2026;1;04/07/2026;1;05/07/2026;2;07/07/2026;Sim;Sim;5%;0%;R$ 33.853,31;R$ 32.241,25;CW90379;4504000379;FORNECEDOR FICTICIO 19 LTDA;590019;12 meses;IPCA;NL8379;;;07/07/2026;13/07/2026;5;0,2;10;0,02;1;0,1;19/06/2026;DENTRO;12;CONCLUÍDO;;;
1300038080;13000380;80;Serviço;Contrato;;SERVICO DE MANUTENCAO TESTE;R$ 32.325,00;A42;COMPRADOR FICTICIO 20;Compras Ágeis;Compras Ágeis;CZXR;Operação Sul;20/06/2026;Concluída;USUARIO.FICTICIO;G11 - Lub., Óleo e afins;COMPRADOR FICTICIO 20;WS9100000380;Contrato - Concorrência;DADO FICTICIO PARA TESTE DE CONTRATUALIZACAO;Não;Serviços - Contrato <=1M;30;18;12. Concluída;Área Teste;Registro sintético para testar conexão, divergência e ambiguidade.;20/06/2026;2;22/06/2026;2;24/06/2026;2;26/06/2026;2;28/06/2026;2;30/06/2026;2;02/07/2026;2;04/07/2026;1;05/07/2026;1;06/07/2026;2;08/07/2026;Sim;Sim;5%;0%;R$ 33.941,25;R$ 32.325,00;CW90380;4504000380;FORNECEDOR FICTICIO 20 LTDA;590020;12 meses;IPCA;NL8380;;;08/07/2026;14/07/2026;5;0,2;10;0,02;1;0,1;20/06/2026;DENTRO;12;CONCLUÍDO;;;
1300038190;13000381;90;Material;Spot;180381;FERRAMENTA MANUAL TESTE;R$ 32.408,75;G12;COMPRADOR FICTICIO 01;Compras Ágeis;Compras Ágeis;CZFB;Operação Central;21/06/2026;Concluída;USUARIO.FICTICIO;G12 - Mat. Terminais;COMPRADOR FICTICIO 01;WS9100000381;Spot - Concorrência;DADO FICTICIO PARA TESTE DE CONTRATUALIZACAO;Não;Materiais - Spot <=1M;30;18;12. Concluída;Área Teste;Registro sintético para testar conexão, divergência e ambiguidade.;21/06/2026;2;23/06/2026;2;25/06/2026;2;27/06/2026;2;29/06/2026;2;01/07/2026;2;03/07/2026;2;05/07/2026;1;06/07/2026;1;07/07/2026;2;09/07/2026;Não;Sim;5%;0%;R$ 34.029,19;R$ 32.408,75;CW90381;4504000381;FORNECEDOR FICTICIO 01 LTDA;590001;N/A;N/A;NL8381;;;09/07/2026;15/07/2026;5;0,2;10;0,02;1;0,1;21/06/2026;DENTRO;12;CONCLUÍDO;;;
13000382100;13000382;100;Serviço;Contrato;;SERVICO DE CONSULTORIA TESTE;R$ 32.492,50;A53;COMPRADOR FICTICIO 02;Compras Ágeis;Compras Ágeis;CTRD;Operação Norte;22/06/2026;Concluída;USUARIO.FICTICIO;G29 - EPIs;COMPRADOR FICTICIO 02;WS9100000382;Contrato - Concorrência;DADO FICTICIO PARA TESTE DE CONTRATUALIZACAO;Não;Serviços - Contrato <=1M;30;18;12. Concluída;Área Teste;Registro sintético para testar conexão, divergência e ambiguidade.;22/06/2026;2;24/06/2026;2;26/06/2026;2;28/06/2026;2;30/06/2026;2;02/07/2026;2;04/07/2026;2;06/07/2026;1;07/07/2026;1;08/07/2026;2;10/07/2026;Sim;Sim;5%;0%;R$ 34.117,12;R$ 32.492,50;CW90382;4504000382;FORNECEDOR FICTICIO 02 LTDA;590002;12 meses;IPCA;NL8382;;;10/07/2026;16/07/2026;5;0,2;10;0,02;1;0,1;22/06/2026;DENTRO;12;CONCLUÍDO;;;
13000383110;13000383;110;Material;Contrato;180383;OLEO LUBRIFICANTE TESTE;R$ 32.576,25;G32;COMPRADOR FICTICIO 03;Compras Ágeis;Compras Ágeis;CLNC;Operação Sul;23/06/2026;Concluída;USUARIO.FICTICIO;G32 - Mão de Obra;COMPRADOR FICTICIO 03;WS9100000383;Contrato - Concorrência;DADO FICTICIO PARA TESTE DE CONTRATUALIZACAO;Não;Materiais - Contrato <=1M;30;18;12. Concluída;Área Teste;Registro sintético para testar conexão, divergência e ambiguidade.;23/06/2026;2;25/06/2026;2;27/06/2026;2;29/06/2026;2;01/07/2026;2;03/07/2026;2;05/07/2026;2;07/07/2026;1;08/07/2026;1;09/07/2026;2;11/07/2026;Sim;Sim;5%;0%;R$ 34.205,06;R$ 32.576,25;CW90383;4504000383;FORNECEDOR FICTICIO 03 LTDA;590003;12 meses;IPCA;NL8383;;;11/07/2026;17/07/2026;5;0,2;10;0,02;1;0,1;23/06/2026;DENTRO;12;CONCLUÍDO;;;
13000384120;13000384;120;Material;Spot;180384;EPI DE SEGURANCA TESTE;R$ 32.660,00;G33;COMPRADOR FICTICIO 04;Compras Ágeis;Compras Ágeis;CT16;Operação Central;24/06/2026;Concluída;USUARIO.FICTICIO;G33 - Serv. de Oficinas;COMPRADOR FICTICIO 04;WS9100000384;Spot - Concorrência;DADO FICTICIO PARA TESTE DE CONTRATUALIZACAO;Não;Materiais - Spot <=1M;30;18;12. Concluída;Área Teste;Registro sintético para testar conexão, divergência e ambiguidade.;24/06/2026;2;26/06/2026;2;28/06/2026;2;30/06/2026;2;02/07/2026;2;04/07/2026;2;06/07/2026;2;08/07/2026;1;09/07/2026;1;10/07/2026;2;12/07/2026;Não;Sim;5%;0%;R$ 34.293,00;R$ 32.660,00;CW90384;4504000384;FORNECEDOR FICTICIO 04 LTDA;590004;N/A;N/A;NL8384;;;12/07/2026;18/07/2026;5;0,2;10;0,02;1;0,1;24/06/2026;DENTRO;12;CONCLUÍDO;;;
1300038510;13000385;10;Material;Contrato;180385;PARAFUSO INDUSTRIAL TESTE;R$ 32.743,75;A69;COMPRADOR FICTICIO 05;Compras Ágeis;Compras Ágeis;CTRV;Operação Norte;25/06/2026;Concluída;USUARIO.FICTICIO;G41 - Mat. Administrativo;COMPRADOR FICTICIO 05;WS9100000385;Contrato - Concorrência;DADO FICTICIO PARA TESTE DE CONTRATUALIZACAO;Não;Materiais - Contrato <=1M;30;18;12. Concluída;Área Teste;Registro sintético para testar conexão, divergência e ambiguidade.;25/06/2026;2;27/06/2026;2;29/06/2026;2;01/07/2026;2;03/07/2026;2;05/07/2026;2;07/07/2026;2;09/07/2026;1;10/07/2026;1;11/07/2026;2;13/07/2026;Sim;Sim;5%;0%;R$ 34.380,94;R$ 32.743,75;CW90385;4504000385;FORNECEDOR FICTICIO 05 LTDA;590005;12 meses;IPCA;NL8385;;;13/07/2026;19/07/2026;5;0,2;10;0,02;1;0,1;25/06/2026;DENTRO;12;CONCLUÍDO;;;
1300038620;13000386;20;Serviço;Contrato;;SERVICO DE MANUTENCAO TESTE;R$ 32.827,50;A16;COMPRADOR FICTICIO 06;Compras Ágeis;Compras Ágeis;CZAR;Operação Sul;26/06/2026;Concluída;USUARIO.FICTICIO;S15 - MSA - Manut. Loco;COMPRADOR FICTICIO 06;WS9100000386;Contrato - Concorrência;DADO FICTICIO PARA TESTE DE CONTRATUALIZACAO;Não;Serviços - Contrato <=1M;30;18;12. Concluída;Área Teste;Registro sintético para testar conexão, divergência e ambiguidade.;26/06/2026;2;28/06/2026;2;30/06/2026;2;02/07/2026;2;04/07/2026;2;06/07/2026;2;08/07/2026;2;10/07/2026;1;11/07/2026;1;12/07/2026;2;14/07/2026;Sim;Sim;5%;0%;R$ 34.468,88;R$ 32.827,50;CW90386;4504000386;FORNECEDOR FICTICIO 06 LTDA;590006;12 meses;IPCA;NL8386;;;14/07/2026;20/07/2026;5;0,2;10;0,02;1;0,1;26/06/2026;DENTRO;12;CONCLUÍDO;;;
1300038730;13000387;30;Material;Spot;180387;FERRAMENTA MANUAL TESTE;R$ 32.911,25;A19;COMPRADOR FICTICIO 07;Compras Ágeis;Compras Ágeis;CZXR;Operação Central;27/06/2026;Concluída;USUARIO.FICTICIO;R01 - Projetos Especiais;COMPRADOR FICTICIO 07;WS9100000387;Spot - Concorrência;DADO FICTICIO PARA TESTE DE CONTRATUALIZACAO;Não;Materiais - Spot <=1M;30;18;12. Concluída;Área Teste;Registro sintético para testar conexão, divergência e ambiguidade.;27/06/2026;2;29/06/2026;2;01/07/2026;2;03/07/2026;2;05/07/2026;2;07/07/2026;2;09/07/2026;2;11/07/2026;1;12/07/2026;1;13/07/2026;2;15/07/2026;Não;Sim;5%;0%;R$ 34.556,81;R$ 32.911,25;CW90387;4504000387;FORNECEDOR FICTICIO 07 LTDA;590007;N/A;N/A;NL8387;;;15/07/2026;21/07/2026;5;0,2;10;0,02;1;0,1;27/06/2026;DENTRO;12;CONCLUÍDO;;;
1300038840;13000388;40;Serviço;Contrato;;SERVICO DE CONSULTORIA TESTE;R$ 32.995,00;A21;COMPRADOR FICTICIO 08;Compras Ágeis;Compras Ágeis;CZFB;Operação Norte;28/06/2026;Concluída;USUARIO.FICTICIO;G08 - Ferramentas Gerais;COMPRADOR FICTICIO 08;WS9100000388;Contrato - Concorrência;DADO FICTICIO PARA TESTE DE CONTRATUALIZACAO;Não;Serviços - Contrato <=1M;30;18;12. Concluída;Área Teste;Registro sintético para testar conexão, divergência e ambiguidade.;28/06/2026;2;30/06/2026;2;02/07/2026;2;04/07/2026;2;06/07/2026;2;08/07/2026;2;10/07/2026;2;12/07/2026;1;13/07/2026;1;14/07/2026;2;16/07/2026;Sim;Sim;5%;0%;R$ 34.644,75;R$ 32.995,00;CW90388;4504000388;FORNECEDOR FICTICIO 08 LTDA;590008;12 meses;IPCA;NL8388;;;16/07/2026;22/07/2026;5;0,2;10;0,02;1;0,1;28/06/2026;DENTRO;12;CONCLUÍDO;;;
1300038950;13000389;50;Material;Contrato;180389;OLEO LUBRIFICANTE TESTE;R$ 33.078,75;G11;COMPRADOR FICTICIO 09;Compras Ágeis;Compras Ágeis;CTRD;Operação Sul;29/06/2026;Concluída;USUARIO.FICTICIO;G11 - Lub., Óleo e afins;COMPRADOR FICTICIO 09;WS9100000389;Contrato - Concorrência;DADO FICTICIO PARA TESTE DE CONTRATUALIZACAO;Não;Materiais - Contrato <=1M;30;18;12. Concluída;Área Teste;Registro sintético para testar conexão, divergência e ambiguidade.;29/06/2026;2;01/07/2026;2;03/07/2026;2;05/07/2026;2;07/07/2026;2;09/07/2026;2;11/07/2026;2;13/07/2026;1;14/07/2026;1;15/07/2026;2;17/07/2026;Sim;Sim;5%;0%;R$ 34.732,69;R$ 33.078,75;CW90389;4504000389;FORNECEDOR FICTICIO 09 LTDA;590009;12 meses;IPCA;NL8389;;;17/07/2026;23/07/2026;5;0,2;10;0,02;1;0,1;29/06/2026;DENTRO;12;CONCLUÍDO;;;
1300039060;13000390;60;Material;Spot;180390;EPI DE SEGURANCA TESTE;R$ 33.162,50;G12;COMPRADOR FICTICIO 10;Compras Ágeis;Compras Ágeis;CLNC;Operação Central;30/06/2026;Concluída;USUARIO.FICTICIO;G12 - Mat. Terminais;COMPRADOR FICTICIO 10;WS9100000390;Spot - Concorrência;DADO FICTICIO PARA TESTE DE CONTRATUALIZACAO;Não;Materiais - Spot <=1M;30;18;12. Concluída;Área Teste;Registro sintético para testar conexão, divergência e ambiguidade.;30/06/2026;2;02/07/2026;2;04/07/2026;2;06/07/2026;2;08/07/2026;2;10/07/2026;2;12/07/2026;2;14/07/2026;1;15/07/2026;1;16/07/2026;2;18/07/2026;Não;Sim;5%;0%;R$ 34.820,62;R$ 33.162,50;CW90390;4504000390;FORNECEDOR FICTICIO 10 LTDA;590010;N/A;N/A;NL8390;;;18/07/2026;24/07/2026;5;0,2;10;0,02;1;0,1;30/06/2026;DENTRO;12;CONCLUÍDO;;;
1300039170;13000391;70;Material;Contrato;180391;PARAFUSO INDUSTRIAL TESTE;R$ 33.246,25;G29;COMPRADOR FICTICIO 11;Compras Ágeis;Compras Ágeis;CT16;Operação Norte;01/07/2026;Concluída;USUARIO.FICTICIO;G29 - EPIs;COMPRADOR FICTICIO 11;WS9100000391;Contrato - Concorrência;DADO FICTICIO PARA TESTE DE CONTRATUALIZACAO;Não;Materiais - Contrato <=1M;30;18;12. Concluída;Área Teste;Registro sintético para testar conexão, divergência e ambiguidade.;01/07/2026;2;03/07/2026;2;05/07/2026;2;07/07/2026;2;09/07/2026;2;11/07/2026;2;13/07/2026;2;15/07/2026;1;16/07/2026;1;17/07/2026;2;19/07/2026;Sim;Sim;5%;0%;R$ 34.908,56;R$ 33.246,25;CW90391;4504000391;FORNECEDOR FICTICIO 11 LTDA;590011;12 meses;IPCA;NL8391;;;19/07/2026;25/07/2026;5;0,2;10;0,02;1;0,1;01/07/2026;DENTRO;12;CONCLUÍDO;;;
1300039180;13000391;80;Serviço;Contrato;;SERVICO DE MANUTENCAO TESTE;R$ 33.330,00;A46;COMPRADOR FICTICIO 12;Compras Ágeis;Compras Ágeis;CTRV;Operação Sul;02/07/2026;Concluída;USUARIO.FICTICIO;S15 - MSA - Manut. Loco;COMPRADOR FICTICIO 12;WS9100000392;Contrato - Concorrência;DADO FICTICIO PARA TESTE DE CONTRATUALIZACAO;Não;Serviços - Contrato <=1M;30;18;12. Concluída;Área Teste;Registro sintético para testar conexão, divergência e ambiguidade.;02/07/2026;2;04/07/2026;2;06/07/2026;2;08/07/2026;2;10/07/2026;2;12/07/2026;2;14/07/2026;2;16/07/2026;1;17/07/2026;1;18/07/2026;2;20/07/2026;Sim;Sim;5%;0%;R$ 34.996,50;R$ 33.330,00;CW90392;4504000391;FORNECEDOR FICTICIO 12 LTDA;590012;12 meses;IPCA;NL8392;;;20/07/2026;26/07/2026;5;0,2;10;0,02;1;0,1;02/07/2026;DENTRO;12;CONCLUÍDO;;;
1300039290;13000392;90;Material;Spot;180393;FERRAMENTA MANUAL TESTE;R$ 33.413,75;A53;COMPRADOR FICTICIO 13;Compras Ágeis;Compras Ágeis;CZAR;Operação Central;03/07/2026;Concluída;USUARIO.FICTICIO;R01 - Projetos Especiais;COMPRADOR FICTICIO 13;WS9100000393;Spot - Concorrência;DADO FICTICIO PARA TESTE DE CONTRATUALIZACAO;Não;Materiais - Spot <=1M;30;18;12. Concluída;Área Teste;Registro sintético para testar conexão, divergência e ambiguidade.;03/07/2026;2;05/07/2026;2;07/07/2026;2;09/07/2026;2;11/07/2026;2;13/07/2026;2;15/07/2026;2;17/07/2026;1;18/07/2026;1;19/07/2026;2;21/07/2026;Não;Sim;5%;0%;R$ 35.084,44;R$ 33.413,75;CW90393;4504000393;FORNECEDOR FICTICIO 13 LTDA;590013;N/A;N/A;NL8393;;;21/07/2026;27/07/2026;5;0,2;10;0,02;1;0,1;03/07/2026;DENTRO;12;CONCLUÍDO;;;
13000394100;13000394;100;Serviço;Contrato;;SERVICO DE CONSULTORIA TESTE;R$ 33.497,50;G41;COMPRADOR FICTICIO 14;Compras Ágeis;Compras Ágeis;CZXR;Operação Norte;04/07/2026;Concluída;USUARIO.FICTICIO;G08 - Ferramentas Gerais;COMPRADOR FICTICIO 14;WS9100000394;Contrato - Concorrência;DADO FICTICIO PARA TESTE DE CONTRATUALIZACAO;Não;Serviços - Contrato <=1M;30;18;12. Concluída;Área Teste;Registro sintético para testar conexão, divergência e ambiguidade.;04/07/2026;2;06/07/2026;2;08/07/2026;2;10/07/2026;2;12/07/2026;2;14/07/2026;2;16/07/2026;2;18/07/2026;1;19/07/2026;1;20/07/2026;2;22/07/2026;Sim;Sim;5%;0%;R$ 35.172,38;R$ 33.497,50;CW90394;4504000394;FORNECEDOR FICTICIO 14 LTDA;590014;12 meses;IPCA;NL8394;;;22/07/2026;28/07/2026;5;0,2;10;0,02;1;0,1;04/07/2026;DENTRO;12;CONCLUÍDO;;;
13000395110;13000395;110;Material;Contrato;180395;OLEO LUBRIFICANTE TESTE;R$ 33.581,25;S15;COMPRADOR FICTICIO 15;Compras Ágeis;Compras Ágeis;CZFB;Operação Sul;05/07/2026;Concluída;USUARIO.FICTICIO;S15 - MSA - Manut. Loco;COMPRADOR FICTICIO 15;WS9100000395;Contrato - Concorrência;DADO FICTICIO PARA TESTE DE CONTRATUALIZACAO;Não;Materiais - Contrato <=1M;30;18;12. Concluída;Área Teste;Registro sintético para testar conexão, divergência e ambiguidade.;05/07/2026;2;07/07/2026;2;09/07/2026;2;11/07/2026;2;13/07/2026;2;15/07/2026;2;17/07/2026;2;19/07/2026;1;20/07/2026;1;21/07/2026;2;23/07/2026;Sim;Sim;5%;0%;R$ 35.260,31;R$ 33.581,25;CW90395;4504000395;FORNECEDOR FICTICIO 15 LTDA;590015;12 meses;IPCA;NL8395;;;23/07/2026;29/07/2026;5;0,2;10;0,02;1;0,1;05/07/2026;DENTRO;12;CONCLUÍDO;;;
13000396120;13000396;120;Material;Contrato;180396;EPI DE SEGURANCA TESTE;R$ 33.665,00;R01;COMPRADOR FICTICIO 16;Compras Ágeis;Compras Ágeis;CTRD;Operação Central;06/07/2026;Concluída;USUARIO.FICTICIO;R01 - Projetos Especiais;COMPRADOR FICTICIO 16;WS9100000396;Contrato - Concorrência;DADO FICTICIO PARA TESTE DE CONTRATUALIZACAO;Não;Materiais - Contrato <=1M;30;18;12. Concluída;Área Teste;Registro sintético para testar conexão, divergência e ambiguidade.;06/07/2026;2;08/07/2026;2;10/07/2026;2;12/07/2026;2;14/07/2026;2;16/07/2026;2;18/07/2026;2;20/07/2026;1;21/07/2026;1;22/07/2026;2;24/07/2026;Sim;Sim;5%;0%;R$ 35.348,25;R$ 33.665,00;CW90396;4504000396;FORNECEDOR FICTICIO 16 LTDA;590016;12 meses;IPCA;NL8396;;;24/07/2026;30/07/2026;5;0,2;10;0,02;1;0,1;06/07/2026;DENTRO;12;CONCLUÍDO;;;
1300039610;13000396;10;Material;Contrato;180397;PARAFUSO INDUSTRIAL TESTE;R$ 33.748,75;A16;COMPRADOR FICTICIO 17;Compras Ágeis;Compras Ágeis;CLNC;Operação Norte;07/07/2026;Concluída;USUARIO.FICTICIO;G29 - EPIs;COMPRADOR FICTICIO 17;WS9100000397;Contrato - Concorrência;DADO FICTICIO PARA TESTE DE CONTRATUALIZACAO;Não;Materiais - Contrato <=1M;30;18;12. Concluída;Área Teste;Registro sintético para testar conexão, divergência e ambiguidade.;07/07/2026;2;09/07/2026;2;11/07/2026;2;13/07/2026;2;15/07/2026;2;17/07/2026;2;19/07/2026;2;21/07/2026;1;22/07/2026;1;23/07/2026;2;25/07/2026;Sim;Sim;5%;0%;R$ 35.436,19;R$ 33.748,75;CW90397;4504000397;FORNECEDOR FICTICIO 17 LTDA;590017;12 meses;IPCA;NL8397;;;25/07/2026;31/07/2026;5;0,2;10;0,02;1;0,1;07/07/2026;DENTRO;12;CONCLUÍDO;;;
1300039820;13000398;20;Serviço;Contrato;;SERVICO DE MANUTENCAO TESTE;R$ 33.832,50;A19;COMPRADOR FICTICIO 18;Compras Ágeis;Compras Ágeis;CT16;Operação Sul;08/07/2026;Concluída;USUARIO.FICTICIO;G11 - Lub., Óleo e afins;COMPRADOR FICTICIO 18;WS9100000398;Contrato - Concorrência;DADO FICTICIO PARA TESTE DE CONTRATUALIZACAO;Não;Serviços - Contrato <=1M;30;18;12. Concluída;Área Teste;Registro sintético para testar conexão, divergência e ambiguidade.;08/07/2026;2;10/07/2026;2;12/07/2026;2;14/07/2026;2;16/07/2026;2;18/07/2026;2;20/07/2026;2;22/07/2026;1;23/07/2026;1;24/07/2026;2;26/07/2026;Sim;Sim;5%;0%;R$ 35.524,12;R$ 33.832,50;CW90398;4504000398;FORNECEDOR FICTICIO 18 LTDA;590018;12 meses;IPCA;NL8398;;;26/07/2026;01/08/2026;5;0,2;10;0,02;1;0,1;08/07/2026;DENTRO;12;CONCLUÍDO;;;
1300039930;13000399;30;Material;Spot;180399;FERRAMENTA MANUAL TESTE;R$ 33.916,25;A21;COMPRADOR FICTICIO 19;Compras Ágeis;Compras Ágeis;CTRV;Operação Central;09/07/2026;Concluída;USUARIO.FICTICIO;G12 - Mat. Terminais;COMPRADOR FICTICIO 19;WS9100000399;Spot - Concorrência;DADO FICTICIO PARA TESTE DE CONTRATUALIZACAO;Não;Materiais - Spot <=1M;30;18;12. Concluída;Área Teste;Registro sintético para testar conexão, divergência e ambiguidade.;09/07/2026;2;11/07/2026;2;13/07/2026;2;15/07/2026;2;17/07/2026;2;19/07/2026;2;21/07/2026;2;23/07/2026;1;24/07/2026;1;25/07/2026;2;27/07/2026;Não;Sim;5%;0%;R$ 35.612,06;R$ 33.916,25;CW90399;4504000399;FORNECEDOR FICTICIO 19 LTDA;590019;N/A;N/A;NL8399;;;27/07/2026;02/08/2026;5;0,2;10;0,02;1;0,1;09/07/2026;DENTRO;12;CONCLUÍDO;;;
1300040040;13000400;40;Serviço;Contrato;;SERVICO DE CONSULTORIA TESTE;R$ 34.000,00;A23;COMPRADOR FICTICIO 20;Compras Ágeis;Compras Ágeis;CZAR;Operação Norte;10/07/2026;Concluída;USUARIO.FICTICIO;G29 - EPIs;COMPRADOR FICTICIO 20;WS9100000400;Contrato - Concorrência;DADO FICTICIO PARA TESTE DE CONTRATUALIZACAO;Não;Serviços - Contrato <=1M;30;18;12. Concluída;Área Teste;Registro sintético para testar conexão, divergência e ambiguidade.;10/07/2026;2;12/07/2026;2;14/07/2026;2;16/07/2026;2;18/07/2026;2;20/07/2026;2;22/07/2026;2;24/07/2026;1;25/07/2026;1;26/07/2026;2;28/07/2026;Sim;Sim;5%;0%;R$ 35.700,00;R$ 34.000,00;CW90400;4504000400;FORNECEDOR FICTICIO 20 LTDA;590020;12 meses;IPCA;NL8400;;;28/07/2026;03/08/2026;5;0,2;10;0,02;1;0,1;10/07/2026;DENTRO;12;CONCLUÍDO;;;
1300040050;13000400;50;Material;Contrato;180401;OLEO LUBRIFICANTE TESTE;R$ 34.083,75;A33;COMPRADOR FICTICIO 01;Compras Ágeis;Compras Ágeis;CZXR;Operação Sul;11/07/2026;Concluída;USUARIO.FICTICIO;S15 - MSA - Manut. Loco;COMPRADOR FICTICIO 01;WS9100000401;Contrato - Concorrência;DADO FICTICIO PARA TESTE DE CONTRATUALIZACAO;Não;Materiais - Contrato <=1M;30;18;12. Concluída;Área Teste;Registro sintético para testar conexão, divergência e ambiguidade.;11/07/2026;2;13/07/2026;2;15/07/2026;2;17/07/2026;2;19/07/2026;2;21/07/2026;2;23/07/2026;2;25/07/2026;1;26/07/2026;1;27/07/2026;2;29/07/2026;Sim;Sim;5%;0%;R$ 35.787,94;R$ 34.083,75;CW90401;4504000401;FORNECEDOR FICTICIO 01 LTDA;590001;12 meses;IPCA;NL8401;;;29/07/2026;04/08/2026;5;0,2;10;0,02;1;0,1;11/07/2026;DENTRO;12;CONCLUÍDO;;;
1300040260;13000402;60;Material;Spot;180402;EPI DE SEGURANCA TESTE;R$ 34.167,50;G33;COMPRADOR FICTICIO 02;Compras Ágeis;Compras Ágeis;CZFB;Operação Central;12/07/2026;Concluída;USUARIO.FICTICIO;G33 - Serv. de Oficinas;COMPRADOR FICTICIO 02;WS9100000402;Spot - Concorrência;DADO FICTICIO PARA TESTE DE CONTRATUALIZACAO;Não;Materiais - Spot <=1M;30;18;12. Concluída;Área Teste;Registro sintético para testar conexão, divergência e ambiguidade.;12/07/2026;2;14/07/2026;2;16/07/2026;2;18/07/2026;2;20/07/2026;2;22/07/2026;2;24/07/2026;2;26/07/2026;1;27/07/2026;1;28/07/2026;2;30/07/2026;Não;Sim;5%;0%;R$ 35.875,88;R$ 34.167,50;CW90402;4504000402;FORNECEDOR FICTICIO 02 LTDA;590002;N/A;N/A;NL8402;;;30/07/2026;05/08/2026;5;0,2;10;0,02;1;0,1;12/07/2026;DENTRO;12;CONCLUÍDO;;;
1300040370;13000403;70;Material;Contrato;180403;PARAFUSO INDUSTRIAL TESTE;R$ 34.251,25;A46;COMPRADOR FICTICIO 03;Compras Ágeis;Compras Ágeis;CTRD;Operação Norte;13/07/2026;Concluída;USUARIO.FICTICIO;G41 - Mat. Administrativo;COMPRADOR FICTICIO 03;WS9100000403;Contrato - Concorrência;DADO FICTICIO PARA TESTE DE CONTRATUALIZACAO;Não;Materiais - Contrato <=1M;30;18;12. Concluída;Área Teste;Registro sintético para testar conexão, divergência e ambiguidade.;13/07/2026;2;15/07/2026;2;17/07/2026;2;19/07/2026;2;21/07/2026;2;23/07/2026;2;25/07/2026;2;27/07/2026;1;28/07/2026;1;29/07/2026;2;31/07/2026;Sim;Sim;5%;0%;R$ 35.963,81;R$ 34.251,25;CW90403;4504000403;FORNECEDOR FICTICIO 03 LTDA;590003;12 meses;IPCA;NL8403;;;31/07/2026;06/08/2026;5;0,2;10;0,02;1;0,1;13/07/2026;DENTRO;12;CONCLUÍDO;;;
1300040480;13000404;80;Serviço;Contrato;;SERVICO DE MANUTENCAO TESTE;R$ 34.335,00;S15;COMPRADOR FICTICIO 04;Compras Ágeis;Compras Ágeis;CLNC;Operação Sul;14/07/2026;Concluída;USUARIO.FICTICIO;S15 - MSA - Manut. Loco;COMPRADOR FICTICIO 04;WS9100000404;Contrato - Concorrência;DADO FICTICIO PARA TESTE DE CONTRATUALIZACAO;Não;Serviços - Contrato <=1M;30;18;12. Concluída;Área Teste;Registro sintético para testar conexão, divergência e ambiguidade.;14/07/2026;2;16/07/2026;2;18/07/2026;2;20/07/2026;2;22/07/2026;2;24/07/2026;2;26/07/2026;2;28/07/2026;1;29/07/2026;1;30/07/2026;2;01/08/2026;Sim;Sim;5%;0%;R$ 36.051,75;R$ 34.335,00;CW90404;4504000404;FORNECEDOR FICTICIO 04 LTDA;590004;12 meses;IPCA;NL8404;;;01/08/2026;07/08/2026;5;0,2;10;0,02;1;0,1;14/07/2026;DENTRO;12;CONCLUÍDO;;;
1300040590;13000405;90;Material;Spot;180405;FERRAMENTA MANUAL TESTE;R$ 34.418,75;A62;COMPRADOR FICTICIO 05;Compras Ágeis;Compras Ágeis;CT16;Operação Central;15/07/2026;Concluída;USUARIO.FICTICIO;R01 - Projetos Especiais;COMPRADOR FICTICIO 05;WS9100000405;Spot - Concorrência;DADO FICTICIO PARA TESTE DE CONTRATUALIZACAO;Não;Materiais - Spot <=1M;30;18;12. Concluída;Área Teste;Registro sintético para testar conexão, divergência e ambiguidade.;15/07/2026;2;17/07/2026;2;19/07/2026;2;21/07/2026;2;23/07/2026;2;25/07/2026;2;27/07/2026;2;29/07/2026;1;30/07/2026;1;31/07/2026;2;02/08/2026;Não;Sim;5%;0%;R$ 36.139,69;R$ 34.418,75;CW90405;4504000405 / 4504900405;FORNECEDOR FICTICIO 05 LTDA;590005;N/A;N/A;NL8405;;;02/08/2026;08/08/2026;5;0,2;10;0,02;1;0,1;15/07/2026;DENTRO;12;CONCLUÍDO;;;
13000406100;13000406;100;Serviço;Contrato;;SERVICO DE CONSULTORIA TESTE;R$ 34.502,50;G08;COMPRADOR FICTICIO 06;Compras Ágeis;Compras Ágeis;CTRV;Operação Norte;16/07/2026;Concluída;USUARIO.FICTICIO;G08 - Ferramentas Gerais;COMPRADOR FICTICIO 06;WS9100000406;Contrato - Concorrência;DADO FICTICIO PARA TESTE DE CONTRATUALIZACAO;Não;Serviços - Contrato <=1M;30;18;12. Concluída;Área Teste;Registro sintético para testar conexão, divergência e ambiguidade.;16/07/2026;2;18/07/2026;2;20/07/2026;2;22/07/2026;2;24/07/2026;2;26/07/2026;2;28/07/2026;2;30/07/2026;1;31/07/2026;1;01/08/2026;2;03/08/2026;Sim;Sim;5%;0%;R$ 36.227,62;R$ 34.502,50;CW90406;4504000406;FORNECEDOR FICTICIO 06 LTDA;590006;12 meses;IPCA;NL8406;;;03/08/2026;09/08/2026;5;0,2;10;0,02;1;0,1;16/07/2026;DENTRO;12;CONCLUÍDO;;;
13000407110;13000407;110;Material;Contrato;180407;OLEO LUBRIFICANTE TESTE;R$ 34.586,25;A69;COMPRADOR FICTICIO 07;Compras Ágeis;Compras Ágeis;CZAR;Operação Sul;17/07/2026;Concluída;USUARIO.FICTICIO;G11 - Lub., Óleo e afins;COMPRADOR FICTICIO 07;WS9100000407;Contrato - Concorrência;DADO FICTICIO PARA TESTE DE CONTRATUALIZACAO;Não;Materiais - Contrato <=1M;30;18;12. Concluída;Área Teste;Registro sintético para testar conexão, divergência e ambiguidade.;17/07/2026;2;19/07/2026;2;21/07/2026;2;23/07/2026;2;25/07/2026;2;27/07/2026;2;29/07/2026;2;31/07/2026;1;01/08/2026;1;02/08/2026;2;04/08/2026;Sim;Sim;5%;0%;R$ 36.315,56;R$ 34.586,25;CW90407;4504000407;FORNECEDOR FICTICIO 07 LTDA;590007;12 meses;IPCA;NL8407;;;04/08/2026;10/08/2026;5;0,2;10;0,02;1;0,1;17/07/2026;DENTRO;12;CONCLUÍDO;;;
13000408120;13000408;120;Material;Spot;180408;EPI DE SEGURANCA TESTE;R$ 34.670,00;G12;COMPRADOR FICTICIO 08;Compras Ágeis;Compras Ágeis;CZXR;Operação Central;18/07/2026;Concluída;USUARIO.FICTICIO;G12 - Mat. Terminais;COMPRADOR FICTICIO 08;WS9100000408;Spot - Concorrência;DADO FICTICIO PARA TESTE DE CONTRATUALIZACAO;Não;Materiais - Spot <=1M;30;18;12. Concluída;Área Teste;Registro sintético para testar conexão, divergência e ambiguidade.;18/07/2026;2;20/07/2026;2;22/07/2026;2;24/07/2026;2;26/07/2026;2;28/07/2026;2;30/07/2026;2;01/08/2026;1;02/08/2026;1;03/08/2026;2;05/08/2026;Não;Sim;5%;0%;R$ 36.403,50;R$ 34.670,00;CW90408;4504000408;FORNECEDOR FICTICIO 08 LTDA;590008;N/A;N/A;NL8408;;;05/08/2026;11/08/2026;5;0,2;10;0,02;1;0,1;18/07/2026;DENTRO;12;CONCLUÍDO;;;
1300040810;13000408;10;Material;Contrato;180409;PARAFUSO INDUSTRIAL TESTE;R$ 34.753,75;A19;COMPRADOR FICTICIO 09;Compras Ágeis;Compras Ágeis;CZFB;Operação Norte;19/07/2026;Concluída;USUARIO.FICTICIO;G41 - Mat. Administrativo;COMPRADOR FICTICIO 09;WS9100000409;Contrato - Concorrência;DADO FICTICIO PARA TESTE DE CONTRATUALIZACAO;Não;Materiais - Contrato <=1M;30;18;12. Concluída;Área Teste;Registro sintético para testar conexão, divergência e ambiguidade.;19/07/2026;2;21/07/2026;2;23/07/2026;2;25/07/2026;2;27/07/2026;2;29/07/2026;2;31/07/2026;2;02/08/2026;1;03/08/2026;1;04/08/2026;2;06/08/2026;Sim;Sim;5%;0%;R$ 36.491,44;R$ 34.753,75;CW90409;4504000408;FORNECEDOR FICTICIO 09 LTDA;590009;12 meses;IPCA;NL8409;;;06/08/2026;12/08/2026;5;0,2;10;0,02;1;0,1;19/07/2026;DENTRO;12;CONCLUÍDO;;;
1300041020;13000410;20;Serviço;Contrato;;SERVICO DE MANUTENCAO TESTE;R$ 34.837,50;G32;COMPRADOR FICTICIO 10;Compras Ágeis;Compras Ágeis;CTRD;Operação Sul;20/07/2026;Concluída;USUARIO.FICTICIO;G32 - Mão de Obra;COMPRADOR FICTICIO 10;WS9100000410;Contrato - Concorrência;DADO FICTICIO PARA TESTE DE CONTRATUALIZACAO;Não;Serviços - Contrato <=1M;30;18;12. Concluída;Área Teste;Registro sintético para testar conexão, divergência e ambiguidade.;20/07/2026;2;22/07/2026;2;24/07/2026;2;26/07/2026;2;28/07/2026;2;30/07/2026;2;01/08/2026;2;03/08/2026;1;04/08/2026;1;05/08/2026;2;07/08/2026;Sim;Sim;5%;0%;R$ 36.579,38;R$ 34.837,50;CW90410;4504000410;FORNECEDOR FICTICIO 10 LTDA;590010;12 meses;IPCA;NL8410;;;07/08/2026;13/08/2026;5;0,2;10;0,02;1;0,1;20/07/2026;DENTRO;12;CONCLUÍDO;;;
1300041130;13000411;30;Material;Contrato;180411;FERRAMENTA MANUAL TESTE;R$ 34.921,25;G33;COMPRADOR FICTICIO 11;Compras Ágeis;Compras Ágeis;CLNC;Operação Central;21/07/2026;Concluída;USUARIO.FICTICIO;G33 - Serv. de Oficinas;COMPRADOR FICTICIO 11;WS9100000411;Contrato - Concorrência;DADO FICTICIO PARA TESTE DE CONTRATUALIZACAO;Não;Materiais - Contrato <=1M;30;18;12. Concluída;Área Teste;Registro sintético para testar conexão, divergência e ambiguidade.;21/07/2026;2;23/07/2026;2;25/07/2026;2;27/07/2026;2;29/07/2026;2;31/07/2026;2;02/08/2026;2;04/08/2026;1;05/08/2026;1;06/08/2026;2;08/08/2026;Sim;Sim;5%;0%;R$ 36.667,31;R$ 34.921,25;CW90411;4504000411;FORNECEDOR FICTICIO 11 LTDA;590011;12 meses;IPCA;NL8411;;;08/08/2026;14/08/2026;5;0,2;10;0,02;1;0,1;21/07/2026;DENTRO;12;CONCLUÍDO;;;
1300041240;13000412;40;Serviço;Contrato;;SERVICO DE CONSULTORIA TESTE;R$ 35.005,00;G41;COMPRADOR FICTICIO 12;Compras Ágeis;Compras Ágeis;CT16;Operação Norte;22/07/2026;Concluída;USUARIO.FICTICIO;G41 - Mat. Administrativo;COMPRADOR FICTICIO 12;WS9100000412;Contrato - Concorrência;DADO FICTICIO PARA TESTE DE CONTRATUALIZACAO;Não;Serviços - Contrato <=1M;30;18;12. Concluída;Área Teste;Registro sintético para testar conexão, divergência e ambiguidade.;22/07/2026;2;24/07/2026;2;26/07/2026;2;28/07/2026;2;30/07/2026;2;01/08/2026;2;03/08/2026;2;05/08/2026;1;06/08/2026;1;07/08/2026;2;09/08/2026;Sim;Sim;5%;0%;R$ 36.755,25;R$ 35.005,00;CW90412;4504000412;FORNECEDOR FICTICIO 12 LTDA;590012;12 meses;IPCA;NL8412;;;09/08/2026;15/08/2026;5;0,2;10;0,02;1;0,1;22/07/2026;DENTRO;12;CONCLUÍDO;;;
1300041350;13000413;50;Material;Contrato;180413;OLEO LUBRIFICANTE TESTE;R$ 35.088,75;S15;COMPRADOR FICTICIO 13;Compras Ágeis;Compras Ágeis;CTRV;Operação Sul;23/07/2026;Concluída;USUARIO.FICTICIO;S15 - MSA - Manut. Loco;COMPRADOR FICTICIO 13;WS9100000413;Contrato - Concorrência;DADO FICTICIO PARA TESTE DE CONTRATUALIZACAO;Não;Materiais - Contrato <=1M;30;18;12. Concluída;Área Teste;Registro sintético para testar conexão, divergência e ambiguidade.;23/07/2026;2;25/07/2026;2;27/07/2026;2;29/07/2026;2;31/07/2026;2;02/08/2026;2;04/08/2026;2;06/08/2026;1;07/08/2026;1;08/08/2026;2;10/08/2026;Sim;Sim;5%;0%;R$ 36.843,19;R$ 35.088,75;CW90413;4504000413;FORNECEDOR FICTICIO 13 LTDA;590013;12 meses;IPCA;NL8413;;;10/08/2026;16/08/2026;5;0,2;10;0,02;1;0,1;23/07/2026;DENTRO;12;CONCLUÍDO;;;
1300041460;13000414;60;Material;Spot;180414;EPI DE SEGURANCA TESTE;R$ 35.172,50;R01;COMPRADOR FICTICIO 14;Compras Ágeis;Compras Ágeis;CZAR;Operação Central;24/07/2026;Concluída;USUARIO.FICTICIO;R01 - Projetos Especiais;COMPRADOR FICTICIO 14;WS9100000414;Spot - Concorrência;DADO FICTICIO PARA TESTE DE CONTRATUALIZACAO;Não;Materiais - Spot <=1M;30;18;12. Concluída;Área Teste;Registro sintético para testar conexão, divergência e ambiguidade.;24/07/2026;2;26/07/2026;2;28/07/2026;2;30/07/2026;2;01/08/2026;2;03/08/2026;2;05/08/2026;2;07/08/2026;1;08/08/2026;1;09/08/2026;2;11/08/2026;Não;Sim;5%;0%;R$ 36.931,12;R$ 35.172,50;CW90414;4504000414;FORNECEDOR FICTICIO 14 LTDA;590014;N/A;N/A;NL8414;;;11/08/2026;17/08/2026;5;0,2;10;0,02;1;0,1;24/07/2026;DENTRO;12;CONCLUÍDO;;;
1300041570;13000415;70;Material;Contrato;180415;PARAFUSO INDUSTRIAL TESTE;R$ 35.256,25;G08;COMPRADOR FICTICIO 15;Compras Ágeis;Compras Ágeis;CZXR;Operação Norte;25/07/2026;Concluída;USUARIO.FICTICIO;G29 - EPIs;COMPRADOR FICTICIO 15;WS9100000415;Contrato - Concorrência;DADO FICTICIO PARA TESTE DE CONTRATUALIZACAO;Não;Materiais - Contrato <=1M;30;18;12. Concluída;Área Teste;Registro sintético para testar conexão, divergência e ambiguidade.;25/07/2026;2;27/07/2026;2;29/07/2026;2;31/07/2026;2;02/08/2026;2;04/08/2026;2;06/08/2026;2;08/08/2026;1;09/08/2026;1;10/08/2026;2;12/08/2026;Sim;Sim;5%;0%;R$ 37.019,06;R$ 35.256,25;CW90415;4504000415;FORNECEDOR FICTICIO 15 LTDA;590015;12 meses;IPCA;NL8415;;;12/08/2026;18/08/2026;5;0,2;10;0,02;1;0,1;25/07/2026;DENTRO;12;CONCLUÍDO;;;
1300041680;13000416;80;Serviço;Contrato;;SERVICO DE MANUTENCAO TESTE;R$ 35.340,00;A62;COMPRADOR FICTICIO 16;Compras Ágeis;Compras Ágeis;CZFB;Operação Sul;26/07/2026;Concluída;USUARIO.FICTICIO;G11 - Lub., Óleo e afins;COMPRADOR FICTICIO 16;WS9100000416;Contrato - Concorrência;DADO FICTICIO PARA TESTE DE CONTRATUALIZACAO;Não;Serviços - Contrato <=1M;30;18;12. Concluída;Área Teste;Registro sintético para testar conexão, divergência e ambiguidade.;26/07/2026;2;28/07/2026;2;30/07/2026;2;01/08/2026;2;03/08/2026;2;05/08/2026;2;07/08/2026;2;09/08/2026;1;10/08/2026;1;11/08/2026;2;13/08/2026;Sim;Sim;5%;0%;R$ 37.107,00;R$ 35.340,00;CW90416;4504000416;FORNECEDOR FICTICIO 16 LTDA;590016;12 meses;IPCA;NL8416;;;13/08/2026;19/08/2026;5;0,2;10;0,02;1;0,1;26/07/2026;DENTRO;12;CONCLUÍDO;;;
1300041790;13000417;90;Material;Spot;180417;FERRAMENTA MANUAL TESTE;R$ 35.423,75;G12;COMPRADOR FICTICIO 17;Compras Ágeis;Compras Ágeis;CTRD;Operação Central;27/07/2026;Concluída;USUARIO.FICTICIO;G12 - Mat. Terminais;COMPRADOR FICTICIO 17;WS9100000417;Spot - Concorrência;DADO FICTICIO PARA TESTE DE CONTRATUALIZACAO;Não;Materiais - Spot <=1M;30;18;12. Concluída;Área Teste;Registro sintético para testar conexão, divergência e ambiguidade.;27/07/2026;2;29/07/2026;2;31/07/2026;2;02/08/2026;2;04/08/2026;2;06/08/2026;2;08/08/2026;2;10/08/2026;1;11/08/2026;1;12/08/2026;2;14/08/2026;Não;Sim;5%;0%;R$ 37.194,94;R$ 35.423,75;CW90417;4504000417;FORNECEDOR FICTICIO 17 LTDA;590017;N/A;N/A;NL8417;;;14/08/2026;20/08/2026;5;0,2;10;0,02;1;0,1;27/07/2026;DENTRO;12;CONCLUÍDO;;;
13000418100;13000418;100;Serviço;Contrato;;SERVICO DE CONSULTORIA TESTE;R$ 35.507,50;A69;COMPRADOR FICTICIO 18;Compras Ágeis;Compras Ágeis;CLNC;Operação Norte;28/07/2026;Concluída;USUARIO.FICTICIO;G29 - EPIs;COMPRADOR FICTICIO 18;WS9100000418;Contrato - Concorrência;DADO FICTICIO PARA TESTE DE CONTRATUALIZACAO;Não;Serviços - Contrato <=1M;30;18;12. Concluída;Área Teste;Registro sintético para testar conexão, divergência e ambiguidade.;28/07/2026;2;30/07/2026;2;01/08/2026;2;03/08/2026;2;05/08/2026;2;07/08/2026;2;09/08/2026;2;11/08/2026;1;12/08/2026;1;13/08/2026;2;15/08/2026;Sim;Sim;5%;0%;R$ 37.282,88;R$ 35.507,50;CW90418;4504000418;FORNECEDOR FICTICIO 18 LTDA;590018;12 meses;IPCA;NL8418;;;15/08/2026;21/08/2026;5;0,2;10;0,02;1;0,1;28/07/2026;DENTRO;12;CONCLUÍDO;;;
13000419110;13000419;110;Material;Contrato;180419;OLEO LUBRIFICANTE TESTE;R$ 35.591,25;G32;COMPRADOR FICTICIO 19;Compras Ágeis;Compras Ágeis;CT16;Operação Sul;29/07/2026;Concluída;USUARIO.FICTICIO;G32 - Mão de Obra;COMPRADOR FICTICIO 19;WS9100000419;Contrato - Concorrência;DADO FICTICIO PARA TESTE DE CONTRATUALIZACAO;Não;Materiais - Contrato <=1M;30;18;12. Concluída;Área Teste;Registro sintético para testar conexão, divergência e ambiguidade.;29/07/2026;2;31/07/2026;2;02/08/2026;2;04/08/2026;2;06/08/2026;2;08/08/2026;2;10/08/2026;2;12/08/2026;1;13/08/2026;1;14/08/2026;2;16/08/2026;Sim;Sim;5%;0%;R$ 37.370,81;R$ 35.591,25;CW90419;4504000419;FORNECEDOR FICTICIO 19 LTDA;590019;12 meses;IPCA;NL8419;;;16/08/2026;22/08/2026;5;0,2;10;0,02;1;0,1;29/07/2026;DENTRO;12;CONCLUÍDO;;;
13000420120;13000420;120;Material;Spot;180420;EPI DE SEGURANCA TESTE;R$ 35.675,00;G33;COMPRADOR FICTICIO 20;Compras Ágeis;Compras Ágeis;CTRV;Operação Central;30/07/2026;Concluída;USUARIO.FICTICIO;G33 - Serv. de Oficinas;COMPRADOR FICTICIO 20;WS9100000420;Spot - Concorrência;DADO FICTICIO PARA TESTE DE CONTRATUALIZACAO;Não;Materiais - Spot <=1M;30;18;12. Concluída;Área Teste;Registro sintético para testar conexão, divergência e ambiguidade.;30/07/2026;2;01/08/2026;2;03/08/2026;2;05/08/2026;2;07/08/2026;2;09/08/2026;2;11/08/2026;2;13/08/2026;1;14/08/2026;1;15/08/2026;2;17/08/2026;Não;Sim;5%;0%;R$ 37.458,75;R$ 35.675,00;CW90420;4504000420;FORNECEDOR FICTICIO 20 LTDA;590020;N/A;N/A;NL8420;;;17/08/2026;23/08/2026;5;0,2;10;0,02;1;0,1;30/07/2026;DENTRO;12;CONCLUÍDO;;;
1300042110;13000421;10;Material;Contrato;180421;PARAFUSO INDUSTRIAL TESTE;R$ 35.758,75;G41;COMPRADOR FICTICIO 01;Compras Ágeis;Compras Ágeis;CZAR;Operação Norte;02/01/2026;Concluída;USUARIO.FICTICIO;G41 - Mat. Administrativo;COMPRADOR FICTICIO 01;WS9100000421;Contrato - Concorrência;DADO FICTICIO PARA TESTE DE CONTRATUALIZACAO;Não;Materiais - Contrato <=1M;30;18;12. Concluída;Área Teste;Registro sintético para testar conexão, divergência e ambiguidade.;02/01/2026;2;04/01/2026;2;06/01/2026;2;08/01/2026;2;10/01/2026;2;12/01/2026;2;14/01/2026;2;16/01/2026;1;17/01/2026;1;18/01/2026;2;20/01/2026;Sim;Sim;5%;0%;R$ 37.546,69;R$ 35.758,75;CW90421;4504000421;FORNECEDOR FICTICIO 01 LTDA;590001;12 meses;IPCA;NL8421;;;20/01/2026;26/01/2026;5;0,2;10;0,02;1;0,1;02/01/2026;DENTRO;12;CONCLUÍDO;;;
1300042220;13000422;20;Serviço;Contrato;;SERVICO DE MANUTENCAO TESTE;R$ 35.842,50;S15;COMPRADOR FICTICIO 02;Compras Ágeis;Compras Ágeis;CZXR;Operação Sul;03/01/2026;Concluída;USUARIO.FICTICIO;G11 - Lub., Óleo e afins;COMPRADOR FICTICIO 02;WS9100000422;Contrato - Concorrência;DADO FICTICIO PARA TESTE DE CONTRATUALIZACAO;Não;Serviços - Contrato <=1M;30;18;12. Concluída;Área Teste;Registro sintético para testar conexão, divergência e ambiguidade.;03/01/2026;2;05/01/2026;2;07/01/2026;2;09/01/2026;2;11/01/2026;2;13/01/2026;2;15/01/2026;2;17/01/2026;1;18/01/2026;1;19/01/2026;2;21/01/2026;Sim;Sim;5%;0%;R$ 37.634,62;R$ 35.842,50;CW90422;4504000422;FORNECEDOR FICTICIO 02 LTDA;590002;12 meses;IPCA;NL8422;;;21/01/2026;27/01/2026;5;0,2;10;0,02;1;0,1;03/01/2026;DENTRO;12;CONCLUÍDO;;;
1300042230;13000422;30;Material;Spot;180423;FERRAMENTA MANUAL TESTE;R$ 35.926,25;A33;COMPRADOR FICTICIO 03;Compras Ágeis;Compras Ágeis;CZFB;Operação Central;04/01/2026;Concluída;USUARIO.FICTICIO;G12 - Mat. Terminais;COMPRADOR FICTICIO 03;WS9100000423;Spot - Concorrência;DADO FICTICIO PARA TESTE DE CONTRATUALIZACAO;Não;Materiais - Spot <=1M;30;18;12. Concluída;Área Teste;Registro sintético para testar conexão, divergência e ambiguidade.;04/01/2026;2;06/01/2026;2;08/01/2026;2;10/01/2026;2;12/01/2026;2;14/01/2026;2;16/01/2026;2;18/01/2026;1;19/01/2026;1;20/01/2026;2;22/01/2026;Não;Sim;5%;0%;R$ 37.722,56;R$ 35.926,25;CW90423;4504000422;FORNECEDOR FICTICIO 03 LTDA;590003;N/A;N/A;NL8423;;;22/01/2026;28/01/2026;5;0,2;10;0,02;1;0,1;04/01/2026;DENTRO;12;CONCLUÍDO;;;
1300042440;13000424;40;Serviço;Spot;;SERVICO DE CONSULTORIA TESTE;R$ 36.010,00;G08;COMPRADOR FICTICIO 04;Compras Ágeis;Compras Ágeis;CTRD;Operação Norte;05/01/2026;Concluída;USUARIO.FICTICIO;G08 - Ferramentas Gerais;COMPRADOR FICTICIO 04;WS9100000424;Spot - Concorrência;DADO FICTICIO PARA TESTE DE CONTRATUALIZACAO;Não;Serviços - Spot <=1M;30;18;12. Concluída;Área Teste;Registro sintético para testar conexão, divergência e ambiguidade.;05/01/2026;2;07/01/2026;2;09/01/2026;2;11/01/2026;2;13/01/2026;2;15/01/2026;2;17/01/2026;2;19/01/2026;1;20/01/2026;1;21/01/2026;2;23/01/2026;Não;Sim;5%;0%;R$ 37.810,50;R$ 36.010,00;CW90424;4504000424;FORNECEDOR FICTICIO 04 LTDA;590004;N/A;N/A;NL8424;;;23/01/2026;29/01/2026;5;0,2;10;0,02;1;0,1;05/01/2026;DENTRO;12;CONCLUÍDO;;;
1300042450;13000424;50;Material;Contrato;180425;OLEO LUBRIFICANTE TESTE;R$ 36.093,75;A46;COMPRADOR FICTICIO 05;Compras Ágeis;Compras Ágeis;CLNC;Operação Sul;06/01/2026;Concluída;USUARIO.FICTICIO;G32 - Mão de Obra;COMPRADOR FICTICIO 05;WS9100000425;Contrato - Concorrência;DADO FICTICIO PARA TESTE DE CONTRATUALIZACAO;Não;Materiais - Contrato <=1M;30;18;12. Concluída;Área Teste;Registro sintético para testar conexão, divergência e ambiguidade.;06/01/2026;2;08/01/2026;2;10/01/2026;2;12/01/2026;2;14/01/2026;2;16/01/2026;2;18/01/2026;2;20/01/2026;1;21/01/2026;1;22/01/2026;2;24/01/2026;Sim;Sim;5%;0%;R$ 37.898,44;R$ 36.093,75;CW90425;4504000424;FORNECEDOR FICTICIO 05 LTDA;590005;12 meses;IPCA;NL8425;;;24/01/2026;30/01/2026;5;0,2;10;0,02;1;0,1;06/01/2026;DENTRO;12;CONCLUÍDO;;;
1300042660;13000426;60;Material;Contrato;180426;EPI DE SEGURANCA TESTE;R$ 36.177,50;G12;COMPRADOR FICTICIO 06;Compras Ágeis;Compras Ágeis;CT16;Operação Central;07/01/2026;Concluída;USUARIO.FICTICIO;G12 - Mat. Terminais;COMPRADOR FICTICIO 06;WS9100000426;Contrato - Concorrência;DADO FICTICIO PARA TESTE DE CONTRATUALIZACAO;Não;Materiais - Contrato <=1M;30;18;12. Concluída;Área Teste;Registro sintético para testar conexão, divergência e ambiguidade.;07/01/2026;2;09/01/2026;2;11/01/2026;2;13/01/2026;2;15/01/2026;2;17/01/2026;2;19/01/2026;2;21/01/2026;1;22/01/2026;1;23/01/2026;2;25/01/2026;Sim;Sim;5%;0%;R$ 37.986,38;R$ 36.177,50;CW90426;4504000426;FORNECEDOR FICTICIO 06 LTDA;590006;12 meses;IPCA;NL8426;;;25/01/2026;31/01/2026;5;0,2;10;0,02;1;0,1;07/01/2026;DENTRO;12;CONCLUÍDO;;;
1300042770;13000427;70;Material;Contrato;180427;PARAFUSO INDUSTRIAL TESTE;R$ 36.261,25;A62;COMPRADOR FICTICIO 07;Compras Ágeis;Compras Ágeis;CTRV;Operação Norte;08/01/2026;Concluída;USUARIO.FICTICIO;G29 - EPIs;COMPRADOR FICTICIO 07;WS9100000427;Contrato - Concorrência;DADO FICTICIO PARA TESTE DE CONTRATUALIZACAO;Não;Materiais - Contrato <=1M;30;18;12. Concluída;Área Teste;Registro sintético para testar conexão, divergência e ambiguidade.;08/01/2026;2;10/01/2026;2;12/01/2026;2;14/01/2026;2;16/01/2026;2;18/01/2026;2;20/01/2026;2;22/01/2026;1;23/01/2026;1;24/01/2026;2;26/01/2026;Sim;Sim;5%;0%;R$ 38.074,31;R$ 36.261,25;CW90427;4504000427;FORNECEDOR FICTICIO 07 LTDA;590007;12 meses;IPCA;NL8427;;;26/01/2026;01/02/2026;5;0,2;10;0,02;1;0,1;08/01/2026;DENTRO;12;CONCLUÍDO;;;
1300042880;13000428;80;Serviço;Contrato;;SERVICO DE MANUTENCAO TESTE;R$ 36.345,00;G32;COMPRADOR FICTICIO 08;Compras Ágeis;Compras Ágeis;CZAR;Operação Sul;09/01/2026;Concluída;USUARIO.FICTICIO;S15 - MSA - Manut. Loco;COMPRADOR FICTICIO 08;WS9100000428;Contrato - Concorrência;DADO FICTICIO PARA TESTE DE CONTRATUALIZACAO;Não;Serviços - Contrato <=1M;30;18;12. Concluída;Área Teste;Registro sintético para testar conexão, divergência e ambiguidade.;09/01/2026;2;11/01/2026;2;13/01/2026;2;15/01/2026;2;17/01/2026;2;19/01/2026;2;21/01/2026;2;23/01/2026;1;24/01/2026;1;25/01/2026;2;27/01/2026;Sim;Sim;5%;0%;R$ 38.162,25;R$ 36.345,00;CW90428;4504000428;FORNECEDOR FICTICIO 08 LTDA;590008;12 meses;IPCA;NL8428;;;27/01/2026;02/02/2026;5;0,2;10;0,02;1;0,1;09/01/2026;DENTRO;12;CONCLUÍDO;;;
1300042990;13000429;90;Material;Spot;180429;FERRAMENTA MANUAL TESTE;R$ 36.428,75;A69;COMPRADOR FICTICIO 09;Compras Ágeis;Compras Ágeis;CZXR;Operação Central;10/01/2026;Concluída;USUARIO.FICTICIO;G33 - Serv. de Oficinas;COMPRADOR FICTICIO 09;WS9100000429;Spot - Concorrência;DADO FICTICIO PARA TESTE DE CONTRATUALIZACAO;Não;Materiais - Spot <=1M;30;18;12. Concluída;Área Teste;Registro sintético para testar conexão, divergência e ambiguidade.;10/01/2026;2;12/01/2026;2;14/01/2026;2;16/01/2026;2;18/01/2026;2;20/01/2026;2;22/01/2026;2;24/01/2026;1;25/01/2026;1;26/01/2026;2;28/01/2026;Não;Sim;5%;0%;R$ 38.250,19;R$ 36.428,75;CW90429;4504000429;FORNECEDOR FICTICIO 09 LTDA;590009;N/A;N/A;NL8429;;;28/01/2026;03/02/2026;5;0,2;10;0,02;1;0,1;10/01/2026;DENTRO;12;CONCLUÍDO;;;
13000430100;13000430;100;Serviço;Contrato;;SERVICO DE CONSULTORIA TESTE;R$ 36.512,50;G41;COMPRADOR FICTICIO 10;Compras Ágeis;Compras Ágeis;CZFB;Operação Norte;11/01/2026;Concluída;USUARIO.FICTICIO;G41 - Mat. Administrativo;COMPRADOR FICTICIO 10;WS9100000430;Contrato - Concorrência;DADO FICTICIO PARA TESTE DE CONTRATUALIZACAO;Não;Serviços - Contrato <=1M;30;18;12. Concluída;Área Teste;Registro sintético para testar conexão, divergência e ambiguidade.;11/01/2026;2;13/01/2026;2;15/01/2026;2;17/01/2026;2;19/01/2026;2;21/01/2026;2;23/01/2026;2;25/01/2026;1;26/01/2026;1;27/01/2026;2;29/01/2026;Sim;Sim;5%;0%;R$ 38.338,12;R$ 36.512,50;CW90430;4504000430;FORNECEDOR FICTICIO 10 LTDA;590010;12 meses;IPCA;NL8430;;;29/01/2026;04/02/2026;5;0,2;10;0,02;1;0,1;11/01/2026;DENTRO;12;CONCLUÍDO;;;
13000431110;13000431;110;Material;Contrato;180431;OLEO LUBRIFICANTE TESTE;R$ 36.596,25;S15;COMPRADOR FICTICIO 11;Compras Ágeis;Compras Ágeis;CTRD;Operação Sul;12/01/2026;Concluída;USUARIO.FICTICIO;S15 - MSA - Manut. Loco;COMPRADOR FICTICIO 11;WS9100000431;Contrato - Concorrência;DADO FICTICIO PARA TESTE DE CONTRATUALIZACAO;Não;Materiais - Contrato <=1M;30;18;12. Concluída;Área Teste;Registro sintético para testar conexão, divergência e ambiguidade.;12/01/2026;2;14/01/2026;2;16/01/2026;2;18/01/2026;2;20/01/2026;2;22/01/2026;2;24/01/2026;2;26/01/2026;1;27/01/2026;1;28/01/2026;2;30/01/2026;Sim;Sim;5%;0%;R$ 38.426,06;R$ 36.596,25;CW90431;4504000431;FORNECEDOR FICTICIO 11 LTDA;590011;12 meses;IPCA;NL8431;;;30/01/2026;05/02/2026;5;0,2;10;0,02;1;0,1;12/01/2026;DENTRO;12;CONCLUÍDO;;;
13000431120;13000431;120;Material;Spot;180432;EPI DE SEGURANCA TESTE;R$ 36.680,00;A21;COMPRADOR FICTICIO 12;Compras Ágeis;Compras Ágeis;CLNC;Operação Central;13/01/2026;Concluída;USUARIO.FICTICIO;G12 - Mat. Terminais;COMPRADOR FICTICIO 12;WS9100000432;Spot - Concorrência;DADO FICTICIO PARA TESTE DE CONTRATUALIZACAO;Não;Materiais - Spot <=1M;30;18;12. Concluída;Área Teste;Registro sintético para testar conexão, divergência e ambiguidade.;13/01/2026;2;15/01/2026;2;17/01/2026;2;19/01/2026;2;21/01/2026;2;23/01/2026;2;25/01/2026;2;27/01/2026;1;28/01/2026;1;29/01/2026;2;31/01/2026;Não;Sim;5%;0%;R$ 38.514,00;R$ 36.680,00;CW90432;4504000432;FORNECEDOR FICTICIO 12 LTDA;590012;N/A;N/A;NL8432;;;31/01/2026;06/02/2026;5;0,2;10;0,02;1;0,1;13/01/2026;DENTRO;12;CONCLUÍDO;;;
1300043310;13000433;10;Material;Contrato;180433;PARAFUSO INDUSTRIAL TESTE;R$ 36.763,75;A23;COMPRADOR FICTICIO 13;Compras Ágeis;Compras Ágeis;CT16;Operação Norte;14/01/2026;Concluída;USUARIO.FICTICIO;G08 - Ferramentas Gerais;COMPRADOR FICTICIO 13;WS9100000433;Contrato - Concorrência;DADO FICTICIO PARA TESTE DE CONTRATUALIZACAO;Não;Materiais - Contrato <=1M;30;18;12. Concluída;Área Teste;Registro sintético para testar conexão, divergência e ambiguidade.;14/01/2026;2;16/01/2026;2;18/01/2026;2;20/01/2026;2;22/01/2026;2;24/01/2026;2;26/01/2026;2;28/01/2026;1;29/01/2026;1;30/01/2026;2;01/02/2026;Sim;Sim;5%;0%;R$ 38.601,94;R$ 36.763,75;CW90433;4504000433;FORNECEDOR FICTICIO 13 LTDA;590013;12 meses;IPCA;NL8433;;;01/02/2026;07/02/2026;5;0,2;10;0,02;1;0,1;14/01/2026;DENTRO;12;CONCLUÍDO;;;
1300043420;13000434;20;Serviço;Contrato;;SERVICO DE MANUTENCAO TESTE;R$ 36.847,50;G11;COMPRADOR FICTICIO 14;Compras Ágeis;Compras Ágeis;CTRV;Operação Sul;15/01/2026;Concluída;USUARIO.FICTICIO;G11 - Lub., Óleo e afins;COMPRADOR FICTICIO 14;WS9100000434;Contrato - Concorrência;DADO FICTICIO PARA TESTE DE CONTRATUALIZACAO;Não;Serviços - Contrato <=1M;30;18;12. Concluída;Área Teste;Registro sintético para testar conexão, divergência e ambiguidade.;15/01/2026;2;17/01/2026;2;19/01/2026;2;21/01/2026;2;23/01/2026;2;25/01/2026;2;27/01/2026;2;29/01/2026;1;30/01/2026;1;31/01/2026;2;02/02/2026;Sim;Sim;5%;0%;R$ 38.689,88;R$ 36.847,50;CW90434;4504000434;FORNECEDOR FICTICIO 14 LTDA;590014;12 meses;IPCA;NL8434;;;02/02/2026;08/02/2026;5;0,2;10;0,02;1;0,1;15/01/2026;DENTRO;12;CONCLUÍDO;;;
1300043530;13000435;30;Material;Spot;180435;FERRAMENTA MANUAL TESTE;R$ 36.931,25;G12;COMPRADOR FICTICIO 15;Compras Ágeis;Compras Ágeis;CZAR;Operação Central;16/01/2026;Concluída;USUARIO.FICTICIO;G12 - Mat. Terminais;COMPRADOR FICTICIO 15;WS9100000435;Spot - Concorrência;DADO FICTICIO PARA TESTE DE CONTRATUALIZACAO;Não;Materiais - Spot <=1M;30;18;12. Concluída;Área Teste;Registro sintético para testar conexão, divergência e ambiguidade.;16/01/2026;2;18/01/2026;2;20/01/2026;2;22/01/2026;2;24/01/2026;2;26/01/2026;2;28/01/2026;2;30/01/2026;1;31/01/2026;1;01/02/2026;2;03/02/2026;Não;Sim;5%;0%;R$ 38.777,81;R$ 36.931,25;CW90435;4504000435;FORNECEDOR FICTICIO 15 LTDA;590015;N/A;N/A;NL8435;;;03/02/2026;09/02/2026;5;0,2;10;0,02;1;0,1;16/01/2026;DENTRO;12;CONCLUÍDO;;;
1300043640;13000436;40;Serviço;Contrato;;SERVICO DE CONSULTORIA TESTE;R$ 37.015,00;N/D;COMPRADOR FICTICIO 16;Compras Ágeis;Compras Ágeis;CZXR;Operação Norte;17/01/2026;Concluída;USUARIO.FICTICIO;G29 - EPIs;COMPRADOR FICTICIO 16;WS9100000436;Contrato - Concorrência;DADO FICTICIO PARA TESTE DE CONTRATUALIZACAO;Não;Serviços - Contrato <=1M;30;18;12. Concluída;Área Teste;Registro sintético para testar conexão, divergência e ambiguidade.;17/01/2026;2;19/01/2026;2;21/01/2026;2;23/01/2026;2;25/01/2026;2;27/01/2026;2;29/01/2026;2;31/01/2026;1;01/02/2026;1;02/02/2026;2;04/02/2026;Sim;Sim;5%;0%;R$ 38.865,75;R$ 37.015,00;CW90436;4504000436;FORNECEDOR FICTICIO 16 LTDA;590016;12 meses;IPCA;NL8436;;;04/02/2026;10/02/2026;5;0,2;10;0,02;1;0,1;17/01/2026;DENTRO;12;CONCLUÍDO;;;
1300043750;13000437;50;Material;Contrato;180437;OLEO LUBRIFICANTE TESTE;R$ 37.098,75;G32;COMPRADOR FICTICIO 17;Compras Ágeis;Compras Ágeis;CZFB;Operação Sul;18/01/2026;Concluída;USUARIO.FICTICIO;S15 - MSA - Manut. Loco;COMPRADOR FICTICIO 17;WS9100000437;Contrato - Concorrência;DADO FICTICIO PARA TESTE DE CONTRATUALIZACAO;Não;Materiais - Contrato <=1M;30;18;12. Concluída;Área Teste;Registro sintético para testar conexão, divergência e ambiguidade.;18/01/2026;2;20/01/2026;2;22/01/2026;2;24/01/2026;2;26/01/2026;2;28/01/2026;2;30/01/2026;2;01/02/2026;1;02/02/2026;1;03/02/2026;2;05/02/2026;Sim;Sim;5%;0%;R$ 38.953,69;R$ 37.098,75;CW90437;4504000437;FORNECEDOR FICTICIO 17 LTDA;590017;12 meses;IPCA;NL8437;;;05/02/2026;11/02/2026;5;0,2;10;0,02;1;0,1;18/01/2026;DENTRO;12;CONCLUÍDO;;;
1300043860;13000438;60;Material;Spot;180438;EPI DE SEGURANCA TESTE;R$ 37.182,50;A62;COMPRADOR FICTICIO 18;Compras Ágeis;Compras Ágeis;CTRD;Operação Central;19/01/2026;Concluída;USUARIO.FICTICIO;G33 - Serv. de Oficinas;COMPRADOR FICTICIO 18;WS9100000438;Spot - Concorrência;DADO FICTICIO PARA TESTE DE CONTRATUALIZACAO;Não;Materiais - Spot <=1M;30;18;12. Concluída;Área Teste;Registro sintético para testar conexão, divergência e ambiguidade.;19/01/2026;2;21/01/2026;2;23/01/2026;2;25/01/2026;2;27/01/2026;2;29/01/2026;2;31/01/2026;2;02/02/2026;1;03/02/2026;1;04/02/2026;2;06/02/2026;Não;Sim;5%;0%;R$ 39.041,62;R$ 37.182,50;CW90438;4504000438;FORNECEDOR FICTICIO 18 LTDA;590018;N/A;N/A;NL8438;;;06/02/2026;12/02/2026;5;0,2;10;0,02;1;0,1;19/01/2026;DENTRO;12;CONCLUÍDO;;;
1300043870;13000438;70;Material;Contrato;180439;PARAFUSO INDUSTRIAL TESTE;R$ 37.266,25;A64;COMPRADOR FICTICIO 19;Compras Ágeis;Compras Ágeis;CLNC;Operação Norte;20/01/2026;Concluída;USUARIO.FICTICIO;G08 - Ferramentas Gerais;COMPRADOR FICTICIO 19;WS9100000439;Contrato - Concorrência;DADO FICTICIO PARA TESTE DE CONTRATUALIZACAO;Não;Materiais - Contrato <=1M;30;18;12. Concluída;Área Teste;Registro sintético para testar conexão, divergência e ambiguidade.;20/01/2026;2;22/01/2026;2;24/01/2026;2;26/01/2026;2;28/01/2026;2;30/01/2026;2;01/02/2026;2;03/02/2026;1;04/02/2026;1;05/02/2026;2;07/02/2026;Sim;Sim;5%;0%;R$ 39.129,56;R$ 37.266,25;CW90439;4504000439;FORNECEDOR FICTICIO 19 LTDA;590019;12 meses;IPCA;NL8439;;;07/02/2026;13/02/2026;5;0,2;10;0,02;1;0,1;20/01/2026;DENTRO;12;CONCLUÍDO;;;
1300044080;13000440;80;Serviço;Spot;;SERVICO DE MANUTENCAO TESTE;R$ 37.350,00;S15;COMPRADOR FICTICIO 20;Compras Ágeis;Compras Ágeis;CT16;Operação Sul;21/01/2026;Concluída;USUARIO.FICTICIO;S15 - MSA - Manut. Loco;COMPRADOR FICTICIO 20;WS9100000440;Spot - Concorrência;DADO FICTICIO PARA TESTE DE CONTRATUALIZACAO;Não;Serviços - Spot <=1M;30;18;12. Concluída;Área Teste;Registro sintético para testar conexão, divergência e ambiguidade.;21/01/2026;2;23/01/2026;2;25/01/2026;2;27/01/2026;2;29/01/2026;2;31/01/2026;2;02/02/2026;2;04/02/2026;1;05/02/2026;1;06/02/2026;2;08/02/2026;Não;Sim;5%;0%;R$ 39.217,50;R$ 37.350,00;CW90440;4504000440;FORNECEDOR FICTICIO 20 LTDA;590020;N/A;N/A;NL8440;;;08/02/2026;14/02/2026;5;0,2;10;0,02;1;0,1;21/01/2026;DENTRO;12;CONCLUÍDO;;;
1300044190;13000441;90;Material;Spot;180441;FERRAMENTA MANUAL TESTE;R$ 37.433,75;R01;COMPRADOR FICTICIO 01;Compras Ágeis;Compras Ágeis;CTRV;Operação Central;22/01/2026;Concluída;USUARIO.FICTICIO;R01 - Projetos Especiais;COMPRADOR FICTICIO 01;WS9100000441;Spot - Concorrência;DADO FICTICIO PARA TESTE DE CONTRATUALIZACAO;Não;Materiais - Spot <=1M;30;18;12. Concluída;Área Teste;Registro sintético para testar conexão, divergência e ambiguidade.;22/01/2026;2;24/01/2026;2;26/01/2026;2;28/01/2026;2;30/01/2026;2;01/02/2026;2;03/02/2026;2;05/02/2026;1;06/02/2026;1;07/02/2026;2;09/02/2026;Não;Sim;5%;0%;R$ 39.305,44;R$ 37.433,75;CW90441;4504000441;FORNECEDOR FICTICIO 01 LTDA;590001;N/A;N/A;NL8441;;;09/02/2026;15/02/2026;5;0,2;10;0,02;1;0,1;22/01/2026;DENTRO;12;CONCLUÍDO;;;
13000442100;13000442;100;Serviço;Contrato;;SERVICO DE CONSULTORIA TESTE;R$ 37.517,50;G08;COMPRADOR FICTICIO 02;Compras Ágeis;Compras Ágeis;CZAR;Operação Norte;23/01/2026;Concluída;USUARIO.FICTICIO;G08 - Ferramentas Gerais;COMPRADOR FICTICIO 02;WS9100000442;Contrato - Concorrência;DADO FICTICIO PARA TESTE DE CONTRATUALIZACAO;Não;Serviços - Contrato <=1M;30;18;12. Concluída;Área Teste;Registro sintético para testar conexão, divergência e ambiguidade.;23/01/2026;2;25/01/2026;2;27/01/2026;2;29/01/2026;2;31/01/2026;2;02/02/2026;2;04/02/2026;2;06/02/2026;1;07/02/2026;1;08/02/2026;2;10/02/2026;Sim;Sim;5%;0%;R$ 39.393,38;R$ 37.517,50;CW90442;4504000442;FORNECEDOR FICTICIO 02 LTDA;590002;12 meses;IPCA;NL8442;;;10/02/2026;16/02/2026;5;0,2;10;0,02;1;0,1;23/01/2026;DENTRO;12;CONCLUÍDO;;;
13000443110;13000443;110;Material;Contrato;180443;OLEO LUBRIFICANTE TESTE;R$ 37.601,25;G11;COMPRADOR FICTICIO 03;Compras Ágeis;Compras Ágeis;CZXR;Operação Sul;24/01/2026;Concluída;USUARIO.FICTICIO;G11 - Lub., Óleo e afins;COMPRADOR FICTICIO 03;WS9100000443;Contrato - Concorrência;DADO FICTICIO PARA TESTE DE CONTRATUALIZACAO;Não;Materiais - Contrato <=1M;30;18;12. Concluída;Área Teste;Registro sintético para testar conexão, divergência e ambiguidade.;24/01/2026;2;26/01/2026;2;28/01/2026;2;30/01/2026;2;01/02/2026;2;03/02/2026;2;05/02/2026;2;07/02/2026;1;08/02/2026;1;09/02/2026;2;11/02/2026;Sim;Sim;5%;0%;R$ 39.481,31;R$ 37.601,25;CW90443;4504000443;FORNECEDOR FICTICIO 03 LTDA;590003;12 meses;IPCA;NL8443;;;11/02/2026;17/02/2026;5;0,2;10;0,02;1;0,1;24/01/2026;DENTRO;12;CONCLUÍDO;;;
13000444120;13000444;120;Material;Spot;180444;EPI DE SEGURANCA TESTE;R$ 37.685,00;G12;COMPRADOR FICTICIO 04;Compras Ágeis;Compras Ágeis;CZFB;Operação Central;25/01/2026;Concluída;USUARIO.FICTICIO;G33 - Serv. de Oficinas;COMPRADOR FICTICIO 04;WS9100000444;Spot - Concorrência;DADO FICTICIO PARA TESTE DE CONTRATUALIZACAO;Não;Materiais - Spot <=1M;30;18;12. Concluída;Área Teste;Registro sintético para testar conexão, divergência e ambiguidade.;25/01/2026;2;27/01/2026;2;29/01/2026;2;31/01/2026;2;02/02/2026;2;04/02/2026;2;06/02/2026;2;08/02/2026;1;09/02/2026;1;10/02/2026;2;12/02/2026;Não;Sim;5%;0%;R$ 39.569,25;R$ 37.685,00;CW90444;4504000444;FORNECEDOR FICTICIO 04 LTDA;590004;N/A;N/A;NL8444;;;12/02/2026;18/02/2026;5;0,2;10;0,02;1;0,1;25/01/2026;DENTRO;12;CONCLUÍDO;;;
1300044510;13000445;10;Material;Contrato;180445;PARAFUSO INDUSTRIAL TESTE;R$ 37.768,75;G29;COMPRADOR FICTICIO 05;Compras Ágeis;Compras Ágeis;CTRD;Operação Norte;26/01/2026;Concluída;USUARIO.FICTICIO;G29 - EPIs;COMPRADOR FICTICIO 05;WS9100000445;Contrato - Concorrência;DADO FICTICIO PARA TESTE DE CONTRATUALIZACAO;Não;Materiais - Contrato <=1M;30;18;12. Concluída;Área Teste;Registro sintético para testar conexão, divergência e ambiguidade.;26/01/2026;2;28/01/2026;2;30/01/2026;2;01/02/2026;2;03/02/2026;2;05/02/2026;2;07/02/2026;2;09/02/2026;1;10/02/2026;1;11/02/2026;2;13/02/2026;Sim;Sim;5%;0%;R$ 39.657,19;R$ 37.768,75;CW90445;4504000445;FORNECEDOR FICTICIO 05 LTDA;590005;12 meses;IPCA;NL8445;;;13/02/2026;19/02/2026;5;0,2;10;0,02;1;0,1;26/01/2026;DENTRO;12;CONCLUÍDO;;;
1300044620;13000446;20;Serviço;Contrato;;SERVICO DE MANUTENCAO TESTE;R$ 37.852,50;G32;COMPRADOR FICTICIO 06;Compras Ágeis;Compras Ágeis;CLNC;Operação Sul;27/01/2026;Concluída;USUARIO.FICTICIO;S15 - MSA - Manut. Loco;COMPRADOR FICTICIO 06;WS9100000446;Contrato - Concorrência;DADO FICTICIO PARA TESTE DE CONTRATUALIZACAO;Não;Serviços - Contrato <=1M;30;18;12. Concluída;Área Teste;Registro sintético para testar conexão, divergência e ambiguidade.;27/01/2026;2;29/01/2026;2;31/01/2026;2;02/02/2026;2;04/02/2026;2;06/02/2026;2;08/02/2026;2;10/02/2026;1;11/02/2026;1;12/02/2026;2;14/02/2026;Sim;Sim;5%;0%;R$ 39.745,12;R$ 37.852,50;CW90446;4504000446;FORNECEDOR FICTICIO 06 LTDA;590006;12 meses;IPCA;NL8446;;;14/02/2026;20/02/2026;5;0,2;10;0,02;1;0,1;27/01/2026;DENTRO;12;CONCLUÍDO;;;
1300044730;13000447;30;Material;Spot;180447;FERRAMENTA MANUAL TESTE;R$ 37.936,25;G33;COMPRADOR FICTICIO 07;Compras Ágeis;Compras Ágeis;CT16;Operação Central;28/01/2026;Concluída;USUARIO.FICTICIO;G33 - Serv. de Oficinas;COMPRADOR FICTICIO 07;WS9100000447;Spot - Concorrência;DADO FICTICIO PARA TESTE DE CONTRATUALIZACAO;Não;Materiais - Spot <=1M;30;18;12. Concluída;Área Teste;Registro sintético para testar conexão, divergência e ambiguidade.;28/01/2026;2;30/01/2026;2;01/02/2026;2;03/02/2026;2;05/02/2026;2;07/02/2026;2;09/02/2026;2;11/02/2026;1;12/02/2026;1;13/02/2026;2;15/02/2026;Não;Sim;5%;0%;R$ 39.833,06;R$ 37.936,25;CW90447;4504000447;FORNECEDOR FICTICIO 07 LTDA;590007;N/A;N/A;NL8447;;;15/02/2026;21/02/2026;5;0,2;10;0,02;1;0,1;28/01/2026;DENTRO;12;CONCLUÍDO;;;
1300044840;13000448;40;Serviço;Contrato;;SERVICO DE CONSULTORIA TESTE;R$ 38.020,00;A53;COMPRADOR FICTICIO 08;Compras Ágeis;Compras Ágeis;CTRV;Operação Norte;29/01/2026;Concluída;USUARIO.FICTICIO;G41 - Mat. Administrativo;COMPRADOR FICTICIO 08;WS9100000448;Contrato - Concorrência;DADO FICTICIO PARA TESTE DE CONTRATUALIZACAO;Não;Serviços - Contrato <=1M;30;18;12. Concluída;Área Teste;Registro sintético para testar conexão, divergência e ambiguidade.;29/01/2026;2;31/01/2026;2;02/02/2026;2;04/02/2026;2;06/02/2026;2;08/02/2026;2;10/02/2026;2;12/02/2026;1;13/02/2026;1;14/02/2026;2;16/02/2026;Sim;Sim;5%;0%;R$ 39.921,00;R$ 38.020,00;CW90448;4504000448;FORNECEDOR FICTICIO 08 LTDA;590008;12 meses;IPCA;NL8448;;;16/02/2026;22/02/2026;5;0,2;10;0,02;1;0,1;29/01/2026;DENTRO;12;CONCLUÍDO;;;
1300044950;13000449;50;Material;Contrato;180449;OLEO LUBRIFICANTE TESTE;R$ 38.103,75;S15;COMPRADOR FICTICIO 09;Compras Ágeis;Compras Ágeis;CZAR;Operação Sul;30/01/2026;Concluída;USUARIO.FICTICIO;S15 - MSA - Manut. Loco;COMPRADOR FICTICIO 09;WS9100000449;Contrato - Concorrência;DADO FICTICIO PARA TESTE DE CONTRATUALIZACAO;Não;Materiais - Contrato <=1M;30;18;12. Concluída;Área Teste;Registro sintético para testar conexão, divergência e ambiguidade.;30/01/2026;2;01/02/2026;2;03/02/2026;2;05/02/2026;2;07/02/2026;2;09/02/2026;2;11/02/2026;2;13/02/2026;1;14/02/2026;1;15/02/2026;2;17/02/2026;Sim;Sim;5%;0%;R$ 40.008,94;R$ 38.103,75;CW90449;4504000449;FORNECEDOR FICTICIO 09 LTDA;590009;12 meses;IPCA;NL8449;;;17/02/2026;23/02/2026;5;0,2;10;0,02;1;0,1;30/01/2026;DENTRO;12;CONCLUÍDO;;;
1300045060;13000450;60;Material;Spot;180450;EPI DE SEGURANCA TESTE;R$ 38.187,50;R01;COMPRADOR FICTICIO 10;Compras Ágeis;Compras Ágeis;CZXR;Operação Central;31/01/2026;Concluída;USUARIO.FICTICIO;R01 - Projetos Especiais;COMPRADOR FICTICIO 10;WS9100000450;Spot - Concorrência;DADO FICTICIO PARA TESTE DE CONTRATUALIZACAO;Não;Materiais - Spot <=1M;30;18;12. Concluída;Área Teste;Registro sintético para testar conexão, divergência e ambiguidade.;31/01/2026;2;02/02/2026;2;04/02/2026;2;06/02/2026;2;08/02/2026;2;10/02/2026;2;12/02/2026;2;14/02/2026;1;15/02/2026;1;16/02/2026;2;18/02/2026;Não;Sim;5%;0%;R$ 40.096,88;R$ 38.187,50;CW90450;4504000450;FORNECEDOR FICTICIO 10 LTDA;590010;N/A;N/A;NL8450;;;18/02/2026;24/02/2026;5;0,2;10;0,02;1;0,1;31/01/2026;DENTRO;12;CONCLUÍDO;;;
1300045170;13000451;70;Material;Contrato;180451;PARAFUSO INDUSTRIAL TESTE;R$ 38.271,25;G08;COMPRADOR FICTICIO 11;Compras Ágeis;Compras Ágeis;CZFB;Operação Norte;01/02/2026;Concluída;USUARIO.FICTICIO;G29 - EPIs;COMPRADOR FICTICIO 11;WS9100000451;Contrato - Concorrência;DADO FICTICIO PARA TESTE DE CONTRATUALIZACAO;Não;Materiais - Contrato <=1M;30;18;12. Concluída;Área Teste;Registro sintético para testar conexão, divergência e ambiguidade.;01/02/2026;2;03/02/2026;2;05/02/2026;2;07/02/2026;2;09/02/2026;2;11/02/2026;2;13/02/2026;2;15/02/2026;1;16/02/2026;1;17/02/2026;2;19/02/2026;Sim;Sim;5%;0%;R$ 40.184,81;R$ 38.271,25;CW90451;4504000451;FORNECEDOR FICTICIO 11 LTDA;590011;12 meses;IPCA;NL8451;;;19/02/2026;25/02/2026;5;0,2;10;0,02;1;0,1;01/02/2026;DENTRO;12;CONCLUÍDO;;;
1300045280;13000452;80;Serviço;Contrato;;SERVICO DE MANUTENCAO TESTE;R$ 38.355,00;A16;COMPRADOR FICTICIO 12;Compras Ágeis;Compras Ágeis;CTRD;Operação Sul;02/02/2026;Concluída;USUARIO.FICTICIO;G11 - Lub., Óleo e afins;COMPRADOR FICTICIO 12;WS9100000452;Contrato - Concorrência;DADO FICTICIO PARA TESTE DE CONTRATUALIZACAO;Não;Serviços - Contrato <=1M;30;18;12. Concluída;Área Teste;Registro sintético para testar conexão, divergência e ambiguidade.;02/02/2026;2;04/02/2026;2;06/02/2026;2;08/02/2026;2;10/02/2026;2;12/02/2026;2;14/02/2026;2;16/02/2026;1;17/02/2026;1;18/02/2026;2;20/02/2026;Sim;Sim;5%;0%;R$ 40.272,75;R$ 38.355,00;CW90452;4504000452;FORNECEDOR FICTICIO 12 LTDA;590012;12 meses;IPCA;NL8452;;;20/02/2026;26/02/2026;5;0,2;10;0,02;1;0,1;02/02/2026;DENTRO;12;CONCLUÍDO;;;
1300045390;13000453;90;Material;Spot;180453;FERRAMENTA MANUAL TESTE;R$ 38.438,75;G12;COMPRADOR FICTICIO 13;Compras Ágeis;Compras Ágeis;CLNC;Operação Central;03/02/2026;Concluída;USUARIO.FICTICIO;G33 - Serv. de Oficinas;COMPRADOR FICTICIO 13;WS9100000453;Spot - Concorrência;DADO FICTICIO PARA TESTE DE CONTRATUALIZACAO;Não;Materiais - Spot <=1M;30;18;12. Concluída;Área Teste;Registro sintético para testar conexão, divergência e ambiguidade.;03/02/2026;2;05/02/2026;2;07/02/2026;2;09/02/2026;2;11/02/2026;2;13/02/2026;2;15/02/2026;2;17/02/2026;1;18/02/2026;1;19/02/2026;2;21/02/2026;Não;Sim;5%;0%;R$ 40.360,69;R$ 38.438,75;CW90453;4504000453;FORNECEDOR FICTICIO 13 LTDA;590013;N/A;N/A;NL8453;;;21/02/2026;27/02/2026;5;0,2;10;0,02;1;0,1;03/02/2026;DENTRO;12;CONCLUÍDO;;;
13000454100;13000454;100;Serviço;Contrato;;SERVICO DE CONSULTORIA TESTE;R$ 38.522,50;A21;COMPRADOR FICTICIO 14;Compras Ágeis;Compras Ágeis;CT16;Operação Norte;04/02/2026;Concluída;USUARIO.FICTICIO;G29 - EPIs;COMPRADOR FICTICIO 14;WS9100000454;Contrato - Concorrência;DADO FICTICIO PARA TESTE DE CONTRATUALIZACAO;Não;Serviços - Contrato <=1M;30;18;12. Concluída;Área Teste;Registro sintético para testar conexão, divergência e ambiguidade.;04/02/2026;2;06/02/2026;2;08/02/2026;2;10/02/2026;2;12/02/2026;2;14/02/2026;2;16/02/2026;2;18/02/2026;1;19/02/2026;1;20/02/2026;2;22/02/2026;Sim;Sim;5%;0%;R$ 40.448,62;R$ 38.522,50;CW90454;4504000454;FORNECEDOR FICTICIO 14 LTDA;590014;12 meses;IPCA;NL8454;;;22/02/2026;28/02/2026;5;0,2;10;0,02;1;0,1;04/02/2026;DENTRO;12;CONCLUÍDO;;;
13000455110;13000455;110;Material;Contrato;180455;OLEO LUBRIFICANTE TESTE;R$ 38.606,25;A23;COMPRADOR FICTICIO 15;Compras Ágeis;Compras Ágeis;CTRV;Operação Sul;05/02/2026;Concluída;USUARIO.FICTICIO;G32 - Mão de Obra;COMPRADOR FICTICIO 15;WS9100000455;Contrato - Concorrência;DADO FICTICIO PARA TESTE DE CONTRATUALIZACAO;Não;Materiais - Contrato <=1M;30;18;12. Concluída;Área Teste;Registro sintético para testar conexão, divergência e ambiguidade.;05/02/2026;2;07/02/2026;2;09/02/2026;2;11/02/2026;2;13/02/2026;2;15/02/2026;2;17/02/2026;2;19/02/2026;1;20/02/2026;1;21/02/2026;2;23/02/2026;Sim;Sim;5%;0%;R$ 40.536,56;R$ 38.606,25;CW90455;4504000455;FORNECEDOR FICTICIO 15 LTDA;590015;12 meses;IPCA;NL8455;;;23/02/2026;01/03/2026;5;0,2;10;0,02;1;0,1;05/02/2026;DENTRO;12;CONCLUÍDO;;;
13000456120;13000456;120;Material;Spot;180456;EPI DE SEGURANCA TESTE;R$ 38.690,00;A33;COMPRADOR FICTICIO 16;Compras Ágeis;Compras Ágeis;CZAR;Operação Central;06/02/2026;Concluída;USUARIO.FICTICIO;G33 - Serv. de Oficinas;COMPRADOR FICTICIO 16;WS9100000456;Spot - Concorrência;DADO FICTICIO PARA TESTE DE CONTRATUALIZACAO;Não;Materiais - Spot <=1M;30;18;12. Concluída;Área Teste;Registro sintético para testar conexão, divergência e ambiguidade.;06/02/2026;2;08/02/2026;2;10/02/2026;2;12/02/2026;2;14/02/2026;2;16/02/2026;2;18/02/2026;2;20/02/2026;1;21/02/2026;1;22/02/2026;2;24/02/2026;Não;Sim;5%;0%;R$ 40.624,50;R$ 38.690,00;CW90456;4504000456;FORNECEDOR FICTICIO 16 LTDA;590016;N/A;N/A;NL8456;;;24/02/2026;02/03/2026;5;0,2;10;0,02;1;0,1;06/02/2026;DENTRO;12;CONCLUÍDO;;;
1300045710;13000457;10;Material;Contrato;180457;PARAFUSO INDUSTRIAL TESTE;R$ 38.773,75;G41;COMPRADOR FICTICIO 17;Compras Ágeis;Compras Ágeis;CZXR;Operação Norte;07/02/2026;Concluída;USUARIO.FICTICIO;G41 - Mat. Administrativo;COMPRADOR FICTICIO 17;WS9100000457;Contrato - Concorrência;DADO FICTICIO PARA TESTE DE CONTRATUALIZACAO;Não;Materiais - Contrato <=1M;30;18;12. Concluída;Área Teste;Registro sintético para testar conexão, divergência e ambiguidade.;07/02/2026;2;09/02/2026;2;11/02/2026;2;13/02/2026;2;15/02/2026;2;17/02/2026;2;19/02/2026;2;21/02/2026;1;22/02/2026;1;23/02/2026;2;25/02/2026;Sim;Sim;5%;0%;R$ 40.712,44;R$ 38.773,75;CW90457;4504000457;FORNECEDOR FICTICIO 17 LTDA;590017;12 meses;IPCA;NL8457;;;25/02/2026;03/03/2026;5;0,2;10;0,02;1;0,1;07/02/2026;DENTRO;12;CONCLUÍDO;;;
1300045820;13000458;20;Serviço;Contrato;;SERVICO DE MANUTENCAO TESTE;R$ 38.857,50;S15;COMPRADOR FICTICIO 18;Compras Ágeis;Compras Ágeis;CZFB;Operação Sul;08/02/2026;Concluída;USUARIO.FICTICIO;S15 - MSA - Manut. Loco;COMPRADOR FICTICIO 18;WS9100000458;Contrato - Concorrência;DADO FICTICIO PARA TESTE DE CONTRATUALIZACAO;Não;Serviços - Contrato <=1M;30;18;12. Concluída;Área Teste;Registro sintético para testar conexão, divergência e ambiguidade.;08/02/2026;2;10/02/2026;2;12/02/2026;2;14/02/2026;2;16/02/2026;2;18/02/2026;2;20/02/2026;2;22/02/2026;1;23/02/2026;1;24/02/2026;2;26/02/2026;Sim;Sim;5%;0%;R$ 40.800,38;R$ 38.857,50;CW90458;4504000458;FORNECEDOR FICTICIO 18 LTDA;590018;12 meses;IPCA;NL8458;;;26/02/2026;04/03/2026;5;0,2;10;0,02;1;0,1;08/02/2026;DENTRO;12;CONCLUÍDO;;;
1300045930;13000459;30;Material;Spot;180459;FERRAMENTA MANUAL TESTE;R$ 38.941,25;R01;COMPRADOR FICTICIO 19;Compras Ágeis;Compras Ágeis;CTRD;Operação Central;09/02/2026;Concluída;USUARIO.FICTICIO;R01 - Projetos Especiais;COMPRADOR FICTICIO 19;WS9100000459;Spot - Concorrência;DADO FICTICIO PARA TESTE DE CONTRATUALIZACAO;Não;Materiais - Spot <=1M;30;18;12. Concluída;Área Teste;Registro sintético para testar conexão, divergência e ambiguidade.;09/02/2026;2;11/02/2026;2;13/02/2026;2;15/02/2026;2;17/02/2026;2;19/02/2026;2;21/02/2026;2;23/02/2026;1;24/02/2026;1;25/02/2026;2;27/02/2026;Não;Sim;5%;0%;R$ 40.888,31;R$ 38.941,25;CW90459;4504000459;FORNECEDOR FICTICIO 19 LTDA;590019;N/A;N/A;NL8459;;;27/02/2026;05/03/2026;5;0,2;10;0,02;1;0,1;09/02/2026;DENTRO;12;CONCLUÍDO;;;
1300046040;13000460;40;Serviço;Contrato;;SERVICO DE CONSULTORIA TESTE;R$ 39.025,00;G08;COMPRADOR FICTICIO 20;Compras Ágeis;Compras Ágeis;CLNC;Operação Norte;10/02/2026;Concluída;USUARIO.FICTICIO;G08 - Ferramentas Gerais;COMPRADOR FICTICIO 20;WS9100000460;Contrato - Concorrência;DADO FICTICIO PARA TESTE DE CONTRATUALIZACAO;Não;Serviços - Contrato <=1M;30;18;12. Concluída;Área Teste;Registro sintético para testar conexão, divergência e ambiguidade.;10/02/2026;2;12/02/2026;2;14/02/2026;2;16/02/2026;2;18/02/2026;2;20/02/2026;2;22/02/2026;2;24/02/2026;1;25/02/2026;1;26/02/2026;2;28/02/2026;Sim;Sim;5%;0%;R$ 40.976,25;R$ 39.025,00;CW90460;4504000460;FORNECEDOR FICTICIO 20 LTDA;590020;12 meses;IPCA;NL8460;;;28/02/2026;06/03/2026;5;0,2;10;0,02;1;0,1;10/02/2026;DENTRO;12;CONCLUÍDO;;;
1300046150;13000461;50;Material;Contrato;180461;OLEO LUBRIFICANTE TESTE;R$ 39.108,75;G11;COMPRADOR FICTICIO 01;Compras Ágeis;Compras Ágeis;CT16;Operação Sul;11/02/2026;Concluída;USUARIO.FICTICIO;G11 - Lub., Óleo e afins;COMPRADOR FICTICIO 01;WS9100000461;Contrato - Concorrência;DADO FICTICIO PARA TESTE DE CONTRATUALIZACAO;Não;Materiais - Contrato <=1M;30;18;12. Concluída;Área Teste;Registro sintético para testar conexão, divergência e ambiguidade.;11/02/2026;2;13/02/2026;2;15/02/2026;2;17/02/2026;2;19/02/2026;2;21/02/2026;2;23/02/2026;2;25/02/2026;1;26/02/2026;1;27/02/2026;2;01/03/2026;Sim;Sim;5%;0%;R$ 41.064,19;R$ 39.108,75;CW90461;4504000461;FORNECEDOR FICTICIO 01 LTDA;590001;12 meses;IPCA;NL8461;;;01/03/2026;07/03/2026;5;0,2;10;0,02;1;0,1;11/02/2026;DENTRO;12;CONCLUÍDO;;;
1300046260;13000462;60;Material;Spot;180462;EPI DE SEGURANCA TESTE;R$ 39.192,50;G12;COMPRADOR FICTICIO 02;Compras Ágeis;Compras Ágeis;CTRV;Operação Central;12/02/2026;Concluída;USUARIO.FICTICIO;G12 - Mat. Terminais;COMPRADOR FICTICIO 02;WS9100000462;Spot - Concorrência;DADO FICTICIO PARA TESTE DE CONTRATUALIZACAO;Não;Materiais - Spot <=1M;30;18;12. Concluída;Área Teste;Registro sintético para testar conexão, divergência e ambiguidade.;12/02/2026;2;14/02/2026;2;16/02/2026;2;18/02/2026;2;20/02/2026;2;22/02/2026;2;24/02/2026;2;26/02/2026;1;27/02/2026;1;28/02/2026;2;02/03/2026;Não;Sim;5%;0%;R$ 41.152,12;R$ 39.192,50;CW90462;4504000462;FORNECEDOR FICTICIO 02 LTDA;590002;N/A;N/A;NL8462;;;02/03/2026;08/03/2026;5;0,2;10;0,02;1;0,1;12/02/2026;DENTRO;12;CONCLUÍDO;;;
1300046370;13000463;70;Material;Contrato;180463;PARAFUSO INDUSTRIAL TESTE;R$ 39.276,25;A16;COMPRADOR FICTICIO 03;Compras Ágeis;Compras Ágeis;CZAR;Operação Norte;13/02/2026;Concluída;USUARIO.FICTICIO;G29 - EPIs;COMPRADOR FICTICIO 03;WS9100000463;Contrato - Concorrência;DADO FICTICIO PARA TESTE DE CONTRATUALIZACAO;Não;Materiais - Contrato <=1M;30;18;12. Concluída;Área Teste;Registro sintético para testar conexão, divergência e ambiguidade.;13/02/2026;2;15/02/2026;2;17/02/2026;2;19/02/2026;2;21/02/2026;2;23/02/2026;2;25/02/2026;2;27/02/2026;1;28/02/2026;1;01/03/2026;2;03/03/2026;Sim;Sim;5%;0%;R$ 41.240,06;R$ 39.276,25;CW90463;4504000463;FORNECEDOR FICTICIO 03 LTDA;590003;12 meses;IPCA;NL8463;;;03/03/2026;09/03/2026;5;0,2;10;0,02;1;0,1;13/02/2026;DENTRO;12;CONCLUÍDO;;;
1300046480;13000464;80;Serviço;Contrato;;SERVICO DE MANUTENCAO TESTE;R$ 39.360,00;A19;COMPRADOR FICTICIO 04;Compras Ágeis;Compras Ágeis;CZXR;Operação Sul;14/02/2026;Concluída;USUARIO.FICTICIO;G32 - Mão de Obra;COMPRADOR FICTICIO 04;WS9100000464;Contrato - Concorrência;DADO FICTICIO PARA TESTE DE CONTRATUALIZACAO;Não;Serviços - Contrato <=1M;30;18;12. Concluída;Área Teste;Registro sintético para testar conexão, divergência e ambiguidade.;14/02/2026;2;16/02/2026;2;18/02/2026;2;20/02/2026;2;22/02/2026;2;24/02/2026;2;26/02/2026;2;28/02/2026;1;01/03/2026;1;02/03/2026;2;04/03/2026;Sim;Sim;5%;0%;R$ 41.328,00;R$ 39.360,00;CW90464;4504000464 / 4504900464;FORNECEDOR FICTICIO 04 LTDA;590004;12 meses;IPCA;NL8464;;;04/03/2026;10/03/2026;5;0,2;10;0,02;1;0,1;14/02/2026;DENTRO;12;CONCLUÍDO;;;
1300046590;13000465;90;Material;Spot;180465;FERRAMENTA MANUAL TESTE;R$ 39.443,75;A21;COMPRADOR FICTICIO 05;Compras Ágeis;Compras Ágeis;CZFB;Operação Central;15/02/2026;Concluída;USUARIO.FICTICIO;G33 - Serv. de Oficinas;COMPRADOR FICTICIO 05;WS9100000465;Spot - Concorrência;DADO FICTICIO PARA TESTE DE CONTRATUALIZACAO;Não;Materiais - Spot <=1M;30;18;12. Concluída;Área Teste;Registro sintético para testar conexão, divergência e ambiguidade.;15/02/2026;2;17/02/2026;2;19/02/2026;2;21/02/2026;2;23/02/2026;2;25/02/2026;2;27/02/2026;2;01/03/2026;1;02/03/2026;1;03/03/2026;2;05/03/2026;Não;Sim;5%;0%;R$ 41.415,94;R$ 39.443,75;CW90465;4504000465;FORNECEDOR FICTICIO 05 LTDA;590005;N/A;N/A;NL8465;;;05/03/2026;11/03/2026;5;0,2;10;0,02;1;0,1;15/02/2026;DENTRO;12;CONCLUÍDO;;;
13000466100;13000466;100;Serviço;Contrato;;SERVICO DE CONSULTORIA TESTE;R$ 39.527,50;A23;COMPRADOR FICTICIO 06;Compras Ágeis;Compras Ágeis;CTRD;Operação Norte;16/02/2026;Concluída;USUARIO.FICTICIO;G41 - Mat. Administrativo;COMPRADOR FICTICIO 06;WS9100000466;Contrato - Concorrência;DADO FICTICIO PARA TESTE DE CONTRATUALIZACAO;Não;Serviços - Contrato <=1M;30;18;12. Concluída;Área Teste;Registro sintético para testar conexão, divergência e ambiguidade.;16/02/2026;2;18/02/2026;2;20/02/2026;2;22/02/2026;2;24/02/2026;2;26/02/2026;2;28/02/2026;2;02/03/2026;1;03/03/2026;1;04/03/2026;2;06/03/2026;Sim;Sim;5%;0%;R$ 41.503,88;R$ 39.527,50;CW90466;4504000466;FORNECEDOR FICTICIO 06 LTDA;590006;12 meses;IPCA;NL8466;;;06/03/2026;12/03/2026;5;0,2;10;0,02;1;0,1;16/02/2026;DENTRO;12;CONCLUÍDO;;;
13000467110;13000467;110;Material;Contrato;180467;OLEO LUBRIFICANTE TESTE;R$ 39.611,25;A33;COMPRADOR FICTICIO 07;Compras Ágeis;Compras Ágeis;CLNC;Operação Sul;17/02/2026;Concluída;USUARIO.FICTICIO;S15 - MSA - Manut. Loco;COMPRADOR FICTICIO 07;WS9100000467;Contrato - Concorrência;DADO FICTICIO PARA TESTE DE CONTRATUALIZACAO;Não;Materiais - Contrato <=1M;30;18;12. Concluída;Área Teste;Registro sintético para testar conexão, divergência e ambiguidade.;17/02/2026;2;19/02/2026;2;21/02/2026;2;23/02/2026;2;25/02/2026;2;27/02/2026;2;01/03/2026;2;03/03/2026;1;04/03/2026;1;05/03/2026;2;07/03/2026;Sim;Sim;5%;0%;R$ 41.591,81;R$ 39.611,25;CW90467;4504000467;FORNECEDOR FICTICIO 07 LTDA;590007;12 meses;IPCA;NL8467;;;07/03/2026;13/03/2026;5;0,2;10;0,02;1;0,1;17/02/2026;DENTRO;12;CONCLUÍDO;;;
13000467120;13000467;120;Material;Spot;180468;EPI DE SEGURANCA TESTE;R$ 39.695,00;A42;COMPRADOR FICTICIO 08;Compras Ágeis;Compras Ágeis;CT16;Operação Central;18/02/2026;Concluída;USUARIO.FICTICIO;G12 - Mat. Terminais;COMPRADOR FICTICIO 08;WS9100000468;Spot - Concorrência;DADO FICTICIO PARA TESTE DE CONTRATUALIZACAO;Não;Materiais - Spot <=1M;30;18;12. Concluída;Área Teste;Registro sintético para testar conexão, divergência e ambiguidade.;18/02/2026;2;20/02/2026;2;22/02/2026;2;24/02/2026;2;26/02/2026;2;28/02/2026;2;02/03/2026;2;04/03/2026;1;05/03/2026;1;06/03/2026;2;08/03/2026;Não;Sim;5%;0%;R$ 41.679,75;R$ 39.695,00;CW90468;4504000467;FORNECEDOR FICTICIO 08 LTDA;590008;N/A;N/A;NL8468;;;08/03/2026;14/03/2026;5;0,2;10;0,02;1;0,1;18/02/2026;DENTRO;12;CONCLUÍDO;;;
1300046910;13000469;10;Material;Contrato;180469;PARAFUSO INDUSTRIAL TESTE;R$ 39.778,75;G08;COMPRADOR FICTICIO 09;Compras Ágeis;Compras Ágeis;CTRV;Operação Norte;19/02/2026;Concluída;USUARIO.FICTICIO;G08 - Ferramentas Gerais;COMPRADOR FICTICIO 09;WS9100000469;Contrato - Concorrência;DADO FICTICIO PARA TESTE DE CONTRATUALIZACAO;Não;Materiais - Contrato <=1M;30;18;12. Concluída;Área Teste;Registro sintético para testar conexão, divergência e ambiguidade.;19/02/2026;2;21/02/2026;2;23/02/2026;2;25/02/2026;2;27/02/2026;2;01/03/2026;2;03/03/2026;2;05/03/2026;1;06/03/2026;1;07/03/2026;2;09/03/2026;Sim;Sim;5%;0%;R$ 41.767,69;R$ 39.778,75;CW90469;4504000469;FORNECEDOR FICTICIO 09 LTDA;590009;12 meses;IPCA;NL8469;;;09/03/2026;15/03/2026;5;0,2;10;0,02;1;0,1;19/02/2026;DENTRO;12;CONCLUÍDO;;;
1300047020;13000470;20;Serviço;Contrato;;SERVICO DE MANUTENCAO TESTE;R$ 39.862,50;A53;COMPRADOR FICTICIO 10;Compras Ágeis;Compras Ágeis;CZAR;Operação Sul;20/02/2026;Concluída;USUARIO.FICTICIO;G11 - Lub., Óleo e afins;COMPRADOR FICTICIO 10;WS9100000470;Contrato - Concorrência;DADO FICTICIO PARA TESTE DE CONTRATUALIZACAO;Não;Serviços - Contrato <=1M;30;18;12. Concluída;Área Teste;Registro sintético para testar conexão, divergência e ambiguidade.;20/02/2026;2;22/02/2026;2;24/02/2026;2;26/02/2026;2;28/02/2026;2;02/03/2026;2;04/03/2026;2;06/03/2026;1;07/03/2026;1;08/03/2026;2;10/03/2026;Sim;Sim;5%;0%;R$ 41.855,62;R$ 39.862,50;CW90470;4504000470;FORNECEDOR FICTICIO 10 LTDA;590010;12 meses;IPCA;NL8470;;;10/03/2026;16/03/2026;5;0,2;10;0,02;1;0,1;20/02/2026;DENTRO;12;CONCLUÍDO;;;
1300047130;13000471;30;Material;Spot;180471;FERRAMENTA MANUAL TESTE;R$ 39.946,25;G12;COMPRADOR FICTICIO 11;Compras Ágeis;Compras Ágeis;CZXR;Operação Central;21/02/2026;Concluída;USUARIO.FICTICIO;G12 - Mat. Terminais;COMPRADOR FICTICIO 11;WS9100000471;Spot - Concorrência;DADO FICTICIO PARA TESTE DE CONTRATUALIZACAO;Não;Materiais - Spot <=1M;30;18;12. Concluída;Área Teste;Registro sintético para testar conexão, divergência e ambiguidade.;21/02/2026;2;23/02/2026;2;25/02/2026;2;27/02/2026;2;01/03/2026;2;03/03/2026;2;05/03/2026;2;07/03/2026;1;08/03/2026;1;09/03/2026;2;11/03/2026;Não;Sim;5%;0%;R$ 41.943,56;R$ 39.946,25;CW90471;4504000471;FORNECEDOR FICTICIO 11 LTDA;590011;N/A;N/A;NL8471;;;11/03/2026;17/03/2026;5;0,2;10;0,02;1;0,1;21/02/2026;DENTRO;12;CONCLUÍDO;;;
1300047240;13000472;40;Serviço;Contrato;;SERVICO DE CONSULTORIA TESTE;R$ 40.030,00;G29;COMPRADOR FICTICIO 12;Compras Ágeis;Compras Ágeis;CZFB;Operação Norte;22/02/2026;Concluída;USUARIO.FICTICIO;G29 - EPIs;COMPRADOR FICTICIO 12;WS9100000472;Contrato - Concorrência;DADO FICTICIO PARA TESTE DE CONTRATUALIZACAO;Não;Serviços - Contrato <=1M;30;18;12. Concluída;Área Teste;Registro sintético para testar conexão, divergência e ambiguidade.;22/02/2026;2;24/02/2026;2;26/02/2026;2;28/02/2026;2;02/03/2026;2;04/03/2026;2;06/03/2026;2;08/03/2026;1;09/03/2026;1;10/03/2026;2;12/03/2026;Sim;Sim;5%;0%;R$ 42.031,50;R$ 40.030,00;CW90472;4504000472;FORNECEDOR FICTICIO 12 LTDA;590012;12 meses;IPCA;NL8472;;;12/03/2026;18/03/2026;5;0,2;10;0,02;1;0,1;22/02/2026;DENTRO;12;CONCLUÍDO;;;
1300047350;13000473;50;Material;Contrato;180473;OLEO LUBRIFICANTE TESTE;R$ 40.113,75;G32;COMPRADOR FICTICIO 13;Compras Ágeis;Compras Ágeis;CTRD;Operação Sul;23/02/2026;Concluída;USUARIO.FICTICIO;G32 - Mão de Obra;COMPRADOR FICTICIO 13;WS9100000473;Contrato - Concorrência;DADO FICTICIO PARA TESTE DE CONTRATUALIZACAO;Não;Materiais - Contrato <=1M;30;18;12. Concluída;Área Teste;Registro sintético para testar conexão, divergência e ambiguidade.;23/02/2026;2;25/02/2026;2;27/02/2026;2;01/03/2026;2;03/03/2026;2;05/03/2026;2;07/03/2026;2;09/03/2026;1;10/03/2026;1;11/03/2026;2;13/03/2026;Sim;Sim;5%;0%;R$ 42.119,44;R$ 40.113,75;CW90473;4504000473;FORNECEDOR FICTICIO 13 LTDA;590013;12 meses;IPCA;NL8473;;;13/03/2026;19/03/2026;5;0,2;10;0,02;1;0,1;23/02/2026;DENTRO;12;CONCLUÍDO;;;
1300047460;13000474;60;Material;Spot;180474;EPI DE SEGURANCA TESTE;R$ 40.197,50;A16;COMPRADOR FICTICIO 14;Compras Ágeis;Compras Ágeis;CLNC;Operação Central;24/02/2026;Concluída;USUARIO.FICTICIO;G33 - Serv. de Oficinas;COMPRADOR FICTICIO 14;WS9100000474;Spot - Concorrência;DADO FICTICIO PARA TESTE DE CONTRATUALIZACAO;Não;Materiais - Spot <=1M;30;18;12. Concluída;Área Teste;Registro sintético para testar conexão, divergência e ambiguidade.;24/02/2026;2;26/02/2026;2;28/02/2026;2;02/03/2026;2;04/03/2026;2;06/03/2026;2;08/03/2026;2;10/03/2026;1;11/03/2026;1;12/03/2026;2;14/03/2026;Não;Sim;5%;0%;R$ 42.207,38;R$ 40.197,50;CW90474;4504000474;FORNECEDOR FICTICIO 14 LTDA;590014;N/A;N/A;NL8474;;;14/03/2026;20/03/2026;5;0,2;10;0,02;1;0,1;24/02/2026;DENTRO;12;CONCLUÍDO;;;
1300047570;13000475;70;Material;Contrato;180475;PARAFUSO INDUSTRIAL TESTE;R$ 40.281,25;G41;COMPRADOR FICTICIO 15;Compras Ágeis;Compras Ágeis;CT16;Operação Norte;25/02/2026;Concluída;USUARIO.FICTICIO;G08 - Ferramentas Gerais;COMPRADOR FICTICIO 15;WS9100000475;Contrato - Concorrência;DADO FICTICIO PARA TESTE DE CONTRATUALIZACAO;Não;Materiais - Contrato <=1M;30;18;12. Concluída;Área Teste;Registro sintético para testar conexão, divergência e ambiguidade.;25/02/2026;2;27/02/2026;2;01/03/2026;2;03/03/2026;2;05/03/2026;2;07/03/2026;2;09/03/2026;2;11/03/2026;1;12/03/2026;1;13/03/2026;2;15/03/2026;Sim;Sim;5%;0%;R$ 42.295,31;R$ 40.281,25;CW90475;4504000475;FORNECEDOR FICTICIO 15 LTDA;590015;12 meses;IPCA;NL8475;;;15/03/2026;21/03/2026;5;0,2;10;0,02;1;0,1;25/02/2026;DENTRO;12;CONCLUÍDO;;;
1300047680;13000476;80;Serviço;Contrato;;SERVICO DE MANUTENCAO TESTE;R$ 40.365,00;S15;COMPRADOR FICTICIO 16;Compras Ágeis;Compras Ágeis;CTRV;Operação Sul;26/02/2026;Concluída;USUARIO.FICTICIO;S15 - MSA - Manut. Loco;COMPRADOR FICTICIO 16;WS9100000476;Contrato - Concorrência;DADO FICTICIO PARA TESTE DE CONTRATUALIZACAO;Não;Serviços - Contrato <=1M;30;18;12. Concluída;Área Teste;Registro sintético para testar conexão, divergência e ambiguidade.;26/02/2026;2;28/02/2026;2;02/03/2026;2;04/03/2026;2;06/03/2026;2;08/03/2026;2;10/03/2026;2;12/03/2026;1;13/03/2026;1;14/03/2026;2;16/03/2026;Sim;Sim;5%;0%;R$ 42.383,25;R$ 40.365,00;CW90476;4504000476;FORNECEDOR FICTICIO 16 LTDA;590016;12 meses;IPCA;NL8476;;;16/03/2026;22/03/2026;5;0,2;10;0,02;1;0,1;26/02/2026;DENTRO;12;CONCLUÍDO;;;
1300047790;13000477;90;Material;Spot;180477;FERRAMENTA MANUAL TESTE;R$ 40.448,75;R01;COMPRADOR FICTICIO 17;Compras Ágeis;Compras Ágeis;CZAR;Operação Central;27/02/2026;Concluída;USUARIO.FICTICIO;R01 - Projetos Especiais;COMPRADOR FICTICIO 17;WS9100000477;Spot - Concorrência;DADO FICTICIO PARA TESTE DE CONTRATUALIZACAO;Não;Materiais - Spot <=1M;30;18;12. Concluída;Área Teste;Registro sintético para testar conexão, divergência e ambiguidade.;27/02/2026;2;01/03/2026;2;03/03/2026;2;05/03/2026;2;07/03/2026;2;09/03/2026;2;11/03/2026;2;13/03/2026;1;14/03/2026;1;15/03/2026;2;17/03/2026;Não;Sim;5%;0%;R$ 42.471,19;R$ 40.448,75;CW90477;4504000477;FORNECEDOR FICTICIO 17 LTDA;590017;N/A;N/A;NL8477;;;17/03/2026;23/03/2026;5;0,2;10;0,02;1;0,1;27/02/2026;DENTRO;12;CONCLUÍDO;;;
13000477100;13000477;100;Serviço;Contrato;;SERVICO DE CONSULTORIA TESTE;R$ 40.532,50;A33;COMPRADOR FICTICIO 18;Compras Ágeis;Compras Ágeis;CZXR;Operação Norte;28/02/2026;Concluída;USUARIO.FICTICIO;G29 - EPIs;COMPRADOR FICTICIO 18;WS9100000478;Contrato - Concorrência;DADO FICTICIO PARA TESTE DE CONTRATUALIZACAO;Não;Serviços - Contrato <=1M;30;18;12. Concluída;Área Teste;Registro sintético para testar conexão, divergência e ambiguidade.;28/02/2026;2;02/03/2026;2;04/03/2026;2;06/03/2026;2;08/03/2026;2;10/03/2026;2;12/03/2026;2;14/03/2026;1;15/03/2026;1;16/03/2026;2;18/03/2026;Sim;Sim;5%;0%;R$ 42.559,12;R$ 40.532,50;CW90478;4504000477;FORNECEDOR FICTICIO 18 LTDA;590018;12 meses;IPCA;NL8478;;;18/03/2026;24/03/2026;5;0,2;10;0,02;1;0,1;28/02/2026;DENTRO;12;CONCLUÍDO;;;
13000479110;13000479;110;Material;Contrato;180479;OLEO LUBRIFICANTE TESTE;R$ 40.616,25;A42;COMPRADOR FICTICIO 19;Compras Ágeis;Compras Ágeis;CZFB;Operação Sul;01/03/2026;Concluída;USUARIO.FICTICIO;G11 - Lub., Óleo e afins;COMPRADOR FICTICIO 19;WS9100000479;Contrato - Concorrência;DADO FICTICIO PARA TESTE DE CONTRATUALIZACAO;Não;Materiais - Contrato <=1M;30;18;12. Concluída;Área Teste;Registro sintético para testar conexão, divergência e ambiguidade.;01/03/2026;2;03/03/2026;2;05/03/2026;2;07/03/2026;2;09/03/2026;2;11/03/2026;2;13/03/2026;2;15/03/2026;1;16/03/2026;1;17/03/2026;2;19/03/2026;Sim;Sim;5%;0%;R$ 42.647,06;R$ 40.616,25;CW90479;4504000479 / 4504900479;FORNECEDOR FICTICIO 19 LTDA;590019;12 meses;IPCA;NL8479;;;19/03/2026;25/03/2026;5;0,2;10;0,02;1;0,1;01/03/2026;DENTRO;12;CONCLUÍDO;;;
13000480120;13000480;120;Material;Contrato;180480;EPI DE SEGURANCA TESTE;R$ 40.700,00;G12;COMPRADOR FICTICIO 20;Compras Ágeis;Compras Ágeis;CTRD;Operação Central;02/03/2026;Concluída;USUARIO.FICTICIO;G12 - Mat. Terminais;COMPRADOR FICTICIO 20;WS9100000480;Contrato - Concorrência;DADO FICTICIO PARA TESTE DE CONTRATUALIZACAO;Não;Materiais - Contrato <=1M;30;18;12. Concluída;Área Teste;Registro sintético para testar conexão, divergência e ambiguidade.;02/03/2026;2;04/03/2026;2;06/03/2026;2;08/03/2026;2;10/03/2026;2;12/03/2026;2;14/03/2026;2;16/03/2026;1;17/03/2026;1;18/03/2026;2;20/03/2026;Sim;Sim;5%;0%;R$ 42.735,00;R$ 40.700,00;CW90480;4504000480;FORNECEDOR FICTICIO 20 LTDA;590020;12 meses;IPCA;NL8480;;;20/03/2026;26/03/2026;5;0,2;10;0,02;1;0,1;02/03/2026;DENTRO;12;CONCLUÍDO;;;
1300048110;13000481;10;Material;Contrato;180481;PARAFUSO INDUSTRIAL TESTE;R$ 40.783,75;G29;COMPRADOR FICTICIO 01;Compras Ágeis;Compras Ágeis;CLNC;Operação Norte;03/03/2026;Concluída;USUARIO.FICTICIO;G29 - EPIs;COMPRADOR FICTICIO 01;WS9100000481;Contrato - Concorrência;DADO FICTICIO PARA TESTE DE CONTRATUALIZACAO;Não;Materiais - Contrato <=1M;30;18;12. Concluída;Área Teste;Registro sintético para testar conexão, divergência e ambiguidade.;03/03/2026;2;05/03/2026;2;07/03/2026;2;09/03/2026;2;11/03/2026;2;13/03/2026;2;15/03/2026;2;17/03/2026;1;18/03/2026;1;19/03/2026;2;21/03/2026;Sim;Sim;5%;0%;R$ 42.822,94;R$ 40.783,75;CW90481;4504000481;FORNECEDOR FICTICIO 01 LTDA;590001;12 meses;IPCA;NL8481;;;21/03/2026;27/03/2026;5;0,2;10;0,02;1;0,1;03/03/2026;DENTRO;12;CONCLUÍDO;;;
1300048220;13000482;20;Serviço;Contrato;;SERVICO DE MANUTENCAO TESTE;R$ 40.867,50;N/D;COMPRADOR FICTICIO 02;Compras Ágeis;Compras Ágeis;CT16;Operação Sul;04/03/2026;Concluída;USUARIO.FICTICIO;G32 - Mão de Obra;COMPRADOR FICTICIO 02;WS9100000482;Contrato - Concorrência;DADO FICTICIO PARA TESTE DE CONTRATUALIZACAO;Não;Serviços - Contrato <=1M;30;18;12. Concluída;Área Teste;Registro sintético para testar conexão, divergência e ambiguidade.;04/03/2026;2;06/03/2026;2;08/03/2026;2;10/03/2026;2;12/03/2026;2;14/03/2026;2;16/03/2026;2;18/03/2026;1;19/03/2026;1;20/03/2026;2;22/03/2026;Sim;Sim;5%;0%;R$ 42.910,88;R$ 40.867,50;CW90482;4504000482;FORNECEDOR FICTICIO 02 LTDA;590002;12 meses;IPCA;NL8482;;;22/03/2026;28/03/2026;5;0,2;10;0,02;1;0,1;04/03/2026;DENTRO;12;CONCLUÍDO;;;
1300048330;13000483;30;Material;Spot;180483;FERRAMENTA MANUAL TESTE;R$ 40.951,25;G33;COMPRADOR FICTICIO 03;Compras Ágeis;Compras Ágeis;CTRV;Operação Central;05/03/2026;Concluída;USUARIO.FICTICIO;G33 - Serv. de Oficinas;COMPRADOR FICTICIO 03;WS9100000483;Spot - Concorrência;DADO FICTICIO PARA TESTE DE CONTRATUALIZACAO;Não;Materiais - Spot <=1M;30;18;12. Concluída;Área Teste;Registro sintético para testar conexão, divergência e ambiguidade.;05/03/2026;2;07/03/2026;2;09/03/2026;2;11/03/2026;2;13/03/2026;2;15/03/2026;2;17/03/2026;2;19/03/2026;1;20/03/2026;1;21/03/2026;2;23/03/2026;Não;Sim;5%;0%;R$ 42.998,81;R$ 40.951,25;CW90483;4504000483;FORNECEDOR FICTICIO 03 LTDA;590003;N/A;N/A;NL8483;;;23/03/2026;29/03/2026;5;0,2;10;0,02;1;0,1;05/03/2026;DENTRO;12;CONCLUÍDO;;;
1300048440;13000484;40;Serviço;Contrato;;SERVICO DE CONSULTORIA TESTE;R$ 41.035,00;G41;COMPRADOR FICTICIO 04;Compras Ágeis;Compras Ágeis;CZAR;Operação Norte;06/03/2026;Concluída;USUARIO.FICTICIO;G41 - Mat. Administrativo;COMPRADOR FICTICIO 04;WS9100000484;Contrato - Concorrência;DADO FICTICIO PARA TESTE DE CONTRATUALIZACAO;Não;Serviços - Contrato <=1M;30;18;12. Concluída;Área Teste;Registro sintético para testar conexão, divergência e ambiguidade.;06/03/2026;2;08/03/2026;2;10/03/2026;2;12/03/2026;2;14/03/2026;2;16/03/2026;2;18/03/2026;2;20/03/2026;1;21/03/2026;1;22/03/2026;2;24/03/2026;Sim;Sim;5%;0%;R$ 43.086,75;R$ 41.035,00;CW90484;4504000484;FORNECEDOR FICTICIO 04 LTDA;590004;12 meses;IPCA;NL8484;;;24/03/2026;30/03/2026;5;0,2;10;0,02;1;0,1;06/03/2026;DENTRO;12;CONCLUÍDO;;;
1300048550;13000485;50;Material;Contrato;180485;OLEO LUBRIFICANTE TESTE;R$ 41.118,75;S15;COMPRADOR FICTICIO 05;Compras Ágeis;Compras Ágeis;CZXR;Operação Sul;07/03/2026;Concluída;USUARIO.FICTICIO;G11 - Lub., Óleo e afins;COMPRADOR FICTICIO 05;WS9100000485;Contrato - Concorrência;DADO FICTICIO PARA TESTE DE CONTRATUALIZACAO;Não;Materiais - Contrato <=1M;30;18;12. Concluída;Área Teste;Registro sintético para testar conexão, divergência e ambiguidade.;07/03/2026;2;09/03/2026;2;11/03/2026;2;13/03/2026;2;15/03/2026;2;17/03/2026;2;19/03/2026;2;21/03/2026;1;22/03/2026;1;23/03/2026;2;25/03/2026;Sim;Sim;5%;0%;R$ 43.174,69;R$ 41.118,75;CW90485;4504000485;FORNECEDOR FICTICIO 05 LTDA;590005;12 meses;IPCA;NL8485;;;25/03/2026;31/03/2026;5;0,2;10;0,02;1;0,1;07/03/2026;DENTRO;12;CONCLUÍDO;;;
1300048660;13000486;60;Material;Spot;180486;EPI DE SEGURANCA TESTE;R$ 41.202,50;A19;COMPRADOR FICTICIO 06;Compras Ágeis;Compras Ágeis;CZFB;Operação Central;08/03/2026;Concluída;USUARIO.FICTICIO;R01 - Projetos Especiais;COMPRADOR FICTICIO 06;WS9100000486;Spot - Concorrência;DADO FICTICIO PARA TESTE DE CONTRATUALIZACAO;Não;Materiais - Spot <=1M;30;18;12. Concluída;Área Teste;Registro sintético para testar conexão, divergência e ambiguidade.;08/03/2026;2;10/03/2026;2;12/03/2026;2;14/03/2026;2;16/03/2026;2;18/03/2026;2;20/03/2026;2;22/03/2026;1;23/03/2026;1;24/03/2026;2;26/03/2026;Não;Sim;5%;0%;R$ 43.262,62;R$ 41.202,50;CW90486;4504000486;FORNECEDOR FICTICIO 06 LTDA;590006;N/A;N/A;NL8486;;;26/03/2026;01/04/2026;5;0,2;10;0,02;1;0,1;08/03/2026;DENTRO;12;CONCLUÍDO;;;
1300048770;13000487;70;Material;Contrato;180487;PARAFUSO INDUSTRIAL TESTE;R$ 41.286,25;G08;COMPRADOR FICTICIO 07;Compras Ágeis;Compras Ágeis;CTRD;Operação Norte;09/03/2026;Concluída;USUARIO.FICTICIO;G08 - Ferramentas Gerais;COMPRADOR FICTICIO 07;WS9100000487;Contrato - Concorrência;DADO FICTICIO PARA TESTE DE CONTRATUALIZACAO;Não;Materiais - Contrato <=1M;30;18;12. Concluída;Área Teste;Registro sintético para testar conexão, divergência e ambiguidade.;09/03/2026;2;11/03/2026;2;13/03/2026;2;15/03/2026;2;17/03/2026;2;19/03/2026;2;21/03/2026;2;23/03/2026;1;24/03/2026;1;25/03/2026;2;27/03/2026;Sim;Sim;5%;0%;R$ 43.350,56;R$ 41.286,25;CW90487;4504000487;FORNECEDOR FICTICIO 07 LTDA;590007;12 meses;IPCA;NL8487;;;27/03/2026;02/04/2026;5;0,2;10;0,02;1;0,1;09/03/2026;DENTRO;12;CONCLUÍDO;;;
1300048880;13000488;80;Serviço;Contrato;;SERVICO DE MANUTENCAO TESTE;R$ 41.370,00;G11;COMPRADOR FICTICIO 08;Compras Ágeis;Compras Ágeis;CLNC;Operação Sul;10/03/2026;Concluída;USUARIO.FICTICIO;G11 - Lub., Óleo e afins;COMPRADOR FICTICIO 08;WS9100000488;Contrato - Concorrência;DADO FICTICIO PARA TESTE DE CONTRATUALIZACAO;Não;Serviços - Contrato <=1M;30;18;12. Concluída;Área Teste;Registro sintético para testar conexão, divergência e ambiguidade.;10/03/2026;2;12/03/2026;2;14/03/2026;2;16/03/2026;2;18/03/2026;2;20/03/2026;2;22/03/2026;2;24/03/2026;1;25/03/2026;1;26/03/2026;2;28/03/2026;Sim;Sim;5%;0%;R$ 43.438,50;R$ 41.370,00;CW90488;4504000488;FORNECEDOR FICTICIO 08 LTDA;590008;12 meses;IPCA;NL8488;;;28/03/2026;03/04/2026;5;0,2;10;0,02;1;0,1;10/03/2026;DENTRO;12;CONCLUÍDO;;;
1300048990;13000489;90;Material;Spot;180489;FERRAMENTA MANUAL TESTE;R$ 41.453,75;A33;COMPRADOR FICTICIO 09;Compras Ágeis;Compras Ágeis;CT16;Operação Central;11/03/2026;Concluída;USUARIO.FICTICIO;G12 - Mat. Terminais;COMPRADOR FICTICIO 09;WS9100000489;Spot - Concorrência;DADO FICTICIO PARA TESTE DE CONTRATUALIZACAO;Não;Materiais - Spot <=1M;30;18;12. Concluída;Área Teste;Registro sintético para testar conexão, divergência e ambiguidade.;11/03/2026;2;13/03/2026;2;15/03/2026;2;17/03/2026;2;19/03/2026;2;21/03/2026;2;23/03/2026;2;25/03/2026;1;26/03/2026;1;27/03/2026;2;29/03/2026;Não;Sim;5%;0%;R$ 43.526,44;R$ 41.453,75;CW90489;4504000489;FORNECEDOR FICTICIO 09 LTDA;590009;N/A;N/A;NL8489;;;29/03/2026;04/04/2026;5;0,2;10;0,02;1;0,1;11/03/2026;DENTRO;12;CONCLUÍDO;;;
13000490100;13000490;100;Serviço;Contrato;;SERVICO DE CONSULTORIA TESTE;R$ 41.537,50;A42;COMPRADOR FICTICIO 10;Compras Ágeis;Compras Ágeis;CTRV;Operação Norte;12/03/2026;Concluída;USUARIO.FICTICIO;G29 - EPIs;COMPRADOR FICTICIO 10;WS9100000490;Contrato - Concorrência;DADO FICTICIO PARA TESTE DE CONTRATUALIZACAO;Não;Serviços - Contrato <=1M;30;18;12. Concluída;Área Teste;Registro sintético para testar conexão, divergência e ambiguidade.;12/03/2026;2;14/03/2026;2;16/03/2026;2;18/03/2026;2;20/03/2026;2;22/03/2026;2;24/03/2026;2;26/03/2026;1;27/03/2026;1;28/03/2026;2;30/03/2026;Sim;Sim;5%;0%;R$ 43.614,38;R$ 41.537,50;CW90490;4504000490;FORNECEDOR FICTICIO 10 LTDA;590010;12 meses;IPCA;NL8490;;;30/03/2026;05/04/2026;5;0,2;10;0,02;1;0,1;12/03/2026;DENTRO;12;CONCLUÍDO;;;
13000491110;13000491;110;Material;Contrato;180491;OLEO LUBRIFICANTE TESTE;R$ 41.621,25;A46;COMPRADOR FICTICIO 11;Compras Ágeis;Compras Ágeis;CZAR;Operação Sul;13/03/2026;Concluída;USUARIO.FICTICIO;G32 - Mão de Obra;COMPRADOR FICTICIO 11;WS9100000491;Contrato - Concorrência;DADO FICTICIO PARA TESTE DE CONTRATUALIZACAO;Não;Materiais - Contrato <=1M;30;18;12. Concluída;Área Teste;Registro sintético para testar conexão, divergência e ambiguidade.;13/03/2026;2;15/03/2026;2;17/03/2026;2;19/03/2026;2;21/03/2026;2;23/03/2026;2;25/03/2026;2;27/03/2026;1;28/03/2026;1;29/03/2026;2;31/03/2026;Sim;Sim;5%;0%;R$ 43.702,31;R$ 41.621,25;CW90491;4504000491;FORNECEDOR FICTICIO 11 LTDA;590011;12 meses;IPCA;NL8491;;;31/03/2026;06/04/2026;5;0,2;10;0,02;1;0,1;13/03/2026;DENTRO;12;CONCLUÍDO;;;
13000491120;13000491;120;Material;Spot;180492;EPI DE SEGURANCA TESTE;R$ 41.705,00;A53;COMPRADOR FICTICIO 12;Compras Ágeis;Compras Ágeis;CZXR;Operação Central;14/03/2026;Concluída;USUARIO.FICTICIO;R01 - Projetos Especiais;COMPRADOR FICTICIO 12;WS9100000492;Spot - Concorrência;DADO FICTICIO PARA TESTE DE CONTRATUALIZACAO;Não;Materiais - Spot <=1M;30;18;12. Concluída;Área Teste;Registro sintético para testar conexão, divergência e ambiguidade.;14/03/2026;2;16/03/2026;2;18/03/2026;2;20/03/2026;2;22/03/2026;2;24/03/2026;2;26/03/2026;2;28/03/2026;1;29/03/2026;1;30/03/2026;2;01/04/2026;Não;Sim;5%;0%;R$ 43.790,25;R$ 41.705,00;CW90492;4504000492;FORNECEDOR FICTICIO 12 LTDA;590012;N/A;N/A;NL8492;;;01/04/2026;07/04/2026;5;0,2;10;0,02;1;0,1;14/03/2026;DENTRO;12;CONCLUÍDO;;;
1300049310;13000493;10;Material;Contrato;180493;PARAFUSO INDUSTRIAL TESTE;R$ 41.788,75;G41;COMPRADOR FICTICIO 13;Compras Ágeis;Compras Ágeis;CZFB;Operação Norte;15/03/2026;Concluída;USUARIO.FICTICIO;G41 - Mat. Administrativo;COMPRADOR FICTICIO 13;WS9100000493;Contrato - Concorrência;DADO FICTICIO PARA TESTE DE CONTRATUALIZACAO;Não;Materiais - Contrato <=1M;30;18;12. Concluída;Área Teste;Registro sintético para testar conexão, divergência e ambiguidade.;15/03/2026;2;17/03/2026;2;19/03/2026;2;21/03/2026;2;23/03/2026;2;25/03/2026;2;27/03/2026;2;29/03/2026;1;30/03/2026;1;31/03/2026;2;02/04/2026;Sim;Sim;5%;0%;R$ 43.878,19;R$ 41.788,75;CW90493;4504000493;FORNECEDOR FICTICIO 13 LTDA;590013;12 meses;IPCA;NL8493;;;02/04/2026;08/04/2026;5;0,2;10;0,02;1;0,1;15/03/2026;DENTRO;12;CONCLUÍDO;;;
1300049420;13000494;20;Serviço;Contrato;;SERVICO DE MANUTENCAO TESTE;R$ 41.872,50;A64;COMPRADOR FICTICIO 14;Compras Ágeis;Compras Ágeis;CTRD;Operação Sul;16/03/2026;Concluída;USUARIO.FICTICIO;S15 - MSA - Manut. Loco;COMPRADOR FICTICIO 14;WS9100000494;Contrato - Concorrência;DADO FICTICIO PARA TESTE DE CONTRATUALIZACAO;Não;Serviços - Contrato <=1M;30;18;12. Concluída;Área Teste;Registro sintético para testar conexão, divergência e ambiguidade.;16/03/2026;2;18/03/2026;2;20/03/2026;2;22/03/2026;2;24/03/2026;2;26/03/2026;2;28/03/2026;2;30/03/2026;1;31/03/2026;1;01/04/2026;2;03/04/2026;Sim;Sim;5%;0%;R$ 43.966,12;R$ 41.872,50;CW90494;4504000494;FORNECEDOR FICTICIO 14 LTDA;590014;12 meses;IPCA;NL8494;;;03/04/2026;09/04/2026;5;0,2;10;0,02;1;0,1;16/03/2026;DENTRO;12;CONCLUÍDO;;;
1300049530;13000495;30;Material;Spot;180495;FERRAMENTA MANUAL TESTE;R$ 41.956,25;R01;COMPRADOR FICTICIO 15;Compras Ágeis;Compras Ágeis;CLNC;Operação Central;17/03/2026;Concluída;USUARIO.FICTICIO;R01 - Projetos Especiais;COMPRADOR FICTICIO 15;WS9100000495;Spot - Concorrência;DADO FICTICIO PARA TESTE DE CONTRATUALIZACAO;Não;Materiais - Spot <=1M;30;18;12. Concluída;Área Teste;Registro sintético para testar conexão, divergência e ambiguidade.;17/03/2026;2;19/03/2026;2;21/03/2026;2;23/03/2026;2;25/03/2026;2;27/03/2026;2;29/03/2026;2;31/03/2026;1;01/04/2026;1;02/04/2026;2;04/04/2026;Não;Sim;5%;0%;R$ 44.054,06;R$ 41.956,25;CW90495;4504000495;FORNECEDOR FICTICIO 15 LTDA;590015;N/A;N/A;NL8495;;;04/04/2026;10/04/2026;5;0,2;10;0,02;1;0,1;17/03/2026;DENTRO;12;CONCLUÍDO;;;
1300049640;13000496;40;Serviço;Contrato;;SERVICO DE CONSULTORIA TESTE;R$ 42.040,00;G08;COMPRADOR FICTICIO 16;Compras Ágeis;Compras Ágeis;CT16;Operação Norte;18/03/2026;Concluída;USUARIO.FICTICIO;G08 - Ferramentas Gerais;COMPRADOR FICTICIO 16;WS9100000496;Contrato - Concorrência;DADO FICTICIO PARA TESTE DE CONTRATUALIZACAO;Não;Serviços - Contrato <=1M;30;18;12. Concluída;Área Teste;Registro sintético para testar conexão, divergência e ambiguidade.;18/03/2026;2;20/03/2026;2;22/03/2026;2;24/03/2026;2;26/03/2026;2;28/03/2026;2;30/03/2026;2;01/04/2026;1;02/04/2026;1;03/04/2026;2;05/04/2026;Sim;Sim;5%;0%;R$ 44.142,00;R$ 42.040,00;CW90496;4504000496;FORNECEDOR FICTICIO 16 LTDA;590016;12 meses;IPCA;NL8496;;;05/04/2026;11/04/2026;5;0,2;10;0,02;1;0,1;18/03/2026;DENTRO;12;CONCLUÍDO;;;
1300049750;13000497;50;Material;Contrato;180497;OLEO LUBRIFICANTE TESTE;R$ 42.123,75;G11;COMPRADOR FICTICIO 17;Compras Ágeis;Compras Ágeis;CTRV;Operação Sul;19/03/2026;Concluída;USUARIO.FICTICIO;G11 - Lub., Óleo e afins;COMPRADOR FICTICIO 17;WS9100000497;Contrato - Concorrência;DADO FICTICIO PARA TESTE DE CONTRATUALIZACAO;Não;Materiais - Contrato <=1M;30;18;12. Concluída;Área Teste;Registro sintético para testar conexão, divergência e ambiguidade.;19/03/2026;2;21/03/2026;2;23/03/2026;2;25/03/2026;2;27/03/2026;2;29/03/2026;2;31/03/2026;2;02/04/2026;1;03/04/2026;1;04/04/2026;2;06/04/2026;Sim;Sim;5%;0%;R$ 44.229,94;R$ 42.123,75;CW90497;4504000497;FORNECEDOR FICTICIO 17 LTDA;590017;12 meses;IPCA;NL8497;;;06/04/2026;12/04/2026;5;0,2;10;0,02;1;0,1;19/03/2026;DENTRO;12;CONCLUÍDO;;;
1300049860;13000498;60;Material;Spot;180498;EPI DE SEGURANCA TESTE;R$ 42.207,50;G12;COMPRADOR FICTICIO 18;Compras Ágeis;Compras Ágeis;CZAR;Operação Central;20/03/2026;Concluída;USUARIO.FICTICIO;G12 - Mat. Terminais;COMPRADOR FICTICIO 18;WS9100000498;Spot - Concorrência;DADO FICTICIO PARA TESTE DE CONTRATUALIZACAO;Não;Materiais - Spot <=1M;30;18;12. Concluída;Área Teste;Registro sintético para testar conexão, divergência e ambiguidade.;20/03/2026;2;22/03/2026;2;24/03/2026;2;26/03/2026;2;28/03/2026;2;30/03/2026;2;01/04/2026;2;03/04/2026;1;04/04/2026;1;05/04/2026;2;07/04/2026;Não;Sim;5%;0%;R$ 44.317,88;R$ 42.207,50;CW90498;4504000498;FORNECEDOR FICTICIO 18 LTDA;590018;N/A;N/A;NL8498;;;07/04/2026;13/04/2026;5;0,2;10;0,02;1;0,1;20/03/2026;DENTRO;12;CONCLUÍDO;;;
1300049970;13000499;70;Material;Contrato;180499;PARAFUSO INDUSTRIAL TESTE;R$ 42.291,25;A23;COMPRADOR FICTICIO 19;Compras Ágeis;Compras Ágeis;CZXR;Operação Norte;21/03/2026;Concluída;USUARIO.FICTICIO;G29 - EPIs;COMPRADOR FICTICIO 19;WS9100000499;Contrato - Concorrência;DADO FICTICIO PARA TESTE DE CONTRATUALIZACAO;Não;Materiais - Contrato <=1M;30;18;12. Concluída;Área Teste;Registro sintético para testar conexão, divergência e ambiguidade.;21/03/2026;2;23/03/2026;2;25/03/2026;2;27/03/2026;2;29/03/2026;2;31/03/2026;2;02/04/2026;2;04/04/2026;1;05/04/2026;1;06/04/2026;2;08/04/2026;Sim;Sim;5%;0%;R$ 44.405,81;R$ 42.291,25;CW90499;4504000499;FORNECEDOR FICTICIO 19 LTDA;590019;12 meses;IPCA;NL8499;;;08/04/2026;14/04/2026;5;0,2;10;0,02;1;0,1;21/03/2026;DENTRO;12;CONCLUÍDO;;;
1300050080;13000500;80;Serviço;Contrato;;SERVICO DE MANUTENCAO TESTE;R$ 42.375,00;A33;COMPRADOR FICTICIO 20;Compras Ágeis;Compras Ágeis;CZFB;Operação Sul;22/03/2026;Concluída;USUARIO.FICTICIO;G32 - Mão de Obra;COMPRADOR FICTICIO 20;WS9100000500;Contrato - Concorrência;DADO FICTICIO PARA TESTE DE CONTRATUALIZACAO;Não;Serviços - Contrato <=1M;30;18;12. Concluída;Área Teste;Registro sintético para testar conexão, divergência e ambiguidade.;22/03/2026;2;24/03/2026;2;26/03/2026;2;28/03/2026;2;30/03/2026;2;01/04/2026;2;03/04/2026;2;05/04/2026;1;06/04/2026;1;07/04/2026;2;09/04/2026;Sim;Sim;5%;0%;R$ 44.493,75;R$ 42.375,00;CW90500;4504000500;FORNECEDOR FICTICIO 20 LTDA;590020;12 meses;IPCA;NL8500;;;09/04/2026;15/04/2026;5;0,2;10;0,02;1;0,1;22/03/2026;DENTRO;12;CONCLUÍDO;;;
1300050190;13000501;90;Material;Spot;180501;FERRAMENTA MANUAL TESTE;R$ 42.458,75;G33;COMPRADOR FICTICIO 01;Compras Ágeis;Compras Ágeis;CTRD;Operação Central;23/03/2026;Concluída;USUARIO.FICTICIO;R01 - Projetos Especiais;COMPRADOR FICTICIO 01;WS9100000501;Spot - Concorrência;DADO FICTICIO PARA TESTE DE CONTRATUALIZACAO;Não;Materiais - Spot <=1M;30;18;12. Concluída;Área Teste;Registro sintético para testar conexão, divergência e ambiguidade.;23/03/2026;2;25/03/2026;2;27/03/2026;2;29/03/2026;2;31/03/2026;2;02/04/2026;2;04/04/2026;2;06/04/2026;1;07/04/2026;1;08/04/2026;2;10/04/2026;Não;Sim;5%;0%;R$ 44.581,69;R$ 42.458,75;CW90501;4504000501;FORNECEDOR FICTICIO 01 LTDA;590001;N/A;N/A;NL8501;;;10/04/2026;16/04/2026;5;0,2;10;0,02;1;0,1;23/03/2026;DENTRO;12;CONCLUÍDO;;;
13000502100;13000502;100;Serviço;Contrato;;SERVICO DE CONSULTORIA TESTE;R$ 42.542,50;A46;COMPRADOR FICTICIO 02;Compras Ágeis;Compras Ágeis;CLNC;Operação Norte;24/03/2026;Concluída;USUARIO.FICTICIO;G41 - Mat. Administrativo;COMPRADOR FICTICIO 02;WS9100000502;Contrato - Concorrência;DADO FICTICIO PARA TESTE DE CONTRATUALIZACAO;Não;Serviços - Contrato <=1M;30;18;12. Concluída;Área Teste;Registro sintético para testar conexão, divergência e ambiguidade.;24/03/2026;2;26/03/2026;2;28/03/2026;2;30/03/2026;2;01/04/2026;2;03/04/2026;2;05/04/2026;2;07/04/2026;1;08/04/2026;1;09/04/2026;2;11/04/2026;Sim;Sim;5%;0%;R$ 44.669,62;R$ 42.542,50;CW90502;4504000502;FORNECEDOR FICTICIO 02 LTDA;590002;12 meses;IPCA;NL8502;;;11/04/2026;17/04/2026;5;0,2;10;0,02;1;0,1;24/03/2026;DENTRO;12;CONCLUÍDO;;;
13000503110;13000503;110;Material;Contrato;180503;OLEO LUBRIFICANTE TESTE;R$ 42.626,25;N/D;COMPRADOR FICTICIO 03;Compras Ágeis;Compras Ágeis;CT16;Operação Sul;25/03/2026;Concluída;USUARIO.FICTICIO;S15 - MSA - Manut. Loco;COMPRADOR FICTICIO 03;WS9100000503;Contrato - Concorrência;DADO FICTICIO PARA TESTE DE CONTRATUALIZACAO;Não;Materiais - Contrato <=1M;30;18;12. Concluída;Área Teste;Registro sintético para testar conexão, divergência e ambiguidade.;25/03/2026;2;27/03/2026;2;29/03/2026;2;31/03/2026;2;02/04/2026;2;04/04/2026;2;06/04/2026;2;08/04/2026;1;09/04/2026;1;10/04/2026;2;12/04/2026;Sim;Sim;5%;0%;R$ 44.757,56;R$ 42.626,25;CW90503;4504000503;FORNECEDOR FICTICIO 03 LTDA;590003;12 meses;IPCA;NL8503;;;12/04/2026;18/04/2026;5;0,2;10;0,02;1;0,1;25/03/2026;DENTRO;12;CONCLUÍDO;;;
13000504120;13000504;120;Material;Spot;180504;EPI DE SEGURANCA TESTE;R$ 42.710,00;R01;COMPRADOR FICTICIO 04;Compras Ágeis;Compras Ágeis;CTRV;Operação Central;26/03/2026;Concluída;USUARIO.FICTICIO;R01 - Projetos Especiais;COMPRADOR FICTICIO 04;WS9100000504;Spot - Concorrência;DADO FICTICIO PARA TESTE DE CONTRATUALIZACAO;Não;Materiais - Spot <=1M;30;18;12. Concluída;Área Teste;Registro sintético para testar conexão, divergência e ambiguidade.;26/03/2026;2;28/03/2026;2;30/03/2026;2;01/04/2026;2;03/04/2026;2;05/04/2026;2;07/04/2026;2;09/04/2026;1;10/04/2026;1;11/04/2026;2;13/04/2026;Não;Sim;5%;0%;R$ 44.845,50;R$ 42.710,00;CW90504;4504000504;FORNECEDOR FICTICIO 04 LTDA;590004;N/A;N/A;NL8504;;;13/04/2026;19/04/2026;5;0,2;10;0,02;1;0,1;26/03/2026;DENTRO;12;CONCLUÍDO;;;
1300050510;13000505;10;Material;Contrato;180505;PARAFUSO INDUSTRIAL TESTE;R$ 42.793,75;G08;COMPRADOR FICTICIO 05;Compras Ágeis;Compras Ágeis;CZAR;Operação Norte;27/03/2026;Concluída;USUARIO.FICTICIO;G08 - Ferramentas Gerais;COMPRADOR FICTICIO 05;WS9100000505;Contrato - Concorrência;DADO FICTICIO PARA TESTE DE CONTRATUALIZACAO;Não;Materiais - Contrato <=1M;30;18;12. Concluída;Área Teste;Registro sintético para testar conexão, divergência e ambiguidade.;27/03/2026;2;29/03/2026;2;31/03/2026;2;02/04/2026;2;04/04/2026;2;06/04/2026;2;08/04/2026;2;10/04/2026;1;11/04/2026;1;12/04/2026;2;14/04/2026;Sim;Sim;5%;0%;R$ 44.933,44;R$ 42.793,75;CW90505;4504000505;FORNECEDOR FICTICIO 05 LTDA;590005;12 meses;IPCA;NL8505;;;14/04/2026;20/04/2026;5;0,2;10;0,02;1;0,1;27/03/2026;DENTRO;12;CONCLUÍDO;;;
1300050620;13000506;20;Serviço;Contrato;;SERVICO DE MANUTENCAO TESTE;R$ 42.877,50;A69;COMPRADOR FICTICIO 06;Compras Ágeis;Compras Ágeis;CZXR;Operação Sul;28/03/2026;Concluída;USUARIO.FICTICIO;G11 - Lub., Óleo e afins;COMPRADOR FICTICIO 06;WS9100000506;Contrato - Concorrência;DADO FICTICIO PARA TESTE DE CONTRATUALIZACAO;Não;Serviços - Contrato <=1M;30;18;12. Concluída;Área Teste;Registro sintético para testar conexão, divergência e ambiguidade.;28/03/2026;2;30/03/2026;2;01/04/2026;2;03/04/2026;2;05/04/2026;2;07/04/2026;2;09/04/2026;2;11/04/2026;1;12/04/2026;1;13/04/2026;2;15/04/2026;Sim;Sim;5%;0%;R$ 45.021,38;R$ 42.877,50;CW90506;4504000506;FORNECEDOR FICTICIO 06 LTDA;590006;12 meses;IPCA;NL8506;;;15/04/2026;21/04/2026;5;0,2;10;0,02;1;0,1;28/03/2026;DENTRO;12;CONCLUÍDO;;;
1300050730;13000507;30;Material;Spot;180507;FERRAMENTA MANUAL TESTE;R$ 42.961,25;A16;COMPRADOR FICTICIO 07;Compras Ágeis;Compras Ágeis;CZFB;Operação Central;29/03/2026;Concluída;USUARIO.FICTICIO;G12 - Mat. Terminais;COMPRADOR FICTICIO 07;WS9100000507;Spot - Concorrência;DADO FICTICIO PARA TESTE DE CONTRATUALIZACAO;Não;Materiais - Spot <=1M;30;18;12. Concluída;Área Teste;Registro sintético para testar conexão, divergência e ambiguidade.;29/03/2026;2;31/03/2026;2;02/04/2026;2;04/04/2026;2;06/04/2026;2;08/04/2026;2;10/04/2026;2;12/04/2026;1;13/04/2026;1;14/04/2026;2;16/04/2026;Não;Sim;5%;0%;R$ 45.109,31;R$ 42.961,25;CW90507;4504000507 / 4504900507;FORNECEDOR FICTICIO 07 LTDA;590007;N/A;N/A;NL8507;;;16/04/2026;22/04/2026;5;0,2;10;0,02;1;0,1;29/03/2026;DENTRO;12;CONCLUÍDO;;;
1300050840;13000508;40;Serviço;Contrato;;SERVICO DE CONSULTORIA TESTE;R$ 43.045,00;G29;COMPRADOR FICTICIO 08;Compras Ágeis;Compras Ágeis;CTRD;Operação Norte;30/03/2026;Concluída;USUARIO.FICTICIO;G29 - EPIs;COMPRADOR FICTICIO 08;WS9100000508;Contrato - Concorrência;DADO FICTICIO PARA TESTE DE CONTRATUALIZACAO;Não;Serviços - Contrato <=1M;30;18;12. Concluída;Área Teste;Registro sintético para testar conexão, divergência e ambiguidade.;30/03/2026;2;01/04/2026;2;03/04/2026;2;05/04/2026;2;07/04/2026;2;09/04/2026;2;11/04/2026;2;13/04/2026;1;14/04/2026;1;15/04/2026;2;17/04/2026;Sim;Sim;5%;0%;R$ 45.197,25;R$ 43.045,00;CW90508;4504000508;FORNECEDOR FICTICIO 08 LTDA;590008;12 meses;IPCA;NL8508;;;17/04/2026;23/04/2026;5;0,2;10;0,02;1;0,1;30/03/2026;DENTRO;12;CONCLUÍDO;;;
1300050950;13000509;50;Material;Contrato;180509;OLEO LUBRIFICANTE TESTE;R$ 43.128,75;A21;COMPRADOR FICTICIO 09;Compras Ágeis;Compras Ágeis;CLNC;Operação Sul;31/03/2026;Concluída;USUARIO.FICTICIO;G32 - Mão de Obra;COMPRADOR FICTICIO 09;WS9100000509;Contrato - Concorrência;DADO FICTICIO PARA TESTE DE CONTRATUALIZACAO;Não;Materiais - Contrato <=1M;30;18;12. Concluída;Área Teste;Registro sintético para testar conexão, divergência e ambiguidade.;31/03/2026;2;02/04/2026;2;04/04/2026;2;06/04/2026;2;08/04/2026;2;10/04/2026;2;12/04/2026;2;14/04/2026;1;15/04/2026;1;16/04/2026;2;18/04/2026;Sim;Sim;5%;0%;R$ 45.285,19;R$ 43.128,75;CW90509;4504000509;FORNECEDOR FICTICIO 09 LTDA;590009;12 meses;IPCA;NL8509;;;18/04/2026;24/04/2026;5;0,2;10;0,02;1;0,1;31/03/2026;DENTRO;12;CONCLUÍDO;;;
1300051060;13000510;60;Material;Spot;180510;EPI DE SEGURANCA TESTE;R$ 43.212,50;G33;COMPRADOR FICTICIO 10;Compras Ágeis;Compras Ágeis;CT16;Operação Central;01/04/2026;Concluída;USUARIO.FICTICIO;G33 - Serv. de Oficinas;COMPRADOR FICTICIO 10;WS9100000510;Spot - Concorrência;DADO FICTICIO PARA TESTE DE CONTRATUALIZACAO;Não;Materiais - Spot <=1M;30;18;12. Concluída;Área Teste;Registro sintético para testar conexão, divergência e ambiguidade.;01/04/2026;2;03/04/2026;2;05/04/2026;2;07/04/2026;2;09/04/2026;2;11/04/2026;2;13/04/2026;2;15/04/2026;1;16/04/2026;1;17/04/2026;2;19/04/2026;Não;Sim;5%;0%;R$ 45.373,12;R$ 43.212,50;CW90510;4504000510;FORNECEDOR FICTICIO 10 LTDA;590010;N/A;N/A;NL8510;;;19/04/2026;25/04/2026;5;0,2;10;0,02;1;0,1;01/04/2026;DENTRO;12;CONCLUÍDO;;;
1300051170;13000511;70;Material;Contrato;180511;PARAFUSO INDUSTRIAL TESTE;R$ 43.296,25;G41;COMPRADOR FICTICIO 11;Compras Ágeis;Compras Ágeis;CTRV;Operação Norte;02/04/2026;Concluída;USUARIO.FICTICIO;G41 - Mat. Administrativo;COMPRADOR FICTICIO 11;WS9100000511;Contrato - Concorrência;DADO FICTICIO PARA TESTE DE CONTRATUALIZACAO;Não;Materiais - Contrato <=1M;30;18;12. Concluída;Área Teste;Registro sintético para testar conexão, divergência e ambiguidade.;02/04/2026;2;04/04/2026;2;06/04/2026;2;08/04/2026;2;10/04/2026;2;12/04/2026;2;14/04/2026;2;16/04/2026;1;17/04/2026;1;18/04/2026;2;20/04/2026;Sim;Sim;5%;0%;R$ 45.461,06;R$ 43.296,25;CW90511;4504000511;FORNECEDOR FICTICIO 11 LTDA;590011;12 meses;IPCA;NL8511;;;20/04/2026;26/04/2026;5;0,2;10;0,02;1;0,1;02/04/2026;DENTRO;12;CONCLUÍDO;;;
1300051280;13000512;80;Serviço;Contrato;;SERVICO DE MANUTENCAO TESTE;R$ 43.380,00;S15;COMPRADOR FICTICIO 12;Compras Ágeis;Compras Ágeis;CZAR;Operação Sul;03/04/2026;Concluída;USUARIO.FICTICIO;S15 - MSA - Manut. Loco;COMPRADOR FICTICIO 12;WS9100000512;Contrato - Concorrência;DADO FICTICIO PARA TESTE DE CONTRATUALIZACAO;Não;Serviços - Contrato <=1M;30;18;12. Concluída;Área Teste;Registro sintético para testar conexão, divergência e ambiguidade.;03/04/2026;2;05/04/2026;2;07/04/2026;2;09/04/2026;2;11/04/2026;2;13/04/2026;2;15/04/2026;2;17/04/2026;1;18/04/2026;1;19/04/2026;2;21/04/2026;Sim;Sim;5%;0%;R$ 45.549,00;R$ 43.380,00;CW90512;4504000512;FORNECEDOR FICTICIO 12 LTDA;590012;12 meses;IPCA;NL8512;;;21/04/2026;27/04/2026;5;0,2;10;0,02;1;0,1;03/04/2026;DENTRO;12;CONCLUÍDO;;;
1300051390;13000513;90;Material;Spot;180513;FERRAMENTA MANUAL TESTE;R$ 43.463,75;A46;COMPRADOR FICTICIO 13;Compras Ágeis;Compras Ágeis;CZXR;Operação Central;04/04/2026;Concluída;USUARIO.FICTICIO;R01 - Projetos Especiais;COMPRADOR FICTICIO 13;WS9100000513;Spot - Concorrência;DADO FICTICIO PARA TESTE DE CONTRATUALIZACAO;Não;Materiais - Spot <=1M;30;18;12. Concluída;Área Teste;Registro sintético para testar conexão, divergência e ambiguidade.;04/04/2026;2;06/04/2026;2;08/04/2026;2;10/04/2026;2;12/04/2026;2;14/04/2026;2;16/04/2026;2;18/04/2026;1;19/04/2026;1;20/04/2026;2;22/04/2026;Não;Sim;5%;0%;R$ 45.636,94;R$ 43.463,75;CW90513;4504000513;FORNECEDOR FICTICIO 13 LTDA;590013;N/A;N/A;NL8513;;;22/04/2026;28/04/2026;5;0,2;10;0,02;1;0,1;04/04/2026;DENTRO;12;CONCLUÍDO;;;
13000514100;13000514;100;Serviço;Contrato;;SERVICO DE CONSULTORIA TESTE;R$ 43.547,50;G08;COMPRADOR FICTICIO 14;Compras Ágeis;Compras Ágeis;CZFB;Operação Norte;05/04/2026;Concluída;USUARIO.FICTICIO;G08 - Ferramentas Gerais;COMPRADOR FICTICIO 14;WS9100000514;Contrato - Concorrência;DADO FICTICIO PARA TESTE DE CONTRATUALIZACAO;Não;Serviços - Contrato <=1M;30;18;12. Concluída;Área Teste;Registro sintético para testar conexão, divergência e ambiguidade.;05/04/2026;2;07/04/2026;2;09/04/2026;2;11/04/2026;2;13/04/2026;2;15/04/2026;2;17/04/2026;2;19/04/2026;1;20/04/2026;1;21/04/2026;2;23/04/2026;Sim;Sim;5%;0%;R$ 45.724,88;R$ 43.547,50;CW90514;4504000514;FORNECEDOR FICTICIO 14 LTDA;590014;12 meses;IPCA;NL8514;;;23/04/2026;29/04/2026;5;0,2;10;0,02;1;0,1;05/04/2026;DENTRO;12;CONCLUÍDO;;;
13000515110;13000515;110;Material;Contrato;180515;OLEO LUBRIFICANTE TESTE;R$ 43.631,25;A62;COMPRADOR FICTICIO 15;Compras Ágeis;Compras Ágeis;CTRD;Operação Sul;06/04/2026;Concluída;USUARIO.FICTICIO;G11 - Lub., Óleo e afins;COMPRADOR FICTICIO 15;WS9100000515;Contrato - Concorrência;DADO FICTICIO PARA TESTE DE CONTRATUALIZACAO;Não;Materiais - Contrato <=1M;30;18;12. Concluída;Área Teste;Registro sintético para testar conexão, divergência e ambiguidade.;06/04/2026;2;08/04/2026;2;10/04/2026;2;12/04/2026;2;14/04/2026;2;16/04/2026;2;18/04/2026;2;20/04/2026;1;21/04/2026;1;22/04/2026;2;24/04/2026;Sim;Sim;5%;0%;R$ 45.812,81;R$ 43.631,25;CW90515;4504000515;FORNECEDOR FICTICIO 15 LTDA;590015;12 meses;IPCA;NL8515;;;24/04/2026;30/04/2026;5;0,2;10;0,02;1;0,1;06/04/2026;DENTRO;12;CONCLUÍDO;;;
13000516120;13000516;120;Material;Spot;180516;EPI DE SEGURANCA TESTE;R$ 43.715,00;G12;COMPRADOR FICTICIO 16;Compras Ágeis;Compras Ágeis;CLNC;Operação Central;07/04/2026;Concluída;USUARIO.FICTICIO;G12 - Mat. Terminais;COMPRADOR FICTICIO 16;WS9100000516;Spot - Concorrência;DADO FICTICIO PARA TESTE DE CONTRATUALIZACAO;Não;Materiais - Spot <=1M;30;18;12. Concluída;Área Teste;Registro sintético para testar conexão, divergência e ambiguidade.;07/04/2026;2;09/04/2026;2;11/04/2026;2;13/04/2026;2;15/04/2026;2;17/04/2026;2;19/04/2026;2;21/04/2026;1;22/04/2026;1;23/04/2026;2;25/04/2026;Não;Sim;5%;0%;R$ 45.900,75;R$ 43.715,00;CW90516;4504000516;FORNECEDOR FICTICIO 16 LTDA;590016;N/A;N/A;NL8516;;;25/04/2026;01/05/2026;5;0,2;10;0,02;1;0,1;07/04/2026;DENTRO;12;CONCLUÍDO;;;
1300051710;13000517;10;Material;Contrato;180517;PARAFUSO INDUSTRIAL TESTE;R$ 43.798,75;G29;COMPRADOR FICTICIO 17;Compras Ágeis;Compras Ágeis;CT16;Operação Norte;08/04/2026;Concluída;USUARIO.FICTICIO;G29 - EPIs;COMPRADOR FICTICIO 17;WS9100000517;Contrato - Concorrência;DADO FICTICIO PARA TESTE DE CONTRATUALIZACAO;Não;Materiais - Contrato <=1M;30;18;12. Concluída;Área Teste;Registro sintético para testar conexão, divergência e ambiguidade.;08/04/2026;2;10/04/2026;2;12/04/2026;2;14/04/2026;2;16/04/2026;2;18/04/2026;2;20/04/2026;2;22/04/2026;1;23/04/2026;1;24/04/2026;2;26/04/2026;Sim;Sim;5%;0%;R$ 45.988,69;R$ 43.798,75;CW90517;4504000517;FORNECEDOR FICTICIO 17 LTDA;590017;12 meses;IPCA;NL8517;;;26/04/2026;02/05/2026;5;0,2;10;0,02;1;0,1;08/04/2026;DENTRO;12;CONCLUÍDO;;;
1300051820;13000518;20;Serviço;Contrato;;SERVICO DE MANUTENCAO TESTE;R$ 43.882,50;G32;COMPRADOR FICTICIO 18;Compras Ágeis;Compras Ágeis;CTRV;Operação Sul;09/04/2026;Concluída;USUARIO.FICTICIO;G32 - Mão de Obra;COMPRADOR FICTICIO 18;WS9100000518;Contrato - Concorrência;DADO FICTICIO PARA TESTE DE CONTRATUALIZACAO;Não;Serviços - Contrato <=1M;30;18;12. Concluída;Área Teste;Registro sintético para testar conexão, divergência e ambiguidade.;09/04/2026;2;11/04/2026;2;13/04/2026;2;15/04/2026;2;17/04/2026;2;19/04/2026;2;21/04/2026;2;23/04/2026;1;24/04/2026;1;25/04/2026;2;27/04/2026;Sim;Sim;5%;0%;R$ 46.076,62;R$ 43.882,50;CW90518;4504000518;FORNECEDOR FICTICIO 18 LTDA;590018;12 meses;IPCA;NL8518;;;27/04/2026;03/05/2026;5;0,2;10;0,02;1;0,1;09/04/2026;DENTRO;12;CONCLUÍDO;;;
1300051830;13000518;30;Material;Spot;180519;FERRAMENTA MANUAL TESTE;R$ 43.966,25;A19;COMPRADOR FICTICIO 19;Compras Ágeis;Compras Ágeis;CZAR;Operação Central;10/04/2026;Concluída;USUARIO.FICTICIO;R01 - Projetos Especiais;COMPRADOR FICTICIO 19;WS9100000519;Spot - Concorrência;DADO FICTICIO PARA TESTE DE CONTRATUALIZACAO;Não;Materiais - Spot <=1M;30;18;12. Concluída;Área Teste;Registro sintético para testar conexão, divergência e ambiguidade.;10/04/2026;2;12/04/2026;2;14/04/2026;2;16/04/2026;2;18/04/2026;2;20/04/2026;2;22/04/2026;2;24/04/2026;1;25/04/2026;1;26/04/2026;2;28/04/2026;Não;Sim;5%;0%;R$ 46.164,56;R$ 43.966,25;CW90519;4504000519;FORNECEDOR FICTICIO 19 LTDA;590019;N/A;N/A;NL8519;;;28/04/2026;04/05/2026;5;0,2;10;0,02;1;0,1;10/04/2026;DENTRO;12;CONCLUÍDO;;;
1300052040;13000520;40;Serviço;Contrato;;SERVICO DE CONSULTORIA TESTE;R$ 44.050,00;G41;COMPRADOR FICTICIO 20;Compras Ágeis;Compras Ágeis;CZXR;Operação Norte;11/04/2026;Concluída;USUARIO.FICTICIO;G41 - Mat. Administrativo;COMPRADOR FICTICIO 20;WS9100000520;Contrato - Concorrência;DADO FICTICIO PARA TESTE DE CONTRATUALIZACAO;Não;Serviços - Contrato <=1M;30;18;12. Concluída;Área Teste;Registro sintético para testar conexão, divergência e ambiguidade.;11/04/2026;2;13/04/2026;2;15/04/2026;2;17/04/2026;2;19/04/2026;2;21/04/2026;2;23/04/2026;2;25/04/2026;1;26/04/2026;1;27/04/2026;2;29/04/2026;Sim;Sim;5%;0%;R$ 46.252,50;R$ 44.050,00;CW90520;4504000520;FORNECEDOR FICTICIO 20 LTDA;590020;12 meses;IPCA;NL8520;;;29/04/2026;05/05/2026;5;0,2;10;0,02;1;0,1;11/04/2026;DENTRO;12;CONCLUÍDO;;;
1300052150;13000521;50;Material;Contrato;180521;OLEO LUBRIFICANTE TESTE;R$ 44.133,75;A23;COMPRADOR FICTICIO 01;Compras Ágeis;Compras Ágeis;CZFB;Operação Sul;12/04/2026;Concluída;USUARIO.FICTICIO;S15 - MSA - Manut. Loco;COMPRADOR FICTICIO 01;WS9100000521;Contrato - Concorrência;DADO FICTICIO PARA TESTE DE CONTRATUALIZACAO;Não;Materiais - Contrato <=1M;30;18;12. Concluída;Área Teste;Registro sintético para testar conexão, divergência e ambiguidade.;12/04/2026;2;14/04/2026;2;16/04/2026;2;18/04/2026;2;20/04/2026;2;22/04/2026;2;24/04/2026;2;26/04/2026;1;27/04/2026;1;28/04/2026;2;30/04/2026;Sim;Sim;5%;0%;R$ 46.340,44;R$ 44.133,75;CW90521;4504000521;FORNECEDOR FICTICIO 01 LTDA;590001;12 meses;IPCA;NL8521;;;30/04/2026;06/05/2026;5;0,2;10;0,02;1;0,1;12/04/2026;DENTRO;12;CONCLUÍDO;;;
1300052260;13000522;60;Material;Spot;180522;EPI DE SEGURANCA TESTE;R$ 44.217,50;R01;COMPRADOR FICTICIO 02;Compras Ágeis;Compras Ágeis;CTRD;Operação Central;13/04/2026;Concluída;USUARIO.FICTICIO;R01 - Projetos Especiais;COMPRADOR FICTICIO 02;WS9100000522;Spot - Concorrência;DADO FICTICIO PARA TESTE DE CONTRATUALIZACAO;Não;Materiais - Spot <=1M;30;18;12. Concluída;Área Teste;Registro sintético para testar conexão, divergência e ambiguidade.;13/04/2026;2;15/04/2026;2;17/04/2026;2;19/04/2026;2;21/04/2026;2;23/04/2026;2;25/04/2026;2;27/04/2026;1;28/04/2026;1;29/04/2026;2;01/05/2026;Não;Sim;5%;0%;R$ 46.428,38;R$ 44.217,50;CW90522;4504000522;FORNECEDOR FICTICIO 02 LTDA;590002;N/A;N/A;NL8522;;;01/05/2026;07/05/2026;5;0,2;10;0,02;1;0,1;13/04/2026;DENTRO;12;CONCLUÍDO;;;
1300052370;13000523;70;Material;Contrato;180523;PARAFUSO INDUSTRIAL TESTE;R$ 44.301,25;G08;COMPRADOR FICTICIO 03;Compras Ágeis;Compras Ágeis;CLNC;Operação Norte;14/04/2026;Concluída;USUARIO.FICTICIO;G08 - Ferramentas Gerais;COMPRADOR FICTICIO 03;WS9100000523;Contrato - Concorrência;DADO FICTICIO PARA TESTE DE CONTRATUALIZACAO;Não;Materiais - Contrato <=1M;30;18;12. Concluída;Área Teste;Registro sintético para testar conexão, divergência e ambiguidade.;14/04/2026;2;16/04/2026;2;18/04/2026;2;20/04/2026;2;22/04/2026;2;24/04/2026;2;26/04/2026;2;28/04/2026;1;29/04/2026;1;30/04/2026;2;02/05/2026;Sim;Sim;5%;0%;R$ 46.516,31;R$ 44.301,25;CW90523;4504000523;FORNECEDOR FICTICIO 03 LTDA;590003;12 meses;IPCA;NL8523;;;02/05/2026;08/05/2026;5;0,2;10;0,02;1;0,1;14/04/2026;DENTRO;12;CONCLUÍDO;;;
1300052480;13000524;80;Serviço;Contrato;;SERVICO DE MANUTENCAO TESTE;R$ 44.385,00;A46;COMPRADOR FICTICIO 04;Compras Ágeis;Compras Ágeis;CT16;Operação Sul;15/04/2026;Concluída;USUARIO.FICTICIO;G11 - Lub., Óleo e afins;COMPRADOR FICTICIO 04;WS9100000524;Contrato - Concorrência;DADO FICTICIO PARA TESTE DE CONTRATUALIZACAO;Não;Serviços - Contrato <=1M;30;18;12. Concluída;Área Teste;Registro sintético para testar conexão, divergência e ambiguidade.;15/04/2026;2;17/04/2026;2;19/04/2026;2;21/04/2026;2;23/04/2026;2;25/04/2026;2;27/04/2026;2;29/04/2026;1;30/04/2026;1;01/05/2026;2;03/05/2026;Sim;Sim;5%;0%;R$ 46.604,25;R$ 44.385,00;CW90524;4504000524;FORNECEDOR FICTICIO 04 LTDA;590004;12 meses;IPCA;NL8524;;;03/05/2026;09/05/2026;5;0,2;10;0,02;1;0,1;15/04/2026;DENTRO;12;CONCLUÍDO;;;
1300052590;13000525;90;Material;Spot;180525;FERRAMENTA MANUAL TESTE;R$ 44.468,75;A53;COMPRADOR FICTICIO 05;Compras Ágeis;Compras Ágeis;CTRV;Operação Central;16/04/2026;Concluída;USUARIO.FICTICIO;G12 - Mat. Terminais;COMPRADOR FICTICIO 05;WS9100000525;Spot - Concorrência;DADO FICTICIO PARA TESTE DE CONTRATUALIZACAO;Não;Materiais - Spot <=1M;30;18;12. Concluída;Área Teste;Registro sintético para testar conexão, divergência e ambiguidade.;16/04/2026;2;18/04/2026;2;20/04/2026;2;22/04/2026;2;24/04/2026;2;26/04/2026;2;28/04/2026;2;30/04/2026;1;01/05/2026;1;02/05/2026;2;04/05/2026;Não;Sim;5%;0%;R$ 46.692,19;R$ 44.468,75;CW90525;4504000525;FORNECEDOR FICTICIO 05 LTDA;590005;N/A;N/A;NL8525;;;04/05/2026;10/05/2026;5;0,2;10;0,02;1;0,1;16/04/2026;DENTRO;12;CONCLUÍDO;;;
13000526100;13000526;100;Serviço;Contrato;;SERVICO DE CONSULTORIA TESTE;R$ 44.552,50;G29;COMPRADOR FICTICIO 06;Compras Ágeis;Compras Ágeis;CZAR;Operação Norte;17/04/2026;Concluída;USUARIO.FICTICIO;G29 - EPIs;COMPRADOR FICTICIO 06;WS9100000526;Contrato - Concorrência;DADO FICTICIO PARA TESTE DE CONTRATUALIZACAO;Não;Serviços - Contrato <=1M;30;18;12. Concluída;Área Teste;Registro sintético para testar conexão, divergência e ambiguidade.;17/04/2026;2;19/04/2026;2;21/04/2026;2;23/04/2026;2;25/04/2026;2;27/04/2026;2;29/04/2026;2;01/05/2026;1;02/05/2026;1;03/05/2026;2;05/05/2026;Sim;Sim;5%;0%;R$ 46.780,12;R$ 44.552,50;CW90526;4504000526;FORNECEDOR FICTICIO 06 LTDA;590006;12 meses;IPCA;NL8526;;;05/05/2026;11/05/2026;5;0,2;10;0,02;1;0,1;17/04/2026;DENTRO;12;CONCLUÍDO;;;
13000527110;13000527;110;Material;Contrato;180527;OLEO LUBRIFICANTE TESTE;R$ 44.636,25;A64;COMPRADOR FICTICIO 07;Compras Ágeis;Compras Ágeis;CZXR;Operação Sul;18/04/2026;Concluída;USUARIO.FICTICIO;G32 - Mão de Obra;COMPRADOR FICTICIO 07;WS9100000527;Contrato - Concorrência;DADO FICTICIO PARA TESTE DE CONTRATUALIZACAO;Não;Materiais - Contrato <=1M;30;18;12. Concluída;Área Teste;Registro sintético para testar conexão, divergência e ambiguidade.;18/04/2026;2;20/04/2026;2;22/04/2026;2;24/04/2026;2;26/04/2026;2;28/04/2026;2;30/04/2026;2;02/05/2026;1;03/05/2026;1;04/05/2026;2;06/05/2026;Sim;Sim;5%;0%;R$ 46.868,06;R$ 44.636,25;CW90527;4504000527;FORNECEDOR FICTICIO 07 LTDA;590007;12 meses;IPCA;NL8527;;;06/05/2026;12/05/2026;5;0,2;10;0,02;1;0,1;18/04/2026;DENTRO;12;CONCLUÍDO;;;
13000528120;13000528;120;Material;Spot;180528;EPI DE SEGURANCA TESTE;R$ 44.720,00;A69;COMPRADOR FICTICIO 08;Compras Ágeis;Compras Ágeis;CZFB;Operação Central;19/04/2026;Concluída;USUARIO.FICTICIO;G33 - Serv. de Oficinas;COMPRADOR FICTICIO 08;WS9100000528;Spot - Concorrência;DADO FICTICIO PARA TESTE DE CONTRATUALIZACAO;Não;Materiais - Spot <=1M;30;18;12. Concluída;Área Teste;Registro sintético para testar conexão, divergência e ambiguidade.;19/04/2026;2;21/04/2026;2;23/04/2026;2;25/04/2026;2;27/04/2026;2;29/04/2026;2;01/05/2026;2;03/05/2026;1;04/05/2026;1;05/05/2026;2;07/05/2026;Não;Sim;5%;0%;R$ 46.956,00;R$ 44.720,00;CW90528;4504000528;FORNECEDOR FICTICIO 08 LTDA;590008;N/A;N/A;NL8528;;;07/05/2026;13/05/2026;5;0,2;10;0,02;1;0,1;19/04/2026;DENTRO;12;CONCLUÍDO;;;
1300052910;13000529;10;Material;Contrato;180529;PARAFUSO INDUSTRIAL TESTE;R$ 44.803,75;A16;COMPRADOR FICTICIO 09;Compras Ágeis;Compras Ágeis;CTRD;Operação Norte;20/04/2026;Concluída;USUARIO.FICTICIO;G41 - Mat. Administrativo;COMPRADOR FICTICIO 09;WS9100000529;Contrato - Concorrência;DADO FICTICIO PARA TESTE DE CONTRATUALIZACAO;Não;Materiais - Contrato <=1M;30;18;12. Concluída;Área Teste;Registro sintético para testar conexão, divergência e ambiguidade.;20/04/2026;2;22/04/2026;2;24/04/2026;2;26/04/2026;2;28/04/2026;2;30/04/2026;2;02/05/2026;2;04/05/2026;1;05/05/2026;1;06/05/2026;2;08/05/2026;Sim;Sim;5%;0%;R$ 47.043,94;R$ 44.803,75;CW90529;4504000529;FORNECEDOR FICTICIO 09 LTDA;590009;12 meses;IPCA;NL8529;;;08/05/2026;14/05/2026;5;0,2;10;0,02;1;0,1;20/04/2026;DENTRO;12;CONCLUÍDO;;;
1300053020;13000530;20;Serviço;Contrato;;SERVICO DE MANUTENCAO TESTE;R$ 44.887,50;S15;COMPRADOR FICTICIO 10;Compras Ágeis;Compras Ágeis;CLNC;Operação Sul;21/04/2026;Concluída;USUARIO.FICTICIO;G11 - Lub., Óleo e afins;COMPRADOR FICTICIO 10;WS9100000530;Contrato - Concorrência;DADO FICTICIO PARA TESTE DE CONTRATUALIZACAO;Não;Serviços - Contrato <=1M;30;18;12. Concluída;Área Teste;Registro sintético para testar conexão, divergência e ambiguidade.;21/04/2026;2;23/04/2026;2;25/04/2026;2;27/04/2026;2;29/04/2026;2;01/05/2026;2;03/05/2026;2;05/05/2026;1;06/05/2026;1;07/05/2026;2;09/05/2026;Sim;Sim;5%;0%;R$ 47.131,88;R$ 44.887,50;CW90530;4504000530;FORNECEDOR FICTICIO 10 LTDA;590010;12 meses;IPCA;NL8530;;;09/05/2026;15/05/2026;5;0,2;10;0,02;1;0,1;21/04/2026;DENTRO;12;CONCLUÍDO;;;
1300053130;13000531;30;Material;Spot;180531;FERRAMENTA MANUAL TESTE;R$ 44.971,25;A21;COMPRADOR FICTICIO 11;Compras Ágeis;Compras Ágeis;CT16;Operação Central;22/04/2026;Concluída;USUARIO.FICTICIO;R01 - Projetos Especiais;COMPRADOR FICTICIO 11;WS9100000531;Spot - Concorrência;DADO FICTICIO PARA TESTE DE CONTRATUALIZACAO;Não;Materiais - Spot <=1M;30;18;12. Concluída;Área Teste;Registro sintético para testar conexão, divergência e ambiguidade.;22/04/2026;2;24/04/2026;2;26/04/2026;2;28/04/2026;2;30/04/2026;2;02/05/2026;2;04/05/2026;2;06/05/2026;1;07/05/2026;1;08/05/2026;2;10/05/2026;Não;Sim;5%;0%;R$ 47.219,81;R$ 44.971,25;CW90531;4504000531;FORNECEDOR FICTICIO 11 LTDA;590011;N/A;N/A;NL8531;;;10/05/2026;16/05/2026;5;0,2;10;0,02;1;0,1;22/04/2026;DENTRO;12;CONCLUÍDO;;;
1300053240;13000532;40;Serviço;Contrato;;SERVICO DE CONSULTORIA TESTE;R$ 45.055,00;G08;COMPRADOR FICTICIO 12;Compras Ágeis;Compras Ágeis;CTRV;Operação Norte;23/04/2026;Concluída;USUARIO.FICTICIO;G08 - Ferramentas Gerais;COMPRADOR FICTICIO 12;WS9100000532;Contrato - Concorrência;DADO FICTICIO PARA TESTE DE CONTRATUALIZACAO;Não;Serviços - Contrato <=1M;30;18;12. Concluída;Área Teste;Registro sintético para testar conexão, divergência e ambiguidade.;23/04/2026;2;25/04/2026;2;27/04/2026;2;29/04/2026;2;01/05/2026;2;03/05/2026;2;05/05/2026;2;07/05/2026;1;08/05/2026;1;09/05/2026;2;11/05/2026;Sim;Sim;5%;0%;R$ 47.307,75;R$ 45.055,00;CW90532;4504000532;FORNECEDOR FICTICIO 12 LTDA;590012;12 meses;IPCA;NL8532;;;11/05/2026;17/05/2026;5;0,2;10;0,02;1;0,1;23/04/2026;DENTRO;12;CONCLUÍDO;;;
1300053350;13000533;50;Material;Contrato;180533;OLEO LUBRIFICANTE TESTE;R$ 45.138,75;G11;COMPRADOR FICTICIO 13;Compras Ágeis;Compras Ágeis;CZAR;Operação Sul;24/04/2026;Concluída;USUARIO.FICTICIO;G11 - Lub., Óleo e afins;COMPRADOR FICTICIO 13;WS9100000533;Contrato - Concorrência;DADO FICTICIO PARA TESTE DE CONTRATUALIZACAO;Não;Materiais - Contrato <=1M;30;18;12. Concluída;Área Teste;Registro sintético para testar conexão, divergência e ambiguidade.;24/04/2026;2;26/04/2026;2;28/04/2026;2;30/04/2026;2;02/05/2026;2;04/05/2026;2;06/05/2026;2;08/05/2026;1;09/05/2026;1;10/05/2026;2;12/05/2026;Sim;Sim;5%;0%;R$ 47.395,69;R$ 45.138,75;CW90533;4504000533;FORNECEDOR FICTICIO 13 LTDA;590013;12 meses;IPCA;NL8533;;;12/05/2026;18/05/2026;5;0,2;10;0,02;1;0,1;24/04/2026;DENTRO;12;CONCLUÍDO;;;
1300053460;13000534;60;Material;Spot;180534;EPI DE SEGURANCA TESTE;R$ 45.222,50;A42;COMPRADOR FICTICIO 14;Compras Ágeis;Compras Ágeis;CZXR;Operação Central;25/04/2026;Concluída;USUARIO.FICTICIO;G12 - Mat. Terminais;COMPRADOR FICTICIO 14;WS9100000534;Spot - Concorrência;DADO FICTICIO PARA TESTE DE CONTRATUALIZACAO;Não;Materiais - Spot <=1M;30;18;12. Concluída;Área Teste;Registro sintético para testar conexão, divergência e ambiguidade.;25/04/2026;2;27/04/2026;2;29/04/2026;2;01/05/2026;2;03/05/2026;2;05/05/2026;2;07/05/2026;2;09/05/2026;1;10/05/2026;1;11/05/2026;2;13/05/2026;Não;Sim;5%;0%;R$ 47.483,62;R$ 45.222,50;CW90534;4504000534;FORNECEDOR FICTICIO 14 LTDA;590014;N/A;N/A;NL8534;;;13/05/2026;19/05/2026;5;0,2;10;0,02;1;0,1;25/04/2026;DENTRO;12;CONCLUÍDO;;;
1300053570;13000535;70;Material;Contrato;180535;PARAFUSO INDUSTRIAL TESTE;R$ 45.306,25;G29;COMPRADOR FICTICIO 15;Compras Ágeis;Compras Ágeis;CZFB;Operação Norte;26/04/2026;Concluída;USUARIO.FICTICIO;G29 - EPIs;COMPRADOR FICTICIO 15;WS9100000535;Contrato - Concorrência;DADO FICTICIO PARA TESTE DE CONTRATUALIZACAO;Não;Materiais - Contrato <=1M;30;18;12. Concluída;Área Teste;Registro sintético para testar conexão, divergência e ambiguidade.;26/04/2026;2;28/04/2026;2;30/04/2026;2;02/05/2026;2;04/05/2026;2;06/05/2026;2;08/05/2026;2;10/05/2026;1;11/05/2026;1;12/05/2026;2;14/05/2026;Sim;Sim;5%;0%;R$ 47.571,56;R$ 45.306,25;CW90535;4504000535;FORNECEDOR FICTICIO 15 LTDA;590015;12 meses;IPCA;NL8535;;;14/05/2026;20/05/2026;5;0,2;10;0,02;1;0,1;26/04/2026;DENTRO;12;CONCLUÍDO;;;
1300053680;13000536;80;Serviço;Contrato;;SERVICO DE MANUTENCAO TESTE;R$ 45.390,00;G32;COMPRADOR FICTICIO 16;Compras Ágeis;Compras Ágeis;CTRD;Operação Sul;27/04/2026;Concluída;USUARIO.FICTICIO;G32 - Mão de Obra;COMPRADOR FICTICIO 16;WS9100000536;Contrato - Concorrência;DADO FICTICIO PARA TESTE DE CONTRATUALIZACAO;Não;Serviços - Contrato <=1M;30;18;12. Concluída;Área Teste;Registro sintético para testar conexão, divergência e ambiguidade.;27/04/2026;2;29/04/2026;2;01/05/2026;2;03/05/2026;2;05/05/2026;2;07/05/2026;2;09/05/2026;2;11/05/2026;1;12/05/2026;1;13/05/2026;2;15/05/2026;Sim;Sim;5%;0%;R$ 47.659,50;R$ 45.390,00;CW90536;4504000536;FORNECEDOR FICTICIO 16 LTDA;590016;12 meses;IPCA;NL8536;;;15/05/2026;21/05/2026;5;0,2;10;0,02;1;0,1;27/04/2026;DENTRO;12;CONCLUÍDO;;;
1300053790;13000537;90;Material;Spot;180537;FERRAMENTA MANUAL TESTE;R$ 45.473,75;A62;COMPRADOR FICTICIO 17;Compras Ágeis;Compras Ágeis;CLNC;Operação Central;28/04/2026;Concluída;USUARIO.FICTICIO;G33 - Serv. de Oficinas;COMPRADOR FICTICIO 17;WS9100000537;Spot - Concorrência;DADO FICTICIO PARA TESTE DE CONTRATUALIZACAO;Não;Materiais - Spot <=1M;30;18;12. Concluída;Área Teste;Registro sintético para testar conexão, divergência e ambiguidade.;28/04/2026;2;30/04/2026;2;02/05/2026;2;04/05/2026;2;06/05/2026;2;08/05/2026;2;10/05/2026;2;12/05/2026;1;13/05/2026;1;14/05/2026;2;16/05/2026;Não;Sim;5%;0%;R$ 47.747,44;R$ 45.473,75;CW90537;4504000537;FORNECEDOR FICTICIO 17 LTDA;590017;N/A;N/A;NL8537;;;16/05/2026;22/05/2026;5;0,2;10;0,02;1;0,1;28/04/2026;DENTRO;12;CONCLUÍDO;;;
13000538100;13000538;100;Serviço;Contrato;;SERVICO DE CONSULTORIA TESTE;R$ 45.557,50;G41;COMPRADOR FICTICIO 18;Compras Ágeis;Compras Ágeis;CT16;Operação Norte;29/04/2026;Concluída;USUARIO.FICTICIO;G41 - Mat. Administrativo;COMPRADOR FICTICIO 18;WS9100000538;Contrato - Concorrência;DADO FICTICIO PARA TESTE DE CONTRATUALIZACAO;Não;Serviços - Contrato <=1M;30;18;12. Concluída;Área Teste;Registro sintético para testar conexão, divergência e ambiguidade.;29/04/2026;2;01/05/2026;2;03/05/2026;2;05/05/2026;2;07/05/2026;2;09/05/2026;2;11/05/2026;2;13/05/2026;1;14/05/2026;1;15/05/2026;2;17/05/2026;Sim;Sim;5%;0%;R$ 47.835,38;R$ 45.557,50;CW90538;4504000538;FORNECEDOR FICTICIO 18 LTDA;590018;12 meses;IPCA;NL8538;;;17/05/2026;23/05/2026;5;0,2;10;0,02;1;0,1;29/04/2026;DENTRO;12;CONCLUÍDO;;;
13000539110;13000539;110;Material;Contrato;180539;OLEO LUBRIFICANTE TESTE;R$ 45.641,25;A69;COMPRADOR FICTICIO 19;Compras Ágeis;Compras Ágeis;CTRV;Operação Sul;30/04/2026;Concluída;USUARIO.FICTICIO;S15 - MSA - Manut. Loco;COMPRADOR FICTICIO 19;WS9100000539;Contrato - Concorrência;DADO FICTICIO PARA TESTE DE CONTRATUALIZACAO;Não;Materiais - Contrato <=1M;30;18;12. Concluída;Área Teste;Registro sintético para testar conexão, divergência e ambiguidade.;30/04/2026;2;02/05/2026;2;04/05/2026;2;06/05/2026;2;08/05/2026;2;10/05/2026;2;12/05/2026;2;14/05/2026;1;15/05/2026;1;16/05/2026;2;18/05/2026;Sim;Sim;5%;0%;R$ 47.923,31;R$ 45.641,25;CW90539;4504000539;FORNECEDOR FICTICIO 19 LTDA;590019;12 meses;IPCA;NL8539;;;18/05/2026;24/05/2026;5;0,2;10;0,02;1;0,1;30/04/2026;DENTRO;12;CONCLUÍDO;;;
13000540120;13000540;120;Material;Spot;180540;EPI DE SEGURANCA TESTE;R$ 45.725,00;A16;COMPRADOR FICTICIO 20;Compras Ágeis;Compras Ágeis;CZAR;Operação Central;01/05/2026;Concluída;USUARIO.FICTICIO;R01 - Projetos Especiais;COMPRADOR FICTICIO 20;WS9100000540;Spot - Concorrência;DADO FICTICIO PARA TESTE DE CONTRATUALIZACAO;Não;Materiais - Spot <=1M;30;18;12. Concluída;Área Teste;Registro sintético para testar conexão, divergência e ambiguidade.;01/05/2026;2;03/05/2026;2;05/05/2026;2;07/05/2026;2;09/05/2026;2;11/05/2026;2;13/05/2026;2;15/05/2026;1;16/05/2026;1;17/05/2026;2;19/05/2026;Não;Sim;5%;0%;R$ 48.011,25;R$ 45.725,00;CW90540;4504000540 / 4504900540;FORNECEDOR FICTICIO 20 LTDA;590020;N/A;N/A;NL8540;;;19/05/2026;25/05/2026;5;0,2;10;0,02;1;0,1;01/05/2026;DENTRO;12;CONCLUÍDO;;;
1300054110;13000541;10;Material;Contrato;180541;PARAFUSO INDUSTRIAL TESTE;R$ 45.808,75;G08;COMPRADOR FICTICIO 01;Compras Ágeis;Compras Ágeis;CZXR;Operação Norte;02/05/2026;Concluída;USUARIO.FICTICIO;G08 - Ferramentas Gerais;COMPRADOR FICTICIO 01;WS9100000541;Contrato - Concorrência;DADO FICTICIO PARA TESTE DE CONTRATUALIZACAO;Não;Materiais - Contrato <=1M;30;18;12. Concluída;Área Teste;Registro sintético para testar conexão, divergência e ambiguidade.;02/05/2026;2;04/05/2026;2;06/05/2026;2;08/05/2026;2;10/05/2026;2;12/05/2026;2;14/05/2026;2;16/05/2026;1;17/05/2026;1;18/05/2026;2;20/05/2026;Sim;Sim;5%;0%;R$ 48.099,19;R$ 45.808,75;CW90541;4504000541;FORNECEDOR FICTICIO 01 LTDA;590001;12 meses;IPCA;NL8541;;;20/05/2026;26/05/2026;5;0,2;10;0,02;1;0,1;02/05/2026;DENTRO;12;CONCLUÍDO;;;
1300054220;13000542;20;Serviço;Contrato;;SERVICO DE MANUTENCAO TESTE;R$ 45.892,50;G11;COMPRADOR FICTICIO 02;Compras Ágeis;Compras Ágeis;CZFB;Operação Sul;03/05/2026;Concluída;USUARIO.FICTICIO;G11 - Lub., Óleo e afins;COMPRADOR FICTICIO 02;WS9100000542;Contrato - Concorrência;DADO FICTICIO PARA TESTE DE CONTRATUALIZACAO;Não;Serviços - Contrato <=1M;30;18;12. Concluída;Área Teste;Registro sintético para testar conexão, divergência e ambiguidade.;03/05/2026;2;05/05/2026;2;07/05/2026;2;09/05/2026;2;11/05/2026;2;13/05/2026;2;15/05/2026;2;17/05/2026;1;18/05/2026;1;19/05/2026;2;21/05/2026;Sim;Sim;5%;0%;R$ 48.187,12;R$ 45.892,50;CW90542;4504000542;FORNECEDOR FICTICIO 02 LTDA;590002;12 meses;IPCA;NL8542;;;21/05/2026;27/05/2026;5;0,2;10;0,02;1;0,1;03/05/2026;DENTRO;12;CONCLUÍDO;;;
1300054330;13000543;30;Material;Contrato;180543;FERRAMENTA MANUAL TESTE;R$ 45.976,25;G12;COMPRADOR FICTICIO 03;Compras Ágeis;Compras Ágeis;CTRD;Operação Central;04/05/2026;Concluída;USUARIO.FICTICIO;G12 - Mat. Terminais;COMPRADOR FICTICIO 03;WS9100000543;Contrato - Concorrência;DADO FICTICIO PARA TESTE DE CONTRATUALIZACAO;Não;Materiais - Contrato <=1M;30;18;12. Concluída;Área Teste;Registro sintético para testar conexão, divergência e ambiguidade.;04/05/2026;2;06/05/2026;2;08/05/2026;2;10/05/2026;2;12/05/2026;2;14/05/2026;2;16/05/2026;2;18/05/2026;1;19/05/2026;1;20/05/2026;2;22/05/2026;Sim;Sim;5%;0%;R$ 48.275,06;R$ 45.976,25;CW90543;4504000543;FORNECEDOR FICTICIO 03 LTDA;590003;12 meses;IPCA;NL8543;;;22/05/2026;28/05/2026;5;0,2;10;0,02;1;0,1;04/05/2026;DENTRO;12;CONCLUÍDO;;;
1300054340;13000543;40;Serviço;Contrato;;SERVICO DE CONSULTORIA TESTE;R$ 46.060,00;A33;COMPRADOR FICTICIO 04;Compras Ágeis;Compras Ágeis;CLNC;Operação Norte;05/05/2026;Concluída;USUARIO.FICTICIO;G41 - Mat. Administrativo;COMPRADOR FICTICIO 04;WS9100000544;Contrato - Concorrência;DADO FICTICIO PARA TESTE DE CONTRATUALIZACAO;Não;Serviços - Contrato <=1M;30;18;12. Concluída;Área Teste;Registro sintético para testar conexão, divergência e ambiguidade.;05/05/2026;2;07/05/2026;2;09/05/2026;2;11/05/2026;2;13/05/2026;2;15/05/2026;2;17/05/2026;2;19/05/2026;1;20/05/2026;1;21/05/2026;2;23/05/2026;Sim;Sim;5%;0%;R$ 48.363,00;R$ 46.060,00;CW90544;4504000544;FORNECEDOR FICTICIO 04 LTDA;590004;12 meses;IPCA;NL8544;;;23/05/2026;29/05/2026;5;0,2;10;0,02;1;0,1;05/05/2026;DENTRO;12;CONCLUÍDO;;;
1300054550;13000545;50;Material;Contrato;180545;OLEO LUBRIFICANTE TESTE;R$ 46.143,75;G32;COMPRADOR FICTICIO 05;Compras Ágeis;Compras Ágeis;CT16;Operação Sul;06/05/2026;Concluída;USUARIO.FICTICIO;G32 - Mão de Obra;COMPRADOR FICTICIO 05;WS9100000545;Contrato - Concorrência;DADO FICTICIO PARA TESTE DE CONTRATUALIZACAO;Não;Materiais - Contrato <=1M;30;18;12. Concluída;Área Teste;Registro sintético para testar conexão, divergência e ambiguidade.;06/05/2026;2;08/05/2026;2;10/05/2026;2;12/05/2026;2;14/05/2026;2;16/05/2026;2;18/05/2026;2;20/05/2026;1;21/05/2026;1;22/05/2026;2;24/05/2026;Sim;Sim;5%;0%;R$ 48.450,94;R$ 46.143,75;CW90545;4504000545;FORNECEDOR FICTICIO 05 LTDA;590005;12 meses;IPCA;NL8545;;;24/05/2026;30/05/2026;5;0,2;10;0,02;1;0,1;06/05/2026;DENTRO;12;CONCLUÍDO;;;
1300054660;13000546;60;Material;Spot;180546;EPI DE SEGURANCA TESTE;R$ 46.227,50;G33;COMPRADOR FICTICIO 06;Compras Ágeis;Compras Ágeis;CTRV;Operação Central;07/05/2026;Concluída;USUARIO.FICTICIO;R01 - Projetos Especiais;COMPRADOR FICTICIO 06;WS9100000546;Spot - Concorrência;DADO FICTICIO PARA TESTE DE CONTRATUALIZACAO;Não;Materiais - Spot <=1M;30;18;12. Concluída;Área Teste;Registro sintético para testar conexão, divergência e ambiguidade.;07/05/2026;2;09/05/2026;2;11/05/2026;2;13/05/2026;2;15/05/2026;2;17/05/2026;2;19/05/2026;2;21/05/2026;1;22/05/2026;1;23/05/2026;2;25/05/2026;Não;Sim;5%;0%;R$ 48.538,88;R$ 46.227,50;CW90546;4504000546;FORNECEDOR FICTICIO 06 LTDA;590006;N/A;N/A;NL8546;;;25/05/2026;31/05/2026;5;0,2;10;0,02;1;0,1;07/05/2026;DENTRO;12;CONCLUÍDO;;;
1300054770;13000547;70;Material;Contrato;180547;PARAFUSO INDUSTRIAL TESTE;R$ 46.311,25;G41;COMPRADOR FICTICIO 07;Compras Ágeis;Compras Ágeis;CZAR;Operação Norte;08/05/2026;Concluída;USUARIO.FICTICIO;G41 - Mat. Administrativo;COMPRADOR FICTICIO 07;WS9100000547;Contrato - Concorrência;DADO FICTICIO PARA TESTE DE CONTRATUALIZACAO;Não;Materiais - Contrato <=1M;30;18;12. Concluída;Área Teste;Registro sintético para testar conexão, divergência e ambiguidade.;08/05/2026;2;10/05/2026;2;12/05/2026;2;14/05/2026;2;16/05/2026;2;18/05/2026;2;20/05/2026;2;22/05/2026;1;23/05/2026;1;24/05/2026;2;26/05/2026;Sim;Sim;5%;0%;R$ 48.626,81;R$ 46.311,25;CW90547;4504000547;FORNECEDOR FICTICIO 07 LTDA;590007;12 meses;IPCA;NL8547;;;26/05/2026;01/06/2026;5;0,2;10;0,02;1;0,1;08/05/2026;DENTRO;12;CONCLUÍDO;;;
1300054780;13000547;80;Serviço;Contrato;;SERVICO DE MANUTENCAO TESTE;R$ 46.395,00;A62;COMPRADOR FICTICIO 08;Compras Ágeis;Compras Ágeis;CZXR;Operação Sul;09/05/2026;Concluída;USUARIO.FICTICIO;G11 - Lub., Óleo e afins;COMPRADOR FICTICIO 08;WS9100000548;Contrato - Concorrência;DADO FICTICIO PARA TESTE DE CONTRATUALIZACAO;Não;Serviços - Contrato <=1M;30;18;12. Concluída;Área Teste;Registro sintético para testar conexão, divergência e ambiguidade.;09/05/2026;2;11/05/2026;2;13/05/2026;2;15/05/2026;2;17/05/2026;2;19/05/2026;2;21/05/2026;2;23/05/2026;1;24/05/2026;1;25/05/2026;2;27/05/2026;Sim;Sim;5%;0%;R$ 48.714,75;R$ 46.395,00;CW90548;4504000548;FORNECEDOR FICTICIO 08 LTDA;590008;12 meses;IPCA;NL8548;;;27/05/2026;02/06/2026;5;0,2;10;0,02;1;0,1;09/05/2026;DENTRO;12;CONCLUÍDO;;;
1300054990;13000549;90;Material;Spot;180549;FERRAMENTA MANUAL TESTE;R$ 46.478,75;R01;COMPRADOR FICTICIO 09;Compras Ágeis;Compras Ágeis;CZFB;Operação Central;10/05/2026;Concluída;USUARIO.FICTICIO;R01 - Projetos Especiais;COMPRADOR FICTICIO 09;WS9100000549;Spot - Concorrência;DADO FICTICIO PARA TESTE DE CONTRATUALIZACAO;Não;Materiais - Spot <=1M;30;18;12. Concluída;Área Teste;Registro sintético para testar conexão, divergência e ambiguidade.;10/05/2026;2;12/05/2026;2;14/05/2026;2;16/05/2026;2;18/05/2026;2;20/05/2026;2;22/05/2026;2;24/05/2026;1;25/05/2026;1;26/05/2026;2;28/05/2026;Não;Sim;5%;0%;R$ 48.802,69;R$ 46.478,75;CW90549;4504000549;FORNECEDOR FICTICIO 09 LTDA;590009;N/A;N/A;NL8549;;;28/05/2026;03/06/2026;5;0,2;10;0,02;1;0,1;10/05/2026;DENTRO;12;CONCLUÍDO;;;
13000550100;13000550;100;Serviço;Contrato;;SERVICO DE CONSULTORIA TESTE;R$ 46.562,50;A69;COMPRADOR FICTICIO 10;Compras Ágeis;Compras Ágeis;CTRD;Operação Norte;11/05/2026;Concluída;USUARIO.FICTICIO;G08 - Ferramentas Gerais;COMPRADOR FICTICIO 10;WS9100000550;Contrato - Concorrência;DADO FICTICIO PARA TESTE DE CONTRATUALIZACAO;Não;Serviços - Contrato <=1M;30;18;12. Concluída;Área Teste;Registro sintético para testar conexão, divergência e ambiguidade.;11/05/2026;2;13/05/2026;2;15/05/2026;2;17/05/2026;2;19/05/2026;2;21/05/2026;2;23/05/2026;2;25/05/2026;1;26/05/2026;1;27/05/2026;2;29/05/2026;Sim;Sim;5%;0%;R$ 48.890,62;R$ 46.562,50;CW90550;4504000550 / 4504900550;FORNECEDOR FICTICIO 10 LTDA;590010;12 meses;IPCA;NL8550;;;29/05/2026;04/06/2026;5;0,2;10;0,02;1;0,1;11/05/2026;DENTRO;12;CONCLUÍDO;;;
13000551110;13000551;110;Material;Contrato;180551;OLEO LUBRIFICANTE TESTE;R$ 46.646,25;A16;COMPRADOR FICTICIO 11;Compras Ágeis;Compras Ágeis;CLNC;Operação Sul;12/05/2026;Concluída;USUARIO.FICTICIO;G11 - Lub., Óleo e afins;COMPRADOR FICTICIO 11;WS9100000551;Contrato - Concorrência;DADO FICTICIO PARA TESTE DE CONTRATUALIZACAO;Não;Materiais - Contrato <=1M;30;18;12. Concluída;Área Teste;Registro sintético para testar conexão, divergência e ambiguidade.;12/05/2026;2;14/05/2026;2;16/05/2026;2;18/05/2026;2;20/05/2026;2;22/05/2026;2;24/05/2026;2;26/05/2026;1;27/05/2026;1;28/05/2026;2;30/05/2026;Sim;Sim;5%;0%;R$ 48.978,56;R$ 46.646,25;CW90551;4504000551;FORNECEDOR FICTICIO 11 LTDA;590011;12 meses;IPCA;NL8551;;;30/05/2026;05/06/2026;5;0,2;10;0,02;1;0,1;12/05/2026;DENTRO;12;CONCLUÍDO;;;
13000551120;13000551;120;Material;Spot;180552;EPI DE SEGURANCA TESTE;R$ 46.730,00;A19;COMPRADOR FICTICIO 12;Compras Ágeis;Compras Ágeis;CT16;Operação Central;13/05/2026;Concluída;USUARIO.FICTICIO;G33 - Serv. de Oficinas;COMPRADOR FICTICIO 12;WS9100000552;Spot - Concorrência;DADO FICTICIO PARA TESTE DE CONTRATUALIZACAO;Não;Materiais - Spot <=1M;30;18;12. Concluída;Área Teste;Registro sintético para testar conexão, divergência e ambiguidade.;13/05/2026;2;15/05/2026;2;17/05/2026;2;19/05/2026;2;21/05/2026;2;23/05/2026;2;25/05/2026;2;27/05/2026;1;28/05/2026;1;29/05/2026;2;31/05/2026;Não;Sim;5%;0%;R$ 49.066,50;R$ 46.730,00;CW90552;4504000552;FORNECEDOR FICTICIO 12 LTDA;590012;N/A;N/A;NL8552;;;31/05/2026;06/06/2026;5;0,2;10;0,02;1;0,1;13/05/2026;DENTRO;12;CONCLUÍDO;;;
1300055310;13000553;10;Material;Contrato;180553;PARAFUSO INDUSTRIAL TESTE;R$ 46.813,75;G29;COMPRADOR FICTICIO 13;Compras Ágeis;Compras Ágeis;CTRV;Operação Norte;14/05/2026;Concluída;USUARIO.FICTICIO;G41 - Mat. Administrativo;COMPRADOR FICTICIO 13;WS9100000553;Contrato - Concorrência;DADO FICTICIO PARA TESTE DE CONTRATUALIZACAO;Não;Materiais - Contrato <=1M;30;18;12. Concluída;Área Teste;Registro sintético para testar conexão, divergência e ambiguidade.;14/05/2026;2;16/05/2026;2;18/05/2026;2;20/05/2026;2;22/05/2026;2;24/05/2026;2;26/05/2026;2;28/05/2026;1;29/05/2026;1;30/05/2026;2;01/06/2026;Sim;Sim;5%;0%;R$ 49.154,44;R$ 46.813,75;CW90553;4504000553;FORNECEDOR FICTICIO 13 LTDA;590013;12 meses;IPCA;NL8553;;;01/06/2026;07/06/2026;5;0,2;10;0,02;1;0,1;14/05/2026;DENTRO;12;CONCLUÍDO;;;
1300055420;13000554;20;Serviço;Contrato;;SERVICO DE MANUTENCAO TESTE;R$ 46.897,50;G32;COMPRADOR FICTICIO 14;Compras Ágeis;Compras Ágeis;CZAR;Operação Sul;15/05/2026;Concluída;USUARIO.FICTICIO;S15 - MSA - Manut. Loco;COMPRADOR FICTICIO 14;WS9100000554;Contrato - Concorrência;DADO FICTICIO PARA TESTE DE CONTRATUALIZACAO;Não;Serviços - Contrato <=1M;30;18;12. Concluída;Área Teste;Registro sintético para testar conexão, divergência e ambiguidade.;15/05/2026;2;17/05/2026;2;19/05/2026;2;21/05/2026;2;23/05/2026;2;25/05/2026;2;27/05/2026;2;29/05/2026;1;30/05/2026;1;31/05/2026;2;02/06/2026;Sim;Sim;5%;0%;R$ 49.242,38;R$ 46.897,50;CW90554;4504000554;FORNECEDOR FICTICIO 14 LTDA;590014;12 meses;IPCA;NL8554;;;02/06/2026;08/06/2026;5;0,2;10;0,02;1;0,1;15/05/2026;DENTRO;12;CONCLUÍDO;;;
1300055530;13000555;30;Material;Spot;180555;FERRAMENTA MANUAL TESTE;R$ 46.981,25;A33;COMPRADOR FICTICIO 15;Compras Ágeis;Compras Ágeis;CZXR;Operação Central;16/05/2026;Concluída;USUARIO.FICTICIO;G33 - Serv. de Oficinas;COMPRADOR FICTICIO 15;WS9100000555;Spot - Concorrência;DADO FICTICIO PARA TESTE DE CONTRATUALIZACAO;Não;Materiais - Spot <=1M;30;18;12. Concluída;Área Teste;Registro sintético para testar conexão, divergência e ambiguidade.;16/05/2026;2;18/05/2026;2;20/05/2026;2;22/05/2026;2;24/05/2026;2;26/05/2026;2;28/05/2026;2;30/05/2026;1;31/05/2026;1;01/06/2026;2;03/06/2026;Não;Sim;5%;0%;R$ 49.330,31;R$ 46.981,25;CW90555;4504000555;FORNECEDOR FICTICIO 15 LTDA;590015;N/A;N/A;NL8555;;;03/06/2026;09/06/2026;5;0,2;10;0,02;1;0,1;16/05/2026;DENTRO;12;CONCLUÍDO;;;
1300055640;13000556;40;Serviço;Contrato;;SERVICO DE CONSULTORIA TESTE;R$ 47.065,00;A42;COMPRADOR FICTICIO 16;Compras Ágeis;Compras Ágeis;CZFB;Operação Norte;17/05/2026;Concluída;USUARIO.FICTICIO;G41 - Mat. Administrativo;COMPRADOR FICTICIO 16;WS9100000556;Contrato - Concorrência;DADO FICTICIO PARA TESTE DE CONTRATUALIZACAO;Não;Serviços - Contrato <=1M;30;18;12. Concluída;Área Teste;Registro sintético para testar conexão, divergência e ambiguidade.;17/05/2026;2;19/05/2026;2;21/05/2026;2;23/05/2026;2;25/05/2026;2;27/05/2026;2;29/05/2026;2;31/05/2026;1;01/06/2026;1;02/06/2026;2;04/06/2026;Sim;Sim;5%;0%;R$ 49.418,25;R$ 47.065,00;CW90556;4504000556;FORNECEDOR FICTICIO 16 LTDA;590016;12 meses;IPCA;NL8556;;;04/06/2026;10/06/2026;5;0,2;10;0,02;1;0,1;17/05/2026;DENTRO;12;CONCLUÍDO;;;
1300055750;13000557;50;Material;Contrato;180557;OLEO LUBRIFICANTE TESTE;R$ 47.148,75;S15;COMPRADOR FICTICIO 17;Compras Ágeis;Compras Ágeis;CTRD;Operação Sul;18/05/2026;Concluída;USUARIO.FICTICIO;S15 - MSA - Manut. Loco;COMPRADOR FICTICIO 17;WS9100000557;Contrato - Concorrência;DADO FICTICIO PARA TESTE DE CONTRATUALIZACAO;Não;Materiais - Contrato <=1M;30;18;12. Concluída;Área Teste;Registro sintético para testar conexão, divergência e ambiguidade.;18/05/2026;2;20/05/2026;2;22/05/2026;2;24/05/2026;2;26/05/2026;2;28/05/2026;2;30/05/2026;2;01/06/2026;1;02/06/2026;1;03/06/2026;2;05/06/2026;Sim;Sim;5%;0%;R$ 49.506,19;R$ 47.148,75;CW90557;4504000557;FORNECEDOR FICTICIO 17 LTDA;590017;12 meses;IPCA;NL8557;;;05/06/2026;11/06/2026;5;0,2;10;0,02;1;0,1;18/05/2026;DENTRO;12;CONCLUÍDO;;;
1300055860;13000558;60;Material;Spot;180558;EPI DE SEGURANCA TESTE;R$ 47.232,50;R01;COMPRADOR FICTICIO 18;Compras Ágeis;Compras Ágeis;CLNC;Operação Central;19/05/2026;Concluída;USUARIO.FICTICIO;R01 - Projetos Especiais;COMPRADOR FICTICIO 18;WS9100000558;Spot - Concorrência;DADO FICTICIO PARA TESTE DE CONTRATUALIZACAO;Não;Materiais - Spot <=1M;30;18;12. Concluída;Área Teste;Registro sintético para testar conexão, divergência e ambiguidade.;19/05/2026;2;21/05/2026;2;23/05/2026;2;25/05/2026;2;27/05/2026;2;29/05/2026;2;31/05/2026;2;02/06/2026;1;03/06/2026;1;04/06/2026;2;06/06/2026;Não;Sim;5%;0%;R$ 49.594,12;R$ 47.232,50;CW90558;4504000558;FORNECEDOR FICTICIO 18 LTDA;590018;N/A;N/A;NL8558;;;06/06/2026;12/06/2026;5;0,2;10;0,02;1;0,1;19/05/2026;DENTRO;12;CONCLUÍDO;;;
1300055970;13000559;70;Material;Contrato;180559;PARAFUSO INDUSTRIAL TESTE;R$ 47.316,25;G08;COMPRADOR FICTICIO 19;Compras Ágeis;Compras Ágeis;CT16;Operação Norte;20/05/2026;Concluída;USUARIO.FICTICIO;G08 - Ferramentas Gerais;COMPRADOR FICTICIO 19;WS9100000559;Contrato - Concorrência;DADO FICTICIO PARA TESTE DE CONTRATUALIZACAO;Não;Materiais - Contrato <=1M;30;18;12. Concluída;Área Teste;Registro sintético para testar conexão, divergência e ambiguidade.;20/05/2026;2;22/05/2026;2;24/05/2026;2;26/05/2026;2;28/05/2026;2;30/05/2026;2;01/06/2026;2;03/06/2026;1;04/06/2026;1;05/06/2026;2;07/06/2026;Sim;Sim;5%;0%;R$ 49.682,06;R$ 47.316,25;CW90559;4504000559;FORNECEDOR FICTICIO 19 LTDA;590019;12 meses;IPCA;NL8559;;;07/06/2026;13/06/2026;5;0,2;10;0,02;1;0,1;20/05/2026;DENTRO;12;CONCLUÍDO;;;
1300056080;13000560;80;Serviço;Contrato;;SERVICO DE MANUTENCAO TESTE;R$ 47.400,00;G11;COMPRADOR FICTICIO 20;Compras Ágeis;Compras Ágeis;CTRV;Operação Sul;21/05/2026;Concluída;USUARIO.FICTICIO;G11 - Lub., Óleo e afins;COMPRADOR FICTICIO 20;WS9100000560;Contrato - Concorrência;DADO FICTICIO PARA TESTE DE CONTRATUALIZACAO;Não;Serviços - Contrato <=1M;30;18;12. Concluída;Área Teste;Registro sintético para testar conexão, divergência e ambiguidade.;21/05/2026;2;23/05/2026;2;25/05/2026;2;27/05/2026;2;29/05/2026;2;31/05/2026;2;02/06/2026;2;04/06/2026;1;05/06/2026;1;06/06/2026;2;08/06/2026;Sim;Sim;5%;0%;R$ 49.770,00;R$ 47.400,00;CW90560;4504000560;FORNECEDOR FICTICIO 20 LTDA;590020;12 meses;IPCA;NL8560;;;08/06/2026;14/06/2026;5;0,2;10;0,02;1;0,1;21/05/2026;DENTRO;12;CONCLUÍDO;;;
1300056190;13000561;90;Material;Spot;180561;FERRAMENTA MANUAL TESTE;R$ 47.483,75;G12;COMPRADOR FICTICIO 01;Compras Ágeis;Compras Ágeis;CZAR;Operação Central;22/05/2026;Concluída;USUARIO.FICTICIO;G12 - Mat. Terminais;COMPRADOR FICTICIO 01;WS9100000561;Spot - Concorrência;DADO FICTICIO PARA TESTE DE CONTRATUALIZACAO;Não;Materiais - Spot <=1M;30;18;12. Concluída;Área Teste;Registro sintético para testar conexão, divergência e ambiguidade.;22/05/2026;2;24/05/2026;2;26/05/2026;2;28/05/2026;2;30/05/2026;2;01/06/2026;2;03/06/2026;2;05/06/2026;1;06/06/2026;1;07/06/2026;2;09/06/2026;Não;Sim;5%;0%;R$ 49.857,94;R$ 47.483,75;CW90561;4504000561;FORNECEDOR FICTICIO 01 LTDA;590001;N/A;N/A;NL8561;;;09/06/2026;15/06/2026;5;0,2;10;0,02;1;0,1;22/05/2026;DENTRO;12;CONCLUÍDO;;;
13000562100;13000562;100;Serviço;Contrato;;SERVICO DE CONSULTORIA TESTE;R$ 47.567,50;G29;COMPRADOR FICTICIO 02;Compras Ágeis;Compras Ágeis;CZXR;Operação Norte;23/05/2026;Concluída;USUARIO.FICTICIO;G29 - EPIs;COMPRADOR FICTICIO 02;WS9100000562;Contrato - Concorrência;DADO FICTICIO PARA TESTE DE CONTRATUALIZACAO;Não;Serviços - Contrato <=1M;30;18;12. Concluída;Área Teste;Registro sintético para testar conexão, divergência e ambiguidade.;23/05/2026;2;25/05/2026;2;27/05/2026;2;29/05/2026;2;31/05/2026;2;02/06/2026;2;04/06/2026;2;06/06/2026;1;07/06/2026;1;08/06/2026;2;10/06/2026;Sim;Sim;5%;0%;R$ 49.945,88;R$ 47.567,50;CW90562;4504000562;FORNECEDOR FICTICIO 02 LTDA;590002;12 meses;IPCA;NL8562;;;10/06/2026;16/06/2026;5;0,2;10;0,02;1;0,1;23/05/2026;DENTRO;12;CONCLUÍDO;;;
13000563110;13000563;110;Material;Contrato;180563;OLEO LUBRIFICANTE TESTE;R$ 47.651,25;N/D;COMPRADOR FICTICIO 03;Compras Ágeis;Compras Ágeis;CZFB;Operação Sul;24/05/2026;Concluída;USUARIO.FICTICIO;G32 - Mão de Obra;COMPRADOR FICTICIO 03;WS9100000563;Contrato - Concorrência;DADO FICTICIO PARA TESTE DE CONTRATUALIZACAO;Não;Materiais - Contrato <=1M;30;18;12. Concluída;Área Teste;Registro sintético para testar conexão, divergência e ambiguidade.;24/05/2026;2;26/05/2026;2;28/05/2026;2;30/05/2026;2;01/06/2026;2;03/06/2026;2;05/06/2026;2;07/06/2026;1;08/06/2026;1;09/06/2026;2;11/06/2026;Sim;Sim;5%;0%;R$ 50.033,81;R$ 47.651,25;CW90563;4504000563;FORNECEDOR FICTICIO 03 LTDA;590003;12 meses;IPCA;NL8563;;;11/06/2026;17/06/2026;5;0,2;10;0,02;1;0,1;24/05/2026;DENTRO;12;CONCLUÍDO;;;
13000564120;13000564;120;Material;Spot;180564;EPI DE SEGURANCA TESTE;R$ 47.735,00;A21;COMPRADOR FICTICIO 04;Compras Ágeis;Compras Ágeis;CTRD;Operação Central;25/05/2026;Concluída;USUARIO.FICTICIO;G33 - Serv. de Oficinas;COMPRADOR FICTICIO 04;WS9100000564;Spot - Concorrência;DADO FICTICIO PARA TESTE DE CONTRATUALIZACAO;Não;Materiais - Spot <=1M;30;18;12. Concluída;Área Teste;Registro sintético para testar conexão, divergência e ambiguidade.;25/05/2026;2;27/05/2026;2;29/05/2026;2;31/05/2026;2;02/06/2026;2;04/06/2026;2;06/06/2026;2;08/06/2026;1;09/06/2026;1;10/06/2026;2;12/06/2026;Não;Sim;5%;0%;R$ 50.121,75;R$ 47.735,00;CW90564;4504000564;FORNECEDOR FICTICIO 04 LTDA;590004;N/A;N/A;NL8564;;;12/06/2026;18/06/2026;5;0,2;10;0,02;1;0,1;25/05/2026;DENTRO;12;CONCLUÍDO;;;
1300056510;13000565;10;Material;Contrato;180565;PARAFUSO INDUSTRIAL TESTE;R$ 47.818,75;G41;COMPRADOR FICTICIO 05;Compras Ágeis;Compras Ágeis;CLNC;Operação Norte;26/05/2026;Concluída;USUARIO.FICTICIO;G41 - Mat. Administrativo;COMPRADOR FICTICIO 05;WS9100000565;Contrato - Concorrência;DADO FICTICIO PARA TESTE DE CONTRATUALIZACAO;Não;Materiais - Contrato <=1M;30;18;12. Concluída;Área Teste;Registro sintético para testar conexão, divergência e ambiguidade.;26/05/2026;2;28/05/2026;2;30/05/2026;2;01/06/2026;2;03/06/2026;2;05/06/2026;2;07/06/2026;2;09/06/2026;1;10/06/2026;1;11/06/2026;2;13/06/2026;Sim;Sim;5%;0%;R$ 50.209,69;R$ 47.818,75;CW90565;4504000565;FORNECEDOR FICTICIO 05 LTDA;590005;12 meses;IPCA;NL8565;;;13/06/2026;19/06/2026;5;0,2;10;0,02;1;0,1;26/05/2026;DENTRO;12;CONCLUÍDO;;;
1300056620;13000566;20;Serviço;Contrato;;SERVICO DE MANUTENCAO TESTE;R$ 47.902,50;S15;COMPRADOR FICTICIO 06;Compras Ágeis;Compras Ágeis;CT16;Operação Sul;27/05/2026;Concluída;USUARIO.FICTICIO;G11 - Lub., Óleo e afins;COMPRADOR FICTICIO 06;WS9100000566;Contrato - Concorrência;DADO FICTICIO PARA TESTE DE CONTRATUALIZACAO;Não;Serviços - Contrato <=1M;30;18;12. Concluída;Área Teste;Registro sintético para testar conexão, divergência e ambiguidade.;27/05/2026;2;29/05/2026;2;31/05/2026;2;02/06/2026;2;04/06/2026;2;06/06/2026;2;08/06/2026;2;10/06/2026;1;11/06/2026;1;12/06/2026;2;14/06/2026;Sim;Sim;5%;0%;R$ 50.297,62;R$ 47.902,50;CW90566;4504000566;FORNECEDOR FICTICIO 06 LTDA;590006;12 meses;IPCA;NL8566;;;14/06/2026;20/06/2026;5;0,2;10;0,02;1;0,1;27/05/2026;DENTRO;12;CONCLUÍDO;;;
1300056730;13000567;30;Material;Spot;180567;FERRAMENTA MANUAL TESTE;R$ 47.986,25;R01;COMPRADOR FICTICIO 07;Compras Ágeis;Compras Ágeis;CTRV;Operação Central;28/05/2026;Concluída;USUARIO.FICTICIO;R01 - Projetos Especiais;COMPRADOR FICTICIO 07;WS9100000567;Spot - Concorrência;DADO FICTICIO PARA TESTE DE CONTRATUALIZACAO;Não;Materiais - Spot <=1M;30;18;12. Concluída;Área Teste;Registro sintético para testar conexão, divergência e ambiguidade.;28/05/2026;2;30/05/2026;2;01/06/2026;2;03/06/2026;2;05/06/2026;2;07/06/2026;2;09/06/2026;2;11/06/2026;1;12/06/2026;1;13/06/2026;2;15/06/2026;Não;Sim;5%;0%;R$ 50.385,56;R$ 47.986,25;CW90567;4504000567;FORNECEDOR FICTICIO 07 LTDA;590007;N/A;N/A;NL8567;;;15/06/2026;21/06/2026;5;0,2;10;0,02;1;0,1;28/05/2026;DENTRO;12;CONCLUÍDO;;;
1300056840;13000568;40;Serviço;Contrato;;SERVICO DE CONSULTORIA TESTE;R$ 48.070,00;N/D;COMPRADOR FICTICIO 08;Compras Ágeis;Compras Ágeis;CZAR;Operação Norte;29/05/2026;Concluída;USUARIO.FICTICIO;G08 - Ferramentas Gerais;COMPRADOR FICTICIO 08;WS9100000568;Contrato - Concorrência;DADO FICTICIO PARA TESTE DE CONTRATUALIZACAO;Não;Serviços - Contrato <=1M;30;18;12. Concluída;Área Teste;Registro sintético para testar conexão, divergência e ambiguidade.;29/05/2026;2;31/05/2026;2;02/06/2026;2;04/06/2026;2;06/06/2026;2;08/06/2026;2;10/06/2026;2;12/06/2026;1;13/06/2026;1;14/06/2026;2;16/06/2026;Sim;Sim;5%;0%;R$ 50.473,50;R$ 48.070,00;CW90568;4504000568;FORNECEDOR FICTICIO 08 LTDA;590008;12 meses;IPCA;NL8568;;;16/06/2026;22/06/2026;5;0,2;10;0,02;1;0,1;29/05/2026;DENTRO;12;CONCLUÍDO;;;
1300056950;13000569;50;Material;Contrato;180569;OLEO LUBRIFICANTE TESTE;R$ 48.153,75;A53;COMPRADOR FICTICIO 09;Compras Ágeis;Compras Ágeis;CZXR;Operação Sul;30/05/2026;Concluída;USUARIO.FICTICIO;G11 - Lub., Óleo e afins;COMPRADOR FICTICIO 09;WS9100000569;Contrato - Concorrência;DADO FICTICIO PARA TESTE DE CONTRATUALIZACAO;Não;Materiais - Contrato <=1M;30;18;12. Concluída;Área Teste;Registro sintético para testar conexão, divergência e ambiguidade.;30/05/2026;2;01/06/2026;2;03/06/2026;2;05/06/2026;2;07/06/2026;2;09/06/2026;2;11/06/2026;2;13/06/2026;1;14/06/2026;1;15/06/2026;2;17/06/2026;Sim;Sim;5%;0%;R$ 50.561,44;R$ 48.153,75;CW90569;4504000569 / 4504900569;FORNECEDOR FICTICIO 09 LTDA;590009;12 meses;IPCA;NL8569;;;17/06/2026;23/06/2026;5;0,2;10;0,02;1;0,1;30/05/2026;DENTRO;12;CONCLUÍDO;;;
1300057060;13000570;60;Material;Spot;180570;EPI DE SEGURANCA TESTE;R$ 48.237,50;G12;COMPRADOR FICTICIO 10;Compras Ágeis;Compras Ágeis;CZFB;Operação Central;31/05/2026;Concluída;USUARIO.FICTICIO;G12 - Mat. Terminais;COMPRADOR FICTICIO 10;WS9100000570;Spot - Concorrência;DADO FICTICIO PARA TESTE DE CONTRATUALIZACAO;Não;Materiais - Spot <=1M;30;18;12. Concluída;Área Teste;Registro sintético para testar conexão, divergência e ambiguidade.;31/05/2026;2;02/06/2026;2;04/06/2026;2;06/06/2026;2;08/06/2026;2;10/06/2026;2;12/06/2026;2;14/06/2026;1;15/06/2026;1;16/06/2026;2;18/06/2026;Não;Sim;5%;0%;R$ 50.649,38;R$ 48.237,50;CW90570;4504000570;FORNECEDOR FICTICIO 10 LTDA;590010;N/A;N/A;NL8570;;;18/06/2026;24/06/2026;5;0,2;10;0,02;1;0,1;31/05/2026;DENTRO;12;CONCLUÍDO;;;
1300057170;13000571;70;Material;Contrato;180571;PARAFUSO INDUSTRIAL TESTE;R$ 48.321,25;G29;COMPRADOR FICTICIO 11;Compras Ágeis;Compras Ágeis;CTRD;Operação Norte;01/06/2026;Concluída;USUARIO.FICTICIO;G29 - EPIs;COMPRADOR FICTICIO 11;WS9100000571;Contrato - Concorrência;DADO FICTICIO PARA TESTE DE CONTRATUALIZACAO;Não;Materiais - Contrato <=1M;30;18;12. Concluída;Área Teste;Registro sintético para testar conexão, divergência e ambiguidade.;01/06/2026;2;03/06/2026;2;05/06/2026;2;07/06/2026;2;09/06/2026;2;11/06/2026;2;13/06/2026;2;15/06/2026;1;16/06/2026;1;17/06/2026;2;19/06/2026;Sim;Sim;5%;0%;R$ 50.737,31;R$ 48.321,25;CW90571;4504000571;FORNECEDOR FICTICIO 11 LTDA;590011;12 meses;IPCA;NL8571;;;19/06/2026;25/06/2026;5;0,2;10;0,02;1;0,1;01/06/2026;DENTRO;12;CONCLUÍDO;;;
1300057280;13000572;80;Serviço;Spot;;SERVICO DE MANUTENCAO TESTE;R$ 48.405,00;G32;COMPRADOR FICTICIO 12;Compras Ágeis;Compras Ágeis;CLNC;Operação Sul;02/06/2026;Concluída;USUARIO.FICTICIO;G32 - Mão de Obra;COMPRADOR FICTICIO 12;WS9100000572;Spot - Concorrência;DADO FICTICIO PARA TESTE DE CONTRATUALIZACAO;Não;Serviços - Spot <=1M;30;18;12. Concluída;Área Teste;Registro sintético para testar conexão, divergência e ambiguidade.;02/06/2026;2;04/06/2026;2;06/06/2026;2;08/06/2026;2;10/06/2026;2;12/06/2026;2;14/06/2026;2;16/06/2026;1;17/06/2026;1;18/06/2026;2;20/06/2026;Não;Sim;5%;0%;R$ 50.825,25;R$ 48.405,00;CW90572;4504000572;FORNECEDOR FICTICIO 12 LTDA;590012;N/A;N/A;NL8572;;;20/06/2026;26/06/2026;5;0,2;10;0,02;1;0,1;02/06/2026;DENTRO;12;CONCLUÍDO;;;
1300057390;13000573;90;Material;Spot;180573;FERRAMENTA MANUAL TESTE;R$ 48.488,75;G33;COMPRADOR FICTICIO 13;Compras Ágeis;Compras Ágeis;CT16;Operação Central;03/06/2026;Concluída;USUARIO.FICTICIO;G33 - Serv. de Oficinas;COMPRADOR FICTICIO 13;WS9100000573;Spot - Concorrência;DADO FICTICIO PARA TESTE DE CONTRATUALIZACAO;Não;Materiais - Spot <=1M;30;18;12. Concluída;Área Teste;Registro sintético para testar conexão, divergência e ambiguidade.;03/06/2026;2;05/06/2026;2;07/06/2026;2;09/06/2026;2;11/06/2026;2;13/06/2026;2;15/06/2026;2;17/06/2026;1;18/06/2026;1;19/06/2026;2;21/06/2026;Não;Sim;5%;0%;R$ 50.913,19;R$ 48.488,75;CW90573;4504000573;FORNECEDOR FICTICIO 13 LTDA;590013;N/A;N/A;NL8573;;;21/06/2026;27/06/2026;5;0,2;10;0,02;1;0,1;03/06/2026;DENTRO;12;CONCLUÍDO;;;
13000574100;13000574;100;Serviço;Contrato;;SERVICO DE CONSULTORIA TESTE;R$ 48.572,50;G41;COMPRADOR FICTICIO 14;Compras Ágeis;Compras Ágeis;CTRV;Operação Norte;04/06/2026;Concluída;USUARIO.FICTICIO;G41 - Mat. Administrativo;COMPRADOR FICTICIO 14;WS9100000574;Contrato - Concorrência;DADO FICTICIO PARA TESTE DE CONTRATUALIZACAO;Não;Serviços - Contrato <=1M;30;18;12. Concluída;Área Teste;Registro sintético para testar conexão, divergência e ambiguidade.;04/06/2026;2;06/06/2026;2;08/06/2026;2;10/06/2026;2;12/06/2026;2;14/06/2026;2;16/06/2026;2;18/06/2026;1;19/06/2026;1;20/06/2026;2;22/06/2026;Sim;Sim;5%;0%;R$ 51.001,12;R$ 48.572,50;CW90574;4504000574;FORNECEDOR FICTICIO 14 LTDA;590014;12 meses;IPCA;NL8574;;;22/06/2026;28/06/2026;5;0,2;10;0,02;1;0,1;04/06/2026;DENTRO;12;CONCLUÍDO;;;
13000575110;13000575;110;Material;Contrato;180575;OLEO LUBRIFICANTE TESTE;R$ 48.656,25;S15;COMPRADOR FICTICIO 15;Compras Ágeis;Compras Ágeis;CZAR;Operação Sul;05/06/2026;Concluída;USUARIO.FICTICIO;S15 - MSA - Manut. Loco;COMPRADOR FICTICIO 15;WS9100000575;Contrato - Concorrência;DADO FICTICIO PARA TESTE DE CONTRATUALIZACAO;Não;Materiais - Contrato <=1M;30;18;12. Concluída;Área Teste;Registro sintético para testar conexão, divergência e ambiguidade.;05/06/2026;2;07/06/2026;2;09/06/2026;2;11/06/2026;2;13/06/2026;2;15/06/2026;2;17/06/2026;2;19/06/2026;1;20/06/2026;1;21/06/2026;2;23/06/2026;Sim;Sim;5%;0%;R$ 51.089,06;R$ 48.656,25;CW90575;4504000575;FORNECEDOR FICTICIO 15 LTDA;590015;12 meses;IPCA;NL8575;;;23/06/2026;29/06/2026;5;0,2;10;0,02;1;0,1;05/06/2026;DENTRO;12;CONCLUÍDO;;;
13000576120;13000576;120;Material;Spot;180576;EPI DE SEGURANCA TESTE;R$ 48.740,00;R01;COMPRADOR FICTICIO 16;Compras Ágeis;Compras Ágeis;CZXR;Operação Central;06/06/2026;Concluída;USUARIO.FICTICIO;R01 - Projetos Especiais;COMPRADOR FICTICIO 16;WS9100000576;Spot - Concorrência;DADO FICTICIO PARA TESTE DE CONTRATUALIZACAO;Não;Materiais - Spot <=1M;30;18;12. Concluída;Área Teste;Registro sintético para testar conexão, divergência e ambiguidade.;06/06/2026;2;08/06/2026;2;10/06/2026;2;12/06/2026;2;14/06/2026;2;16/06/2026;2;18/06/2026;2;20/06/2026;1;21/06/2026;1;22/06/2026;2;24/06/2026;Não;Sim;5%;0%;R$ 51.177,00;R$ 48.740,00;CW90576;4504000576;FORNECEDOR FICTICIO 16 LTDA;590016;N/A;N/A;NL8576;;;24/06/2026;30/06/2026;5;0,2;10;0,02;1;0,1;06/06/2026;DENTRO;12;CONCLUÍDO;;;
1300057710;13000577;10;Material;Contrato;180577;PARAFUSO INDUSTRIAL TESTE;R$ 48.823,75;A33;COMPRADOR FICTICIO 17;Compras Ágeis;Compras Ágeis;CZFB;Operação Norte;07/06/2026;Concluída;USUARIO.FICTICIO;G08 - Ferramentas Gerais;COMPRADOR FICTICIO 17;WS9100000577;Contrato - Concorrência;DADO FICTICIO PARA TESTE DE CONTRATUALIZACAO;Não;Materiais - Contrato <=1M;30;18;12. Concluída;Área Teste;Registro sintético para testar conexão, divergência e ambiguidade.;07/06/2026;2;09/06/2026;2;11/06/2026;2;13/06/2026;2;15/06/2026;2;17/06/2026;2;19/06/2026;2;21/06/2026;1;22/06/2026;1;23/06/2026;2;25/06/2026;Sim;Sim;5%;0%;R$ 51.264,94;R$ 48.823,75;CW90577;4504000577;FORNECEDOR FICTICIO 17 LTDA;590017;12 meses;IPCA;NL8577;;;25/06/2026;01/07/2026;5;0,2;10;0,02;1;0,1;07/06/2026;DENTRO;12;CONCLUÍDO;;;
1300057820;13000578;20;Serviço;Contrato;;SERVICO DE MANUTENCAO TESTE;R$ 48.907,50;N/D;COMPRADOR FICTICIO 18;Compras Ágeis;Compras Ágeis;CTRD;Operação Sul;08/06/2026;Concluída;USUARIO.FICTICIO;G11 - Lub., Óleo e afins;COMPRADOR FICTICIO 18;WS9100000578;Contrato - Concorrência;DADO FICTICIO PARA TESTE DE CONTRATUALIZACAO;Não;Serviços - Contrato <=1M;30;18;12. Concluída;Área Teste;Registro sintético para testar conexão, divergência e ambiguidade.;08/06/2026;2;10/06/2026;2;12/06/2026;2;14/06/2026;2;16/06/2026;2;18/06/2026;2;20/06/2026;2;22/06/2026;1;23/06/2026;1;24/06/2026;2;26/06/2026;Sim;Sim;5%;0%;R$ 51.352,88;R$ 48.907,50;CW90578;4504000578;FORNECEDOR FICTICIO 18 LTDA;590018;12 meses;IPCA;NL8578;;;26/06/2026;02/07/2026;5;0,2;10;0,02;1;0,1;08/06/2026;DENTRO;12;CONCLUÍDO;;;
1300057930;13000579;30;Material;Contrato;180579;FERRAMENTA MANUAL TESTE;R$ 48.991,25;G12;COMPRADOR FICTICIO 19;Compras Ágeis;Compras Ágeis;CLNC;Operação Central;09/06/2026;Concluída;USUARIO.FICTICIO;G12 - Mat. Terminais;COMPRADOR FICTICIO 19;WS9100000579;Contrato - Concorrência;DADO FICTICIO PARA TESTE DE CONTRATUALIZACAO;Não;Materiais - Contrato <=1M;30;18;12. Concluída;Área Teste;Registro sintético para testar conexão, divergência e ambiguidade.;09/06/2026;2;11/06/2026;2;13/06/2026;2;15/06/2026;2;17/06/2026;2;19/06/2026;2;21/06/2026;2;23/06/2026;1;24/06/2026;1;25/06/2026;2;27/06/2026;Sim;Sim;5%;0%;R$ 51.440,81;R$ 48.991,25;CW90579;4504000579;FORNECEDOR FICTICIO 19 LTDA;590019;12 meses;IPCA;NL8579;;;27/06/2026;03/07/2026;5;0,2;10;0,02;1;0,1;09/06/2026;DENTRO;12;CONCLUÍDO;;;
1300058040;13000580;40;Serviço;Contrato;;SERVICO DE CONSULTORIA TESTE;R$ 49.075,00;A53;COMPRADOR FICTICIO 20;Compras Ágeis;Compras Ágeis;CT16;Operação Norte;10/06/2026;Concluída;USUARIO.FICTICIO;G29 - EPIs;COMPRADOR FICTICIO 20;WS9100000580;Contrato - Concorrência;DADO FICTICIO PARA TESTE DE CONTRATUALIZACAO;Não;Serviços - Contrato <=1M;30;18;12. Concluída;Área Teste;Registro sintético para testar conexão, divergência e ambiguidade.;10/06/2026;2;12/06/2026;2;14/06/2026;2;16/06/2026;2;18/06/2026;2;20/06/2026;2;22/06/2026;2;24/06/2026;1;25/06/2026;1;26/06/2026;2;28/06/2026;Sim;Sim;5%;0%;R$ 51.528,75;R$ 49.075,00;CW90580;4504000580;FORNECEDOR FICTICIO 20 LTDA;590020;12 meses;IPCA;NL8580;;;28/06/2026;04/07/2026;5;0,2;10;0,02;1;0,1;10/06/2026;DENTRO;12;CONCLUÍDO;;;
1300058150;13000581;50;Material;Contrato;180581;OLEO LUBRIFICANTE TESTE;R$ 49.158,75;G32;COMPRADOR FICTICIO 01;Compras Ágeis;Compras Ágeis;CTRV;Operação Sul;11/06/2026;Concluída;USUARIO.FICTICIO;G32 - Mão de Obra;COMPRADOR FICTICIO 01;WS9100000581;Contrato - Concorrência;DADO FICTICIO PARA TESTE DE CONTRATUALIZACAO;Não;Materiais - Contrato <=1M;30;18;12. Concluída;Área Teste;Registro sintético para testar conexão, divergência e ambiguidade.;11/06/2026;2;13/06/2026;2;15/06/2026;2;17/06/2026;2;19/06/2026;2;21/06/2026;2;23/06/2026;2;25/06/2026;1;26/06/2026;1;27/06/2026;2;29/06/2026;Sim;Sim;5%;0%;R$ 51.616,69;R$ 49.158,75;CW90581;4504000581;FORNECEDOR FICTICIO 01 LTDA;590001;12 meses;IPCA;NL8581;;;29/06/2026;05/07/2026;5;0,2;10;0,02;1;0,1;11/06/2026;DENTRO;12;CONCLUÍDO;;;
1300058260;13000582;60;Material;Contrato;180582;EPI DE SEGURANCA TESTE;R$ 49.242,50;G33;COMPRADOR FICTICIO 02;Compras Ágeis;Compras Ágeis;CZAR;Operação Central;12/06/2026;Concluída;USUARIO.FICTICIO;G33 - Serv. de Oficinas;COMPRADOR FICTICIO 02;WS9100000582;Contrato - Concorrência;DADO FICTICIO PARA TESTE DE CONTRATUALIZACAO;Não;Materiais - Contrato <=1M;30;18;12. Concluída;Área Teste;Registro sintético para testar conexão, divergência e ambiguidade.;12/06/2026;2;14/06/2026;2;16/06/2026;2;18/06/2026;2;20/06/2026;2;22/06/2026;2;24/06/2026;2;26/06/2026;1;27/06/2026;1;28/06/2026;2;30/06/2026;Sim;Sim;5%;0%;R$ 51.704,62;R$ 49.242,50;CW90582;4504000582;FORNECEDOR FICTICIO 02 LTDA;590002;12 meses;IPCA;NL8582;;;30/06/2026;06/07/2026;5;0,2;10;0,02;1;0,1;12/06/2026;DENTRO;12;CONCLUÍDO;;;
1300058370;13000583;70;Material;Contrato;180583;PARAFUSO INDUSTRIAL TESTE;R$ 49.326,25;G41;COMPRADOR FICTICIO 03;Compras Ágeis;Compras Ágeis;CZXR;Operação Norte;13/06/2026;Concluída;USUARIO.FICTICIO;G41 - Mat. Administrativo;COMPRADOR FICTICIO 03;WS9100000583;Contrato - Concorrência;DADO FICTICIO PARA TESTE DE CONTRATUALIZACAO;Não;Materiais - Contrato <=1M;30;18;12. Concluída;Área Teste;Registro sintético para testar conexão, divergência e ambiguidade.;13/06/2026;2;15/06/2026;2;17/06/2026;2;19/06/2026;2;21/06/2026;2;23/06/2026;2;25/06/2026;2;27/06/2026;1;28/06/2026;1;29/06/2026;2;01/07/2026;Sim;Sim;5%;0%;R$ 51.792,56;R$ 49.326,25;CW90583;4504000583;FORNECEDOR FICTICIO 03 LTDA;590003;12 meses;IPCA;NL8583;;;01/07/2026;07/07/2026;5;0,2;10;0,02;1;0,1;13/06/2026;DENTRO;12;CONCLUÍDO;;;
1300058480;13000584;80;Serviço;Contrato;;SERVICO DE MANUTENCAO TESTE;R$ 49.410,00;A16;COMPRADOR FICTICIO 04;Compras Ágeis;Compras Ágeis;CZFB;Operação Sul;14/06/2026;Concluída;USUARIO.FICTICIO;S15 - MSA - Manut. Loco;COMPRADOR FICTICIO 04;WS9100000584;Contrato - Concorrência;DADO FICTICIO PARA TESTE DE CONTRATUALIZACAO;Não;Serviços - Contrato <=1M;30;18;12. Concluída;Área Teste;Registro sintético para testar conexão, divergência e ambiguidade.;14/06/2026;2;16/06/2026;2;18/06/2026;2;20/06/2026;2;22/06/2026;2;24/06/2026;2;26/06/2026;2;28/06/2026;1;29/06/2026;1;30/06/2026;2;02/07/2026;Sim;Sim;5%;0%;R$ 51.880,50;R$ 49.410,00;CW90584;4504000584;FORNECEDOR FICTICIO 04 LTDA;590004;12 meses;IPCA;NL8584;;;02/07/2026;08/07/2026;5;0,2;10;0,02;1;0,1;14/06/2026;DENTRO;12;CONCLUÍDO;;;
1300058590;13000585;90;Material;Contrato;180585;FERRAMENTA MANUAL TESTE;R$ 49.493,75;R01;COMPRADOR FICTICIO 05;Compras Ágeis;Compras Ágeis;CTRD;Operação Central;15/06/2026;Concluída;USUARIO.FICTICIO;R01 - Projetos Especiais;COMPRADOR FICTICIO 05;WS9100000585;Contrato - Concorrência;DADO FICTICIO PARA TESTE DE CONTRATUALIZACAO;Não;Materiais - Contrato <=1M;30;18;12. Concluída;Área Teste;Registro sintético para testar conexão, divergência e ambiguidade.;15/06/2026;2;17/06/2026;2;19/06/2026;2;21/06/2026;2;23/06/2026;2;25/06/2026;2;27/06/2026;2;29/06/2026;1;30/06/2026;1;01/07/2026;2;03/07/2026;Sim;Sim;5%;0%;R$ 51.968,44;R$ 49.493,75;CW90585;4504000585;FORNECEDOR FICTICIO 05 LTDA;590005;12 meses;IPCA;NL8585;;;03/07/2026;09/07/2026;5;0,2;10;0,02;1;0,1;15/06/2026;DENTRO;12;CONCLUÍDO;;;
13000586100;13000586;100;Serviço;Contrato;;SERVICO DE CONSULTORIA TESTE;R$ 49.577,50;G08;COMPRADOR FICTICIO 06;Compras Ágeis;Compras Ágeis;CLNC;Operação Norte;16/06/2026;Concluída;USUARIO.FICTICIO;G08 - Ferramentas Gerais;COMPRADOR FICTICIO 06;WS9100000586;Contrato - Concorrência;DADO FICTICIO PARA TESTE DE CONTRATUALIZACAO;Não;Serviços - Contrato <=1M;30;18;12. Concluída;Área Teste;Registro sintético para testar conexão, divergência e ambiguidade.;16/06/2026;2;18/06/2026;2;20/06/2026;2;22/06/2026;2;24/06/2026;2;26/06/2026;2;28/06/2026;2;30/06/2026;1;01/07/2026;1;02/07/2026;2;04/07/2026;Sim;Sim;5%;0%;R$ 52.056,38;R$ 49.577,50;CW90586;4504000586;FORNECEDOR FICTICIO 06 LTDA;590006;12 meses;IPCA;NL8586;;;04/07/2026;10/07/2026;5;0,2;10;0,02;1;0,1;16/06/2026;DENTRO;12;CONCLUÍDO;;;
13000587110;13000587;110;Material;Contrato;180587;OLEO LUBRIFICANTE TESTE;R$ 49.661,25;N/D;COMPRADOR FICTICIO 07;Compras Ágeis;Compras Ágeis;CT16;Operação Sul;17/06/2026;Concluída;USUARIO.FICTICIO;G11 - Lub., Óleo e afins;COMPRADOR FICTICIO 07;WS9100000587;Contrato - Concorrência;DADO FICTICIO PARA TESTE DE CONTRATUALIZACAO;Não;Materiais - Contrato <=1M;30;18;12. Concluída;Área Teste;Registro sintético para testar conexão, divergência e ambiguidade.;17/06/2026;2;19/06/2026;2;21/06/2026;2;23/06/2026;2;25/06/2026;2;27/06/2026;2;29/06/2026;2;01/07/2026;1;02/07/2026;1;03/07/2026;2;05/07/2026;Sim;Sim;5%;0%;R$ 52.144,31;R$ 49.661,25;CW90587;4504000587;FORNECEDOR FICTICIO 07 LTDA;590007;12 meses;IPCA;NL8587;;;05/07/2026;11/07/2026;5;0,2;10;0,02;1;0,1;17/06/2026;DENTRO;12;CONCLUÍDO;;;
13000587120;13000587;120;Material;Spot;180588;EPI DE SEGURANCA TESTE;R$ 49.745,00;A33;COMPRADOR FICTICIO 08;Compras Ágeis;Compras Ágeis;CTRV;Operação Central;18/06/2026;Concluída;USUARIO.FICTICIO;G33 - Serv. de Oficinas;COMPRADOR FICTICIO 08;WS9100000588;Spot - Concorrência;DADO FICTICIO PARA TESTE DE CONTRATUALIZACAO;Não;Materiais - Spot <=1M;30;18;12. Concluída;Área Teste;Registro sintético para testar conexão, divergência e ambiguidade.;18/06/2026;2;20/06/2026;2;22/06/2026;2;24/06/2026;2;26/06/2026;2;28/06/2026;2;30/06/2026;2;02/07/2026;1;03/07/2026;1;04/07/2026;2;06/07/2026;Não;Sim;5%;0%;R$ 52.232,25;R$ 49.745,00;CW90588;4504000588;FORNECEDOR FICTICIO 08 LTDA;590008;N/A;N/A;NL8588;;;06/07/2026;12/07/2026;5;0,2;10;0,02;1;0,1;18/06/2026;DENTRO;12;CONCLUÍDO;;;
1300058910;13000589;10;Material;Contrato;180589;PARAFUSO INDUSTRIAL TESTE;R$ 49.828,75;G29;COMPRADOR FICTICIO 09;Compras Ágeis;Compras Ágeis;CZAR;Operação Norte;19/06/2026;Concluída;USUARIO.FICTICIO;G29 - EPIs;COMPRADOR FICTICIO 09;WS9100000589;Contrato - Concorrência;DADO FICTICIO PARA TESTE DE CONTRATUALIZACAO;Não;Materiais - Contrato <=1M;30;18;12. Concluída;Área Teste;Registro sintético para testar conexão, divergência e ambiguidade.;19/06/2026;2;21/06/2026;2;23/06/2026;2;25/06/2026;2;27/06/2026;2;29/06/2026;2;01/07/2026;2;03/07/2026;1;04/07/2026;1;05/07/2026;2;07/07/2026;Sim;Sim;5%;0%;R$ 52.320,19;R$ 49.828,75;CW90589;4504000589;FORNECEDOR FICTICIO 09 LTDA;590009;12 meses;IPCA;NL8589;;;07/07/2026;13/07/2026;5;0,2;10;0,02;1;0,1;19/06/2026;DENTRO;12;CONCLUÍDO;;;
1300059020;13000590;20;Serviço;Contrato;;SERVICO DE MANUTENCAO TESTE;R$ 49.912,50;G32;COMPRADOR FICTICIO 10;Compras Ágeis;Compras Ágeis;CZXR;Operação Sul;20/06/2026;Concluída;USUARIO.FICTICIO;G32 - Mão de Obra;COMPRADOR FICTICIO 10;WS9100000590;Contrato - Concorrência;DADO FICTICIO PARA TESTE DE CONTRATUALIZACAO;Não;Serviços - Contrato <=1M;30;18;12. Concluída;Área Teste;Registro sintético para testar conexão, divergência e ambiguidade.;20/06/2026;2;22/06/2026;2;24/06/2026;2;26/06/2026;2;28/06/2026;2;30/06/2026;2;02/07/2026;2;04/07/2026;1;05/07/2026;1;06/07/2026;2;08/07/2026;Sim;Sim;5%;0%;R$ 52.408,12;R$ 49.912,50;CW90590;4504000590;FORNECEDOR FICTICIO 10 LTDA;590010;12 meses;IPCA;NL8590;;;08/07/2026;14/07/2026;5;0,2;10;0,02;1;0,1;20/06/2026;DENTRO;12;CONCLUÍDO;;;
1300059130;13000591;30;Material;Spot;180591;FERRAMENTA MANUAL TESTE;R$ 49.996,25;G33;COMPRADOR FICTICIO 11;Compras Ágeis;Compras Ágeis;CZFB;Operação Central;21/06/2026;Concluída;USUARIO.FICTICIO;R01 - Projetos Especiais;COMPRADOR FICTICIO 11;WS9100000591;Spot - Concorrência;DADO FICTICIO PARA TESTE DE CONTRATUALIZACAO;Não;Materiais - Spot <=1M;30;18;12. Concluída;Área Teste;Registro sintético para testar conexão, divergência e ambiguidade.;21/06/2026;2;23/06/2026;2;25/06/2026;2;27/06/2026;2;29/06/2026;2;01/07/2026;2;03/07/2026;2;05/07/2026;1;06/07/2026;1;07/07/2026;2;09/07/2026;Não;Sim;5%;0%;R$ 52.496,06;R$ 49.996,25;CW90591;4504000591;FORNECEDOR FICTICIO 11 LTDA;590011;N/A;N/A;NL8591;;;09/07/2026;15/07/2026;5;0,2;10;0,02;1;0,1;21/06/2026;DENTRO;12;CONCLUÍDO;;;
1300059240;13000592;40;Serviço;Contrato;;SERVICO DE CONSULTORIA TESTE;R$ 50.080,00;G41;COMPRADOR FICTICIO 12;Compras Ágeis;Compras Ágeis;CTRD;Operação Norte;22/06/2026;Concluída;USUARIO.FICTICIO;G41 - Mat. Administrativo;COMPRADOR FICTICIO 12;WS9100000592;Contrato - Concorrência;DADO FICTICIO PARA TESTE DE CONTRATUALIZACAO;Não;Serviços - Contrato <=1M;30;18;12. Concluída;Área Teste;Registro sintético para testar conexão, divergência e ambiguidade.;22/06/2026;2;24/06/2026;2;26/06/2026;2;28/06/2026;2;30/06/2026;2;02/07/2026;2;04/07/2026;2;06/07/2026;1;07/07/2026;1;08/07/2026;2;10/07/2026;Sim;Sim;5%;0%;R$ 52.584,00;R$ 50.080,00;CW90592;4504000592;FORNECEDOR FICTICIO 12 LTDA;590012;12 meses;IPCA;NL8592;;;10/07/2026;16/07/2026;5;0,2;10;0,02;1;0,1;22/06/2026;DENTRO;12;CONCLUÍDO;;;
1300059350;13000593;50;Material;Contrato;180593;OLEO LUBRIFICANTE TESTE;R$ 50.163,75;A64;COMPRADOR FICTICIO 13;Compras Ágeis;Compras Ágeis;CLNC;Operação Sul;23/06/2026;Concluída;USUARIO.FICTICIO;S15 - MSA - Manut. Loco;COMPRADOR FICTICIO 13;WS9100000593;Contrato - Concorrência;DADO FICTICIO PARA TESTE DE CONTRATUALIZACAO;Não;Materiais - Contrato <=1M;30;18;12. Concluída;Área Teste;Registro sintético para testar conexão, divergência e ambiguidade.;23/06/2026;2;25/06/2026;2;27/06/2026;2;29/06/2026;2;01/07/2026;2;03/07/2026;2;05/07/2026;2;07/07/2026;1;08/07/2026;1;09/07/2026;2;11/07/2026;Sim;Sim;5%;0%;R$ 52.671,94;R$ 50.163,75;CW90593;4504000593;FORNECEDOR FICTICIO 13 LTDA;590013;12 meses;IPCA;NL8593;;;11/07/2026;17/07/2026;5;0,2;10;0,02;1;0,1;23/06/2026;DENTRO;12;CONCLUÍDO;;;
1300059460;13000594;60;Material;Spot;180594;EPI DE SEGURANCA TESTE;R$ 50.247,50;A69;COMPRADOR FICTICIO 14;Compras Ágeis;Compras Ágeis;CT16;Operação Central;24/06/2026;Concluída;USUARIO.FICTICIO;R01 - Projetos Especiais;COMPRADOR FICTICIO 14;WS9100000594;Spot - Concorrência;DADO FICTICIO PARA TESTE DE CONTRATUALIZACAO;Não;Materiais - Spot <=1M;30;18;12. Concluída;Área Teste;Registro sintético para testar conexão, divergência e ambiguidade.;24/06/2026;2;26/06/2026;2;28/06/2026;2;30/06/2026;2;02/07/2026;2;04/07/2026;2;06/07/2026;2;08/07/2026;1;09/07/2026;1;10/07/2026;2;12/07/2026;Não;Sim;5%;0%;R$ 52.759,88;R$ 50.247,50;CW90594;4504000594;FORNECEDOR FICTICIO 14 LTDA;590014;N/A;N/A;NL8594;;;12/07/2026;18/07/2026;5;0,2;10;0,02;1;0,1;24/06/2026;DENTRO;12;CONCLUÍDO;;;
1300059570;13000595;70;Material;Contrato;180595;PARAFUSO INDUSTRIAL TESTE;R$ 50.331,25;G08;COMPRADOR FICTICIO 15;Compras Ágeis;Compras Ágeis;CTRV;Operação Norte;25/06/2026;Concluída;USUARIO.FICTICIO;G08 - Ferramentas Gerais;COMPRADOR FICTICIO 15;WS9100000595;Contrato - Concorrência;DADO FICTICIO PARA TESTE DE CONTRATUALIZACAO;Não;Materiais - Contrato <=1M;30;18;12. Concluída;Área Teste;Registro sintético para testar conexão, divergência e ambiguidade.;25/06/2026;2;27/06/2026;2;29/06/2026;2;01/07/2026;2;03/07/2026;2;05/07/2026;2;07/07/2026;2;09/07/2026;1;10/07/2026;1;11/07/2026;2;13/07/2026;Sim;Sim;5%;0%;R$ 52.847,81;R$ 50.331,25;CW90595;4504000595;FORNECEDOR FICTICIO 15 LTDA;590015;12 meses;IPCA;NL8595;;;13/07/2026;19/07/2026;5;0,2;10;0,02;1;0,1;25/06/2026;DENTRO;12;CONCLUÍDO;;;
1300059680;13000596;80;Serviço;Contrato;;SERVICO DE MANUTENCAO TESTE;R$ 50.415,00;G11;COMPRADOR FICTICIO 16;Compras Ágeis;Compras Ágeis;CZAR;Operação Sul;26/06/2026;Concluída;USUARIO.FICTICIO;G11 - Lub., Óleo e afins;COMPRADOR FICTICIO 16;WS9100000596;Contrato - Concorrência;DADO FICTICIO PARA TESTE DE CONTRATUALIZACAO;Não;Serviços - Contrato <=1M;30;18;12. Concluída;Área Teste;Registro sintético para testar conexão, divergência e ambiguidade.;26/06/2026;2;28/06/2026;2;30/06/2026;2;02/07/2026;2;04/07/2026;2;06/07/2026;2;08/07/2026;2;10/07/2026;1;11/07/2026;1;12/07/2026;2;14/07/2026;Sim;Sim;5%;0%;R$ 52.935,75;R$ 50.415,00;CW90596;4504000596;FORNECEDOR FICTICIO 16 LTDA;590016;12 meses;IPCA;NL8596;;;14/07/2026;20/07/2026;5;0,2;10;0,02;1;0,1;26/06/2026;DENTRO;12;CONCLUÍDO;;;
1300059790;13000597;90;Material;Spot;180597;FERRAMENTA MANUAL TESTE;R$ 50.498,75;G12;COMPRADOR FICTICIO 17;Compras Ágeis;Compras Ágeis;CZXR;Operação Central;27/06/2026;Concluída;USUARIO.FICTICIO;G12 - Mat. Terminais;COMPRADOR FICTICIO 17;WS9100000597;Spot - Concorrência;DADO FICTICIO PARA TESTE DE CONTRATUALIZACAO;Não;Materiais - Spot <=1M;30;18;12. Concluída;Área Teste;Registro sintético para testar conexão, divergência e ambiguidade.;27/06/2026;2;29/06/2026;2;01/07/2026;2;03/07/2026;2;05/07/2026;2;07/07/2026;2;09/07/2026;2;11/07/2026;1;12/07/2026;1;13/07/2026;2;15/07/2026;Não;Sim;5%;0%;R$ 53.023,69;R$ 50.498,75;CW90597;4504000597;FORNECEDOR FICTICIO 17 LTDA;590017;N/A;N/A;NL8597;;;15/07/2026;21/07/2026;5;0,2;10;0,02;1;0,1;27/06/2026;DENTRO;12;CONCLUÍDO;;;
13000598100;13000598;100;Serviço;Contrato;;SERVICO DE CONSULTORIA TESTE;R$ 50.582,50;G29;COMPRADOR FICTICIO 18;Compras Ágeis;Compras Ágeis;CZFB;Operação Norte;28/06/2026;Concluída;USUARIO.FICTICIO;G29 - EPIs;COMPRADOR FICTICIO 18;WS9100000598;Contrato - Concorrência;DADO FICTICIO PARA TESTE DE CONTRATUALIZACAO;Não;Serviços - Contrato <=1M;30;18;12. Concluída;Área Teste;Registro sintético para testar conexão, divergência e ambiguidade.;28/06/2026;2;30/06/2026;2;02/07/2026;2;04/07/2026;2;06/07/2026;2;08/07/2026;2;10/07/2026;2;12/07/2026;1;13/07/2026;1;14/07/2026;2;16/07/2026;Sim;Sim;5%;0%;R$ 53.111,62;R$ 50.582,50;CW90598;4504000598;FORNECEDOR FICTICIO 18 LTDA;590018;12 meses;IPCA;NL8598;;;16/07/2026;22/07/2026;5;0,2;10;0,02;1;0,1;28/06/2026;DENTRO;12;CONCLUÍDO;;;
13000599110;13000599;110;Material;Contrato;180599;OLEO LUBRIFICANTE TESTE;R$ 50.666,25;A33;COMPRADOR FICTICIO 19;Compras Ágeis;Compras Ágeis;CTRD;Operação Sul;29/06/2026;Concluída;USUARIO.FICTICIO;G32 - Mão de Obra;COMPRADOR FICTICIO 19;WS9100000599;Contrato - Concorrência;DADO FICTICIO PARA TESTE DE CONTRATUALIZACAO;Não;Materiais - Contrato <=1M;30;18;12. Concluída;Área Teste;Registro sintético para testar conexão, divergência e ambiguidade.;29/06/2026;2;01/07/2026;2;03/07/2026;2;05/07/2026;2;07/07/2026;2;09/07/2026;2;11/07/2026;2;13/07/2026;1;14/07/2026;1;15/07/2026;2;17/07/2026;Sim;Sim;5%;0%;R$ 53.199,56;R$ 50.666,25;CW90599;4504000599;FORNECEDOR FICTICIO 19 LTDA;590019;12 meses;IPCA;NL8599;;;17/07/2026;23/07/2026;5;0,2;10;0,02;1;0,1;29/06/2026;DENTRO;12;CONCLUÍDO;;;
13000600120;13000600;120;Material;Spot;180600;EPI DE SEGURANCA TESTE;R$ 50.750,00;G33;COMPRADOR FICTICIO 20;Compras Ágeis;Compras Ágeis;CLNC;Operação Central;30/06/2026;Concluída;USUARIO.FICTICIO;G33 - Serv. de Oficinas;COMPRADOR FICTICIO 20;WS9100000600;Spot - Concorrência;DADO FICTICIO PARA TESTE DE CONTRATUALIZACAO;Não;Materiais - Spot <=1M;30;18;12. Concluída;Área Teste;Registro sintético para testar conexão, divergência e ambiguidade.;30/06/2026;2;02/07/2026;2;04/07/2026;2;06/07/2026;2;08/07/2026;2;10/07/2026;2;12/07/2026;2;14/07/2026;1;15/07/2026;1;16/07/2026;2;18/07/2026;Não;Sim;5%;0%;R$ 53.287,50;R$ 50.750,00;CW90600;4504000600;FORNECEDOR FICTICIO 20 LTDA;590020;N/A;N/A;NL8600;;;18/07/2026;24/07/2026;5;0,2;10;0,02;1;0,1;30/06/2026;DENTRO;12;CONCLUÍDO;;;
